county,a10_t95_threshold,a11_t95_avg,a12_t5_threshold,a13_t5_avg,a14_wind_95_threshold,a15_wind_avg_extreme,a1_sea_level_rise_trend,a2_maximum_of_maximum,a3_max_water_above_mhhw,a4_annual_high_tide_flood_days,a5_100yr_flood_data,a6_coastal_erosion_rate,a7_vertical_land_motion,a8_post_wildfire_debris_flow,a9_max_precipitation,b_10_presence_of_power_plants,b_11_presence_of_aerodromes,b_12_presence_of_principal_port,b_1_land_percentage,b_2_population_density,b_3_road_density,b_4_residential_area_ra,b_5_agriculture_area_aa,b_6_natural_veg_naa,b_7_wetlands_area_wa,b_8_water_bodies_wba,b_9_prj_lecz,c_10_pct_wa_in_lecz,c_1_population_below_5,c_2_population_above_65,c_3_road_density_in_lecz,c_4_power_plants_in_lecz,c_5_aerodromes_in_lecz,c_6_emergency_shelters_in_lecz,c_7_pct_ra_in_lecz,c_8_pct_aa_in_lecz,c_9_pct_nva_in_lecz,d_1_higher_education_percentage,d_2_median_family_income_rasters,d_3_emergency_shelters,d_4_open_area,d_5_economically_active_population,d_6_pct_wba_in_lecz,d_7_pct_oa_in_lecz
"Alameda, CA",a10_t95_threshold/CA/Alameda_t95_threshold.tif,a11_t95_avg/CA/Alameda_t95_avg.tif,a12_t5_threshold/CA/Alameda_t5_threshold.tif,a13_t5_avg/CA/Alameda_t5_avg.tif,a14_wind_95_threshold/CA/Alameda_w95_threshold_daily.tif,a15_wind_avg_extreme/CA/Alameda_w95_avg_daily.tif,a1_sea_level_rise_trend/CA/Alameda_slr_trend_lecz.tif,a2_maximum_of_maximum/CA/Alameda_cat2_mom.tif,a3_max_water_above_mhhw/CA/Alameda_max_water_lecz.tif,a4_annual_high_tide_flood_days/CA/Alameda_flood_days_lecz.tif,a5_100yr_flood_data/CA/Alameda_flood.tif,a6_coastal_erosion_rate/CA/Alameda_erosion_rate_lecz.tif,a7_vertical_land_motion/calibration_fix/Alameda_vlm_fixed.tif,a8_post_wildfire_debris_flow/Alameda_debris_flow_risk.tif,a9_max_precipitation/CA/Alameda_rx1day_2000_2024.tif,b_10_presence_of_power_plants/Alameda_power_plant_proximity.tif,b_11_presence_of_aerodromes/Alameda_aerodrome_proximity.tif,b_12_presence_of_principal_port/Alameda_principal_port_proximity.tif,b_1_land_percentage/Alameda_CA_b_1.tif,b_2_population_density/Alameda_CA_population_density.tif,b_3_road_density/Alameda_road_density.tif,b_4_residential_area_ra/Alameda_CA_b_4_residential_area_ra.tif,b_5_agriculture_area_aa/Alameda_CA_b_5_agriculture_area_aa.tif,b_6_natural_veg_naa/Alameda_CA_b_6_natural_veg_naa.tif,b_7_wetlands_area_wa/Alameda_CA_b_7_wetlands_area_wa.tif,b_8_water_bodies_wba/Alameda_CA_b_8_water_bodies_wba.tif,b_9_prj_lecz/CA/Alameda_pct_lecz.tif,c_10_pct_wa_in_lecz/Alameda_CA_c_10_pct_wa_in_lecz.tif,c_1_population_below_5/Alameda_CA_c1_pct_under_5.tif,c_2_population_above_65/Alameda_CA_c2_pct_over_65.tif,c_3_road_density_in_lecz/Alameda_road_density_in_lecz.tif,c_4_power_plants_in_lecz/Alameda_power_plants_in_lecz.tif,c_5_aerodromes_in_lecz/Alameda_aerodromes_in_lecz.tif,c_6_emergency_shelters_in_lecz/Alameda_emergency_shelters_in_lecz.tif,c_7_pct_ra_in_lecz/Alameda_CA_c_7_pct_ra_in_lecz.tif,c_8_pct_aa_in_lecz/Alameda_CA_c_8_pct_aa_in_lecz.tif,c_9_pct_nva_in_lecz/Alameda_CA_c_9_pct_nva_in_lecz.tif,d_1_higher_education_percentage/Alameda_CA_d1_higher_ed_pct.tif,d_2_median_family_income_rasters/Alameda_CA_d2_median_income.tif,d_3_emergency_shelters/Alameda_emergency_shelter_proximity.tif,d_4_open_area/Alameda_CA_d_4_open_area.tif,d_5_economically_active_population/Alameda_CA_d5_labor_force_participation.tif,d_6_pct_wba_in_lecz/Alameda_CA_d_6_pct_wba_in_lecz.tif,d_7_pct_oa_in_lecz/Alameda_CA_d_7_pct_oa_in_lecz.tif
"Benton, OR",a10_t95_threshold/OR/Benton_t95_threshold.tif,a11_t95_avg/OR/Benton_t95_avg.tif,a12_t5_threshold/OR/Benton_t5_threshold.tif,a13_t5_avg/OR/Benton_t5_avg.tif,a14_wind_95_threshold/OR/Benton_w95_threshold_daily.tif,a15_wind_avg_extreme/OR/Benton_w95_avg_daily.tif,a1_sea_level_rise_trend/OR/Benton_slr_trend_lecz.tif,a2_maximum_of_maximum/OR/Benton_cat2_mom.tif,a3_max_water_above_mhhw/OR/Benton_max_water_lecz.tif,a4_annual_high_tide_flood_days/OR/Benton_flood_days_lecz.tif,a5_100yr_flood_data/OR/Benton_flood.tif,a6_coastal_erosion_rate/OR/Benton_erosion_rate_lecz.tif,a7_vertical_land_motion/OR/Benton_vlm.tif,a8_post_wildfire_debris_flow/Benton_debris_flow_risk.tif,a9_max_precipitation/OR/Benton_rx1day_2000_2024.tif,b_10_presence_of_power_plants/Benton_power_plant_proximity.tif,b_11_presence_of_aerodromes/Benton_aerodrome_proximity.tif,b_12_presence_of_principal_port/Benton_principal_port_proximity.tif,b_1_land_percentage/Benton_OR_b_1.tif,b_2_population_density/Benton_OR_population_density.tif,b_3_road_density/Benton_road_density.tif,b_4_residential_area_ra/Benton_OR_b_4_residential_area_ra.tif,b_5_agriculture_area_aa/Benton_OR_b_5_agriculture_area_aa.tif,b_6_natural_veg_naa/Benton_OR_b_6_natural_veg_naa.tif,b_7_wetlands_area_wa/Benton_OR_b_7_wetlands_area_wa.tif,b_8_water_bodies_wba/Benton_OR_b_8_water_bodies_wba.tif,b_9_prj_lecz/OR/Benton_pct_lecz.tif,,c_1_population_below_5/Benton_OR_c1_pct_under_5.tif,c_2_population_above_65/Benton_OR_c2_pct_over_65.tif,c_3_road_density_in_lecz/Benton_road_density_in_lecz.tif,c_4_power_plants_in_lecz/Benton_power_plants_in_lecz.tif,c_5_aerodromes_in_lecz/Benton_aerodromes_in_lecz.tif,c_6_emergency_shelters_in_lecz/Benton_emergency_shelters_in_lecz.tif,,,,d_1_higher_education_percentage/Benton_OR_d1_higher_ed_pct.tif,d_2_median_family_income_rasters/Benton_OR_d2_median_income.tif,d_3_emergency_shelters/Benton_emergency_shelter_proximity.tif,d_4_open_area/Benton_OR_d_4_open_area.tif,d_5_economically_active_population/Benton_OR_d5_labor_force_participation.tif,,
"Clackamas, OR",a10_t95_threshold/OR/Clackamas_t95_threshold.tif,a11_t95_avg/OR/Clackamas_t95_avg.tif,a12_t5_threshold/OR/Clackamas_t5_threshold.tif,a13_t5_avg/OR/Clackamas_t5_avg.tif,a14_wind_95_threshold/OR/Clackamas_w95_threshold_daily.tif,a15_wind_avg_extreme/OR/Clackamas_w95_avg_daily.tif,a1_sea_level_rise_trend/OR/Clackamas_slr_trend_lecz.tif,a2_maximum_of_maximum/OR/Clackamas_cat2_mom.tif,a3_max_water_above_mhhw/OR/Clackamas_max_water_lecz.tif,a4_annual_high_tide_flood_days/OR/Clackamas_flood_days_lecz.tif,a5_100yr_flood_data/OR/Clackamas_flood.tif,a6_coastal_erosion_rate/OR/Clackamas_erosion_rate_lecz.tif,a7_vertical_land_motion/OR/Clackamas_vlm.tif,a8_post_wildfire_debris_flow/Clackamas_debris_flow_risk.tif,a9_max_precipitation/OR/Clackamas_rx1day_2000_2024.tif,b_10_presence_of_power_plants/Clackamas_power_plant_proximity.tif,b_11_presence_of_aerodromes/Clackamas_aerodrome_proximity.tif,b_12_presence_of_principal_port/Clackamas_principal_port_proximity.tif,b_1_land_percentage/Clackamas_OR_b_1.tif,b_2_population_density/Clackamas_OR_population_density.tif,b_3_road_density/Clackamas_road_density.tif,b_4_residential_area_ra/Clackamas_OR_b_4_residential_area_ra.tif,b_5_agriculture_area_aa/Clackamas_OR_b_5_agriculture_area_aa.tif,b_6_natural_veg_naa/Clackamas_OR_b_6_natural_veg_naa.tif,b_7_wetlands_area_wa/Clackamas_OR_b_7_wetlands_area_wa.tif,b_8_water_bodies_wba/Clackamas_OR_b_8_water_bodies_wba.tif,b_9_prj_lecz/OR/Clackamas_pct_lecz.tif,c_10_pct_wa_in_lecz/Clackamas_OR_c_10_pct_wa_in_lecz.tif,c_1_population_below_5/Clackamas_OR_c1_pct_under_5.tif,c_2_population_above_65/Clackamas_OR_c2_pct_over_65.tif,c_3_road_density_in_lecz/Clackamas_road_density_in_lecz.tif,c_4_power_plants_in_lecz/Clackamas_power_plants_in_lecz.tif,c_5_aerodromes_in_lecz/Clackamas_aerodromes_in_lecz.tif,c_6_emergency_shelters_in_lecz/Clackamas_emergency_shelters_in_lecz.tif,c_7_pct_ra_in_lecz/Clackamas_OR_c_7_pct_ra_in_lecz.tif,c_8_pct_aa_in_lecz/Clackamas_OR_c_8_pct_aa_in_lecz.tif,c_9_pct_nva_in_lecz/Clackamas_OR_c_9_pct_nva_in_lecz.tif,d_1_higher_education_percentage/Clackamas_OR_d1_higher_ed_pct.tif,d_2_median_family_income_rasters/Clackamas_OR_d2_median_income.tif,d_3_emergency_shelters/Clackamas_emergency_shelter_proximity.tif,d_4_open_area/Clackamas_OR_d_4_open_area.tif,d_5_economically_active_population/Clackamas_OR_d5_labor_force_participation.tif,d_6_pct_wba_in_lecz/Clackamas_OR_d_6_pct_wba_in_lecz.tif,d_7_pct_oa_in_lecz/Clackamas_OR_d_7_pct_oa_in_lecz.tif
"Clallam, WA",a10_t95_threshold/WA/Clallam_t95_threshold.tif,a11_t95_avg/WA/Clallam_t95_avg.tif,a12_t5_threshold/WA/Clallam_t5_threshold.tif,a13_t5_avg/WA/Clallam_t5_avg.tif,a14_wind_95_threshold/WA/Clallam_w95_threshold_daily.tif,a15_wind_avg_extreme/WA/Clallam_w95_avg_daily.tif,a1_sea_level_rise_trend/WA/Clallam_slr_trend_lecz.tif,a2_maximum_of_maximum/WA/Clallam_cat2_mom.tif,a3_max_water_above_mhhw/WA/Clallam_max_water_lecz.tif,a4_annual_high_tide_flood_days/WA/Clallam_flood_days_lecz.tif,a5_100yr_flood_data/WA/Clallam_flood.tif,a6_coastal_erosion_rate/WA/Clallam_erosion_rate_lecz.tif,a7_vertical_land_motion/WA/Clallam_vlm.tif,a8_post_wildfire_debris_flow/Clallam_debris_flow_risk.tif,a9_max_precipitation/WA/Clallam_rx1day_2000_2024.tif,b_10_presence_of_power_plants/Clallam_power_plant_proximity.tif,b_11_presence_of_aerodromes/Clallam_aerodrome_proximity.tif,b_12_presence_of_principal_port/Clallam_principal_port_proximity.tif,b_1_land_percentage/Clallam_WA_b_1.tif,b_2_population_density/Clallam_WA_population_density.tif,b_3_road_density/Clallam_road_density.tif,b_4_residential_area_ra/Clallam_WA_b_4_residential_area_ra.tif,b_5_agriculture_area_aa/Clallam_WA_b_5_agriculture_area_aa.tif,b_6_natural_veg_naa/Clallam_WA_b_6_natural_veg_naa.tif,b_7_wetlands_area_wa/Clallam_WA_b_7_wetlands_area_wa.tif,b_8_water_bodies_wba/Clallam_WA_b_8_water_bodies_wba.tif,b_9_prj_lecz/WA/Clallam_pct_lecz.tif,c_10_pct_wa_in_lecz/Clallam_WA_c_10_pct_wa_in_lecz.tif,c_1_population_below_5/Clallam_WA_c1_pct_under_5.tif,c_2_population_above_65/Clallam_WA_c2_pct_over_65.tif,c_3_road_density_in_lecz/Clallam_road_density_in_lecz.tif,c_4_power_plants_in_lecz/Clallam_power_plants_in_lecz.tif,c_5_aerodromes_in_lecz/Clallam_aerodromes_in_lecz.tif,c_6_emergency_shelters_in_lecz/Clallam_emergency_shelters_in_lecz.tif,c_7_pct_ra_in_lecz/Clallam_WA_c_7_pct_ra_in_lecz.tif,c_8_pct_aa_in_lecz/Clallam_WA_c_8_pct_aa_in_lecz.tif,c_9_pct_nva_in_lecz/Clallam_WA_c_9_pct_nva_in_lecz.tif,d_1_higher_education_percentage/Clallam_WA_d1_higher_ed_pct.tif,d_2_median_family_income_rasters/Clallam_WA_d2_median_income.tif,d_3_emergency_shelters/Clallam_emergency_shelter_proximity.tif,d_4_open_area/Clallam_WA_d_4_open_area.tif,d_5_economically_active_population/Clallam_WA_d5_labor_force_participation.tif,d_6_pct_wba_in_lecz/Clallam_WA_d_6_pct_wba_in_lecz.tif,d_7_pct_oa_in_lecz/Clallam_WA_d_7_pct_oa_in_lecz.tif
"Clark, WA",a10_t95_threshold/WA/Clark_t95_threshold.tif,a11_t95_avg/WA/Clark_t95_avg.tif,a12_t5_threshold/WA/Clark_t5_threshold.tif,a13_t5_avg/WA/Clark_t5_avg.tif,a14_wind_95_threshold/WA/Clark_w95_threshold_daily.tif,a15_wind_avg_extreme/WA/Clark_w95_avg_daily.tif,a1_sea_level_rise_trend/WA/Clark_slr_trend_lecz.tif,a2_maximum_of_maximum/WA/Clark_cat2_mom.tif,a3_max_water_above_mhhw/WA/Clark_max_water_lecz.tif,a4_annual_high_tide_flood_days/WA/Clark_flood_days_lecz.tif,a5_100yr_flood_data/WA/Clark_flood.tif,a6_coastal_erosion_rate/WA/Clark_erosion_rate_lecz.tif,a7_vertical_land_motion/WA/Clark_vlm.tif,a8_post_wildfire_debris_flow/Clark_debris_flow_risk.tif,a9_max_precipitation/WA/Clark_rx1day_2000_2024.tif,b_10_presence_of_power_plants/Clark_power_plant_proximity.tif,b_11_presence_of_aerodromes/Clark_aerodrome_proximity.tif,b_12_presence_of_principal_port/Clark_principal_port_proximity.tif,b_1_land_percentage/Clark_WA_b_1.tif,b_2_population_density/Clark_WA_population_density.tif,b_3_road_density/Clark_road_density.tif,b_4_residential_area_ra/Clark_WA_b_4_residential_area_ra.tif,b_5_agriculture_area_aa/Clark_WA_b_5_agriculture_area_aa.tif,b_6_natural_veg_naa/Clark_WA_b_6_natural_veg_naa.tif,b_7_wetlands_area_wa/Clark_WA_b_7_wetlands_area_wa.tif,b_8_water_bodies_wba/Clark_WA_b_8_water_bodies_wba.tif,b_9_prj_lecz/WA/Clark_pct_lecz.tif,c_10_pct_wa_in_lecz/Clark_WA_c_10_pct_wa_in_lecz.tif,c_1_population_below_5/Clark_WA_c1_pct_under_5.tif,c_2_population_above_65/Clark_WA_c2_pct_over_65.tif,c_3_road_density_in_lecz/Clark_road_density_in_lecz.tif,c_4_power_plants_in_lecz/Clark_power_plants_in_lecz.tif,c_5_aerodromes_in_lecz/Clark_aerodromes_in_lecz.tif,c_6_emergency_shelters_in_lecz/Clark_emergency_shelters_in_lecz.tif,c_7_pct_ra_in_lecz/Clark_WA_c_7_pct_ra_in_lecz.tif,c_8_pct_aa_in_lecz/Clark_WA_c_8_pct_aa_in_lecz.tif,c_9_pct_nva_in_lecz/Clark_WA_c_9_pct_nva_in_lecz.tif,d_1_higher_education_percentage/Clark_WA_d1_higher_ed_pct.tif,d_2_median_family_income_rasters/Clark_WA_d2_median_income.tif,d_3_emergency_shelters/Clark_emergency_shelter_proximity.tif,d_4_open_area/Clark_WA_d_4_open_area.tif,d_5_economically_active_population/Clark_WA_d5_labor_force_participation.tif,d_6_pct_wba_in_lecz/Clark_WA_d_6_pct_wba_in_lecz.tif,d_7_pct_oa_in_lecz/Clark_WA_d_7_pct_oa_in_lecz.tif
"Clatsop, OR",a10_t95_threshold/OR/Clatsop_t95_threshold.tif,a11_t95_avg/OR/Clatsop_t95_avg.tif,a12_t5_threshold/OR/Clatsop_t5_threshold.tif,a13_t5_avg/OR/Clatsop_t5_avg.tif,a14_wind_95_threshold/OR/Clatsop_w95_threshold_daily.tif,a15_wind_avg_extreme/OR/Clatsop_w95_avg_daily.tif,a1_sea_level_rise_trend/OR/Clatsop_slr_trend_lecz.tif,a2_maximum_of_maximum/OR/Clatsop_cat2_mom.tif,a3_max_water_above_mhhw/OR/Clatsop_max_water_lecz.tif,a4_annual_high_tide_flood_days/OR/Clatsop_flood_days_lecz.tif,a5_100yr_flood_data/OR/Clatsop_flood.tif,a6_coastal_erosion_rate/OR/Clatsop_erosion_rate_lecz.tif,a7_vertical_land_motion/OR/Clatsop_vlm.tif,a8_post_wildfire_debris_flow/Clatsop_debris_flow_risk.tif,a9_max_precipitation/OR/Clatsop_rx1day_2000_2024.tif,b_10_presence_of_power_plants/Clatsop_power_plant_proximity.tif,b_11_presence_of_aerodromes/Clatsop_aerodrome_proximity.tif,b_12_presence_of_principal_port/Clatsop_principal_port_proximity.tif,b_1_land_percentage/Clatsop_OR_b_1.tif,b_2_population_density/Clatsop_OR_population_density.tif,b_3_road_density/Clatsop_road_density.tif,b_4_residential_area_ra/Clatsop_OR_b_4_residential_area_ra.tif,b_5_agriculture_area_aa/Clatsop_OR_b_5_agriculture_area_aa.tif,b_6_natural_veg_naa/Clatsop_OR_b_6_natural_veg_naa.tif,b_7_wetlands_area_wa/Clatsop_OR_b_7_wetlands_area_wa.tif,b_8_water_bodies_wba/Clatsop_OR_b_8_water_bodies_wba.tif,b_9_prj_lecz/OR/Clatsop_pct_lecz.tif,c_10_pct_wa_in_lecz/Clatsop_OR_c_10_pct_wa_in_lecz.tif,c_1_population_below_5/Clatsop_OR_c1_pct_under_5.tif,c_2_population_above_65/Clatsop_OR_c2_pct_over_65.tif,c_3_road_density_in_lecz/Clatsop_road_density_in_lecz.tif,c_4_power_plants_in_lecz/Clatsop_power_plants_in_lecz.tif,c_5_aerodromes_in_lecz/Clatsop_aerodromes_in_lecz.tif,c_6_emergency_shelters_in_lecz/Clatsop_emergency_shelters_in_lecz.tif,c_7_pct_ra_in_lecz/Clatsop_OR_c_7_pct_ra_in_lecz.tif,c_8_pct_aa_in_lecz/Clatsop_OR_c_8_pct_aa_in_lecz.tif,c_9_pct_nva_in_lecz/Clatsop_OR_c_9_pct_nva_in_lecz.tif,d_1_higher_education_percentage/Clatsop_OR_d1_higher_ed_pct.tif,d_2_median_family_income_rasters/Clatsop_OR_d2_median_income.tif,d_3_emergency_shelters/Clatsop_emergency_shelter_proximity.tif,d_4_open_area/Clatsop_OR_d_4_open_area.tif,d_5_economically_active_population/Clatsop_OR_d5_labor_force_participation.tif,d_6_pct_wba_in_lecz/Clatsop_OR_d_6_pct_wba_in_lecz.tif,d_7_pct_oa_in_lecz/Clatsop_OR_d_7_pct_oa_in_lecz.tif
"Columbia, OR",a10_t95_threshold/OR/Columbia_t95_threshold.tif,a11_t95_avg/OR/Columbia_t95_avg.tif,a12_t5_threshold/OR/Columbia_t5_threshold.tif,a13_t5_avg/OR/Columbia_t5_avg.tif,a14_wind_95_threshold/OR/Columbia_w95_threshold_daily.tif,a15_wind_avg_extreme/OR/Columbia_w95_avg_daily.tif,a1_sea_level_rise_trend/OR/Columbia_slr_trend_lecz.tif,a2_maximum_of_maximum/OR/Columbia_cat2_mom.tif,a3_max_water_above_mhhw/OR/Columbia_max_water_lecz.tif,a4_annual_high_tide_flood_days/OR/Columbia_flood_days_lecz.tif,a5_100yr_flood_data/OR/Columbia_flood.tif,a6_coastal_erosion_rate/OR/Columbia_erosion_rate_lecz.tif,a7_vertical_land_motion/OR/Columbia_vlm.tif,a8_post_wildfire_debris_flow/Columbia_debris_flow_risk.tif,a9_max_precipitation/OR/Columbia_rx1day_2000_2024.tif,b_10_presence_of_power_plants/Columbia_power_plant_proximity.tif,b_11_presence_of_aerodromes/Columbia_aerodrome_proximity.tif,b_12_presence_of_principal_port/Columbia_principal_port_proximity.tif,b_1_land_percentage/Columbia_OR_b_1.tif,b_2_population_density/Columbia_OR_population_density.tif,b_3_road_density/Columbia_road_density.tif,b_4_residential_area_ra/Columbia_OR_b_4_residential_area_ra.tif,b_5_agriculture_area_aa/Columbia_OR_b_5_agriculture_area_aa.tif,b_6_natural_veg_naa/Columbia_OR_b_6_natural_veg_naa.tif,b_7_wetlands_area_wa/Columbia_OR_b_7_wetlands_area_wa.tif,b_8_water_bodies_wba/Columbia_OR_b_8_water_bodies_wba.tif,b_9_prj_lecz/OR/Columbia_pct_lecz.tif,c_10_pct_wa_in_lecz/Columbia_OR_c_10_pct_wa_in_lecz.tif,c_1_population_below_5/Columbia_OR_c1_pct_under_5.tif,c_2_population_above_65/Columbia_OR_c2_pct_over_65.tif,c_3_road_density_in_lecz/Columbia_road_density_in_lecz.tif,c_4_power_plants_in_lecz/Columbia_power_plants_in_lecz.tif,c_5_aerodromes_in_lecz/Columbia_aerodromes_in_lecz.tif,c_6_emergency_shelters_in_lecz/Columbia_emergency_shelters_in_lecz.tif,c_7_pct_ra_in_lecz/Columbia_OR_c_7_pct_ra_in_lecz.tif,c_8_pct_aa_in_lecz/Columbia_OR_c_8_pct_aa_in_lecz.tif,c_9_pct_nva_in_lecz/Columbia_OR_c_9_pct_nva_in_lecz.tif,d_1_higher_education_percentage/Columbia_OR_d1_higher_ed_pct.tif,d_2_median_family_income_rasters/Columbia_OR_d2_median_income.tif,d_3_emergency_shelters/Columbia_emergency_shelter_proximity.tif,d_4_open_area/Columbia_OR_d_4_open_area.tif,d_5_economically_active_population/Columbia_OR_d5_labor_force_participation.tif,d_6_pct_wba_in_lecz/Columbia_OR_d_6_pct_wba_in_lecz.tif,d_7_pct_oa_in_lecz/Columbia_OR_d_7_pct_oa_in_lecz.tif
"Contra Costa, CA",a10_t95_threshold/CA/Contra Costa_t95_threshold.tif,a11_t95_avg/CA/Contra Costa_t95_avg.tif,a12_t5_threshold/CA/Contra Costa_t5_threshold.tif,a13_t5_avg/CA/Contra Costa_t5_avg.tif,a14_wind_95_threshold/CA/Contra Costa_w95_threshold_daily.tif,a15_wind_avg_extreme/CA/Contra Costa_w95_avg_daily.tif,a1_sea_level_rise_trend/CA/Contra_Costa_slr_trend_lecz.tif,a2_maximum_of_maximum/CA/Contra_Costa_cat2_mom.tif,a3_max_water_above_mhhw/CA/Contra Costa_max_water_lecz.tif,a4_annual_high_tide_flood_days/CA/Contra Costa_flood_days_lecz.tif,a5_100yr_flood_data/CA/Contra_Costa_flood.tif,a6_coastal_erosion_rate/CA/Contra Costa_erosion_rate_lecz.tif,a7_vertical_land_motion/CA/Contra_Costa_vlm.tif,a8_post_wildfire_debris_flow/Contra_Costa_debris_flow_risk.tif,a9_max_precipitation/CA/Contra_Costa_rx1day_2000_2024.tif,b_10_presence_of_power_plants/Contra_Costa_power_plant_proximity.tif,b_11_presence_of_aerodromes/Contra_Costa_aerodrome_proximity.tif,b_12_presence_of_principal_port/Contra_Costa_principal_port_proximity.tif,b_1_land_percentage/Contra Costa_CA_b_1.tif,b_2_population_density/Contra_Costa_CA_population_density.tif,b_3_road_density/Contra_Costa_road_density.tif,b_4_residential_area_ra/Contra Costa_CA_b_4_residential_area_ra.tif,b_5_agriculture_area_aa/Contra Costa_CA_b_5_agriculture_area_aa.tif,b_6_natural_veg_naa/Contra Costa_CA_b_6_natural_veg_naa.tif,b_7_wetlands_area_wa/Contra Costa_CA_b_7_wetlands_area_wa.tif,b_8_water_bodies_wba/Contra Costa_CA_b_8_water_bodies_wba.tif,b_9_prj_lecz/CA/Contra_Costa_pct_lecz.tif,c_10_pct_wa_in_lecz/Contra Costa_CA_c_10_pct_wa_in_lecz.tif,c_1_population_below_5/Contra_Costa_CA_c1_pct_under_5.tif,c_2_population_above_65/Contra_Costa_CA_c2_pct_over_65.tif,c_3_road_density_in_lecz/Contra_Costa_road_density_in_lecz.tif,c_4_power_plants_in_lecz/Contra_Costa_power_plants_in_lecz.tif,c_5_aerodromes_in_lecz/Contra_Costa_aerodromes_in_lecz.tif,c_6_emergency_shelters_in_lecz/Contra_Costa_emergency_shelters_in_lecz.tif,c_7_pct_ra_in_lecz/Contra Costa_CA_c_7_pct_ra_in_lecz.tif,c_8_pct_aa_in_lecz/Contra Costa_CA_c_8_pct_aa_in_lecz.tif,c_9_pct_nva_in_lecz/Contra Costa_CA_c_9_pct_nva_in_lecz.tif,d_1_higher_education_percentage/Contra_Costa_CA_d1_higher_ed_pct.tif,d_2_median_family_income_rasters/Contra_Costa_CA_d2_median_income.tif,d_3_emergency_shelters/Contra_Costa_emergency_shelter_proximity.tif,d_4_open_area/Contra Costa_CA_d_4_open_area.tif,d_5_economically_active_population/Contra_Costa_CA_d5_labor_force_participation.tif,d_6_pct_wba_in_lecz/Contra Costa_CA_d_6_pct_wba_in_lecz.tif,d_7_pct_oa_in_lecz/Contra Costa_CA_d_7_pct_oa_in_lecz.tif
"Coos, OR",a10_t95_threshold/OR/Coos_t95_threshold.tif,a11_t95_avg/OR/Coos_t95_avg.tif,a12_t5_threshold/OR/Coos_t5_threshold.tif,a13_t5_avg/OR/Coos_t5_avg.tif,a14_wind_95_threshold/OR/Coos_w95_threshold_daily.tif,a15_wind_avg_extreme/OR/Coos_w95_avg_daily.tif,a1_sea_level_rise_trend/OR/Coos_slr_trend_lecz.tif,a2_maximum_of_maximum/OR/Coos_cat2_mom.tif,a3_max_water_above_mhhw/OR/Coos_max_water_lecz.tif,a4_annual_high_tide_flood_days/OR/Coos_flood_days_lecz.tif,a5_100yr_flood_data/OR/Coos_flood.tif,a6_coastal_erosion_rate/OR/Coos_erosion_rate_lecz.tif,a7_vertical_land_motion/OR/Coos_vlm.tif,a8_post_wildfire_debris_flow/Coos_debris_flow_risk.tif,a9_max_precipitation/OR/Coos_rx1day_2000_2024.tif,b_10_presence_of_power_plants/Coos_power_plant_proximity.tif,b_11_presence_of_aerodromes/Coos_aerodrome_proximity.tif,b_12_presence_of_principal_port/Coos_principal_port_proximity.tif,b_1_land_percentage/Coos_OR_b_1.tif,b_2_population_density/Coos_OR_population_density.tif,b_3_road_density/Coos_road_density.tif,b_4_residential_area_ra/Coos_OR_b_4_residential_area_ra.tif,b_5_agriculture_area_aa/Coos_OR_b_5_agriculture_area_aa.tif,b_6_natural_veg_naa/Coos_OR_b_6_natural_veg_naa.tif,b_7_wetlands_area_wa/Coos_OR_b_7_wetlands_area_wa.tif,b_8_water_bodies_wba/Coos_OR_b_8_water_bodies_wba.tif,b_9_prj_lecz/OR/Coos_pct_lecz.tif,c_10_pct_wa_in_lecz/Coos_OR_c_10_pct_wa_in_lecz.tif,c_1_population_below_5/Coos_OR_c1_pct_under_5.tif,c_2_population_above_65/Coos_OR_c2_pct_over_65.tif,c_3_road_density_in_lecz/Coos_road_density_in_lecz.tif,c_4_power_plants_in_lecz/Coos_power_plants_in_lecz.tif,c_5_aerodromes_in_lecz/Coos_aerodromes_in_lecz.tif,c_6_emergency_shelters_in_lecz/Coos_emergency_shelters_in_lecz.tif,c_7_pct_ra_in_lecz/Coos_OR_c_7_pct_ra_in_lecz.tif,c_8_pct_aa_in_lecz/Coos_OR_c_8_pct_aa_in_lecz.tif,c_9_pct_nva_in_lecz/Coos_OR_c_9_pct_nva_in_lecz.tif,d_1_higher_education_percentage/Coos_OR_d1_higher_ed_pct.tif,d_2_median_family_income_rasters/Coos_OR_d2_median_income.tif,d_3_emergency_shelters/Coos_emergency_shelter_proximity.tif,d_4_open_area/Coos_OR_d_4_open_area.tif,d_5_economically_active_population/Coos_OR_d5_labor_force_participation.tif,d_6_pct_wba_in_lecz/Coos_OR_d_6_pct_wba_in_lecz.tif,d_7_pct_oa_in_lecz/Coos_OR_d_7_pct_oa_in_lecz.tif
"Cowlitz, WA",a10_t95_threshold/WA/Cowlitz_t95_threshold.tif,a11_t95_avg/WA/Cowlitz_t95_avg.tif,a12_t5_threshold/WA/Cowlitz_t5_threshold.tif,a13_t5_avg/WA/Cowlitz_t5_avg.tif,a14_wind_95_threshold/WA/Cowlitz_w95_threshold_daily.tif,a15_wind_avg_extreme/WA/Cowlitz_w95_avg_daily.tif,a1_sea_level_rise_trend/WA/Cowlitz_slr_trend_lecz.tif,a2_maximum_of_maximum/WA/Cowlitz_cat2_mom.tif,a3_max_water_above_mhhw/WA/Cowlitz_max_water_lecz.tif,a4_annual_high_tide_flood_days/WA/Cowlitz_flood_days_lecz.tif,a5_100yr_flood_data/WA/Cowlitz_flood.tif,a6_coastal_erosion_rate/WA/Cowlitz_erosion_rate_lecz.tif,a7_vertical_land_motion/WA/Cowlitz_vlm.tif,a8_post_wildfire_debris_flow/Cowlitz_debris_flow_risk.tif,a9_max_precipitation/WA/Cowlitz_rx1day_2000_2024.tif,b_10_presence_of_power_plants/Cowlitz_power_plant_proximity.tif,b_11_presence_of_aerodromes/Cowlitz_aerodrome_proximity.tif,b_12_presence_of_principal_port/Cowlitz_principal_port_proximity.tif,b_1_land_percentage/Cowlitz_WA_b_1.tif,b_2_population_density/Cowlitz_WA_population_density.tif,b_3_road_density/Cowlitz_road_density.tif,b_4_residential_area_ra/Cowlitz_WA_b_4_residential_area_ra.tif,b_5_agriculture_area_aa/Cowlitz_WA_b_5_agriculture_area_aa.tif,b_6_natural_veg_naa/Cowlitz_WA_b_6_natural_veg_naa.tif,b_7_wetlands_area_wa/Cowlitz_WA_b_7_wetlands_area_wa.tif,b_8_water_bodies_wba/Cowlitz_WA_b_8_water_bodies_wba.tif,b_9_prj_lecz/WA/Cowlitz_pct_lecz.tif,c_10_pct_wa_in_lecz/Cowlitz_WA_c_10_pct_wa_in_lecz.tif,c_1_population_below_5/Cowlitz_WA_c1_pct_under_5.tif,c_2_population_above_65/Cowlitz_WA_c2_pct_over_65.tif,c_3_road_density_in_lecz/Cowlitz_road_density_in_lecz.tif,c_4_power_plants_in_lecz/Cowlitz_power_plants_in_lecz.tif,c_5_aerodromes_in_lecz/Cowlitz_aerodromes_in_lecz.tif,c_6_emergency_shelters_in_lecz/Cowlitz_emergency_shelters_in_lecz.tif,c_7_pct_ra_in_lecz/Cowlitz_WA_c_7_pct_ra_in_lecz.tif,c_8_pct_aa_in_lecz/Cowlitz_WA_c_8_pct_aa_in_lecz.tif,c_9_pct_nva_in_lecz/Cowlitz_WA_c_9_pct_nva_in_lecz.tif,d_1_higher_education_percentage/Cowlitz_WA_d1_higher_ed_pct.tif,d_2_median_family_income_rasters/Cowlitz_WA_d2_median_income.tif,d_3_emergency_shelters/Cowlitz_emergency_shelter_proximity.tif,d_4_open_area/Cowlitz_WA_d_4_open_area.tif,d_5_economically_active_population/Cowlitz_WA_d5_labor_force_participation.tif,d_6_pct_wba_in_lecz/Cowlitz_WA_d_6_pct_wba_in_lecz.tif,d_7_pct_oa_in_lecz/Cowlitz_WA_d_7_pct_oa_in_lecz.tif
"Curry, OR",a10_t95_threshold/OR/Curry_t95_threshold.tif,a11_t95_avg/OR/Curry_t95_avg.tif,a12_t5_threshold/OR/Curry_t5_threshold.tif,a13_t5_avg/OR/Curry_t5_avg.tif,a14_wind_95_threshold/OR/Curry_w95_threshold_daily.tif,a15_wind_avg_extreme/OR/Curry_w95_avg_daily.tif,a1_sea_level_rise_trend/OR/Curry_slr_trend_lecz.tif,a2_maximum_of_maximum/OR/Curry_cat2_mom.tif,a3_max_water_above_mhhw/OR/Curry_max_water_lecz.tif,a4_annual_high_tide_flood_days/OR/Curry_flood_days_lecz.tif,a5_100yr_flood_data/OR/Curry_flood.tif,a6_coastal_erosion_rate/OR/Curry_erosion_rate_lecz.tif,a7_vertical_land_motion/OR/Curry_vlm.tif,a8_post_wildfire_debris_flow/Curry_debris_flow_risk.tif,a9_max_precipitation/OR/Curry_rx1day_2000_2024.tif,b_10_presence_of_power_plants/Curry_power_plant_proximity.tif,b_11_presence_of_aerodromes/Curry_aerodrome_proximity.tif,b_12_presence_of_principal_port/Curry_principal_port_proximity.tif,b_1_land_percentage/Curry_OR_b_1.tif,b_2_population_density/Curry_OR_population_density.tif,b_3_road_density/Curry_road_density.tif,b_4_residential_area_ra/Curry_OR_b_4_residential_area_ra.tif,b_5_agriculture_area_aa/Curry_OR_b_5_agriculture_area_aa.tif,b_6_natural_veg_naa/Curry_OR_b_6_natural_veg_naa.tif,b_7_wetlands_area_wa/Curry_OR_b_7_wetlands_area_wa.tif,b_8_water_bodies_wba/Curry_OR_b_8_water_bodies_wba.tif,b_9_prj_lecz/OR/Curry_pct_lecz.tif,c_10_pct_wa_in_lecz/Curry_OR_c_10_pct_wa_in_lecz.tif,c_1_population_below_5/Curry_OR_c1_pct_under_5.tif,c_2_population_above_65/Curry_OR_c2_pct_over_65.tif,c_3_road_density_in_lecz/Curry_road_density_in_lecz.tif,c_4_power_plants_in_lecz/Curry_power_plants_in_lecz.tif,c_5_aerodromes_in_lecz/Curry_aerodromes_in_lecz.tif,c_6_emergency_shelters_in_lecz/Curry_emergency_shelters_in_lecz.tif,c_7_pct_ra_in_lecz/Curry_OR_c_7_pct_ra_in_lecz.tif,c_8_pct_aa_in_lecz/Curry_OR_c_8_pct_aa_in_lecz.tif,c_9_pct_nva_in_lecz/Curry_OR_c_9_pct_nva_in_lecz.tif,d_1_higher_education_percentage/Curry_OR_d1_higher_ed_pct.tif,d_2_median_family_income_rasters/Curry_OR_d2_median_income.tif,d_3_emergency_shelters/Curry_emergency_shelter_proximity.tif,d_4_open_area/Curry_OR_d_4_open_area.tif,d_5_economically_active_population/Curry_OR_d5_labor_force_participation.tif,d_6_pct_wba_in_lecz/Curry_OR_d_6_pct_wba_in_lecz.tif,d_7_pct_oa_in_lecz/Curry_OR_d_7_pct_oa_in_lecz.tif
"Del Norte, CA",a10_t95_threshold/CA/Del Norte_t95_threshold.tif,a11_t95_avg/CA/Del Norte_t95_avg.tif,a12_t5_threshold/CA/Del Norte_t5_threshold.tif,a13_t5_avg/CA/Del Norte_t5_avg.tif,a14_wind_95_threshold/CA/Del Norte_w95_threshold_daily.tif,a15_wind_avg_extreme/CA/Del Norte_w95_avg_daily.tif,a1_sea_level_rise_trend/CA/Del_Norte_slr_trend_lecz.tif,a2_maximum_of_maximum/CA/Del_Norte_cat2_mom.tif,a3_max_water_above_mhhw/CA/Del Norte_max_water_lecz.tif,a4_annual_high_tide_flood_days/CA/Del Norte_flood_days_lecz.tif,a5_100yr_flood_data/CA/Del_Norte_flood.tif,a6_coastal_erosion_rate/CA/Del Norte_erosion_rate_lecz.tif,a7_vertical_land_motion/CA/Del_Norte_vlm.tif,a8_post_wildfire_debris_flow/Del_Norte_debris_flow_risk.tif,a9_max_precipitation/CA/Del_Norte_rx1day_2000_2024.tif,b_10_presence_of_power_plants/Del_Norte_power_plant_proximity.tif,b_11_presence_of_aerodromes/Del_Norte_aerodrome_proximity.tif,b_12_presence_of_principal_port/Del_Norte_principal_port_proximity.tif,b_1_land_percentage/Del Norte_CA_b_1.tif,b_2_population_density/Del_Norte_CA_population_density.tif,b_3_road_density/Del_Norte_road_density.tif,b_4_residential_area_ra/Del Norte_CA_b_4_residential_area_ra.tif,b_5_agriculture_area_aa/Del Norte_CA_b_5_agriculture_area_aa.tif,b_6_natural_veg_naa/Del Norte_CA_b_6_natural_veg_naa.tif,b_7_wetlands_area_wa/Del Norte_CA_b_7_wetlands_area_wa.tif,b_8_water_bodies_wba/Del Norte_CA_b_8_water_bodies_wba.tif,b_9_prj_lecz/CA/Del_Norte_pct_lecz.tif,c_10_pct_wa_in_lecz/Del Norte_CA_c_10_pct_wa_in_lecz.tif,c_1_population_below_5/Del_Norte_CA_c1_pct_under_5.tif,c_2_population_above_65/Del_Norte_CA_c2_pct_over_65.tif,c_3_road_density_in_lecz/Del_Norte_road_density_in_lecz.tif,c_4_power_plants_in_lecz/Del_Norte_power_plants_in_lecz.tif,c_5_aerodromes_in_lecz/Del_Norte_aerodromes_in_lecz.tif,c_6_emergency_shelters_in_lecz/Del_Norte_emergency_shelters_in_lecz.tif,c_7_pct_ra_in_lecz/Del Norte_CA_c_7_pct_ra_in_lecz.tif,c_8_pct_aa_in_lecz/Del Norte_CA_c_8_pct_aa_in_lecz.tif,c_9_pct_nva_in_lecz/Del Norte_CA_c_9_pct_nva_in_lecz.tif,d_1_higher_education_percentage/Del_Norte_CA_d1_higher_ed_pct.tif,d_2_median_family_income_rasters/Del_Norte_CA_d2_median_income.tif,d_3_emergency_shelters/Del_Norte_emergency_shelter_proximity.tif,d_4_open_area/Del Norte_CA_d_4_open_area.tif,d_5_economically_active_population/Del_Norte_CA_d5_labor_force_participation.tif,d_6_pct_wba_in_lecz/Del Norte_CA_d_6_pct_wba_in_lecz.tif,d_7_pct_oa_in_lecz/Del Norte_CA_d_7_pct_oa_in_lecz.tif
"Douglas, OR",a10_t95_threshold/OR/Douglas_t95_threshold.tif,a11_t95_avg/OR/Douglas_t95_avg.tif,a12_t5_threshold/OR/Douglas_t5_threshold.tif,a13_t5_avg/OR/Douglas_t5_avg.tif,a14_wind_95_threshold/OR/Douglas_w95_threshold_daily.tif,a15_wind_avg_extreme/OR/Douglas_w95_avg_daily.tif,a1_sea_level_rise_trend/OR/Douglas_slr_trend_lecz.tif,a2_maximum_of_maximum/OR/Douglas_cat2_mom.tif,a3_max_water_above_mhhw/OR/Douglas_max_water_lecz.tif,a4_annual_high_tide_flood_days/OR/Douglas_flood_days_lecz.tif,a5_100yr_flood_data/OR/Douglas_flood.tif,a6_coastal_erosion_rate/OR/Douglas_erosion_rate_lecz.tif,a7_vertical_land_motion/OR/Douglas_vlm.tif,a8_post_wildfire_debris_flow/Douglas_debris_flow_risk.tif,a9_max_precipitation/OR/Douglas_rx1day_2000_2024.tif,b_10_presence_of_power_plants/Douglas_power_plant_proximity.tif,b_11_presence_of_aerodromes/Douglas_aerodrome_proximity.tif,b_12_presence_of_principal_port/Douglas_principal_port_proximity.tif,b_1_land_percentage/Douglas_OR_b_1.tif,b_2_population_density/Douglas_OR_population_density.tif,b_3_road_density/Douglas_road_density.tif,b_4_residential_area_ra/Douglas_OR_b_4_residential_area_ra.tif,b_5_agriculture_area_aa/Douglas_OR_b_5_agriculture_area_aa.tif,b_6_natural_veg_naa/Douglas_OR_b_6_natural_veg_naa.tif,b_7_wetlands_area_wa/Douglas_OR_b_7_wetlands_area_wa.tif,b_8_water_bodies_wba/Douglas_OR_b_8_water_bodies_wba.tif,b_9_prj_lecz/OR/Douglas_pct_lecz.tif,c_10_pct_wa_in_lecz/Douglas_OR_c_10_pct_wa_in_lecz.tif,c_1_population_below_5/Douglas_OR_c1_pct_under_5.tif,c_2_population_above_65/Douglas_OR_c2_pct_over_65.tif,c_3_road_density_in_lecz/Douglas_road_density_in_lecz.tif,c_4_power_plants_in_lecz/Douglas_power_plants_in_lecz.tif,c_5_aerodromes_in_lecz/Douglas_aerodromes_in_lecz.tif,c_6_emergency_shelters_in_lecz/Douglas_emergency_shelters_in_lecz.tif,c_7_pct_ra_in_lecz/Douglas_OR_c_7_pct_ra_in_lecz.tif,c_8_pct_aa_in_lecz/Douglas_OR_c_8_pct_aa_in_lecz.tif,c_9_pct_nva_in_lecz/Douglas_OR_c_9_pct_nva_in_lecz.tif,d_1_higher_education_percentage/Douglas_OR_d1_higher_ed_pct.tif,d_2_median_family_income_rasters/Douglas_OR_d2_median_income.tif,d_3_emergency_shelters/Douglas_emergency_shelter_proximity.tif,d_4_open_area/Douglas_OR_d_4_open_area.tif,d_5_economically_active_population/Douglas_OR_d5_labor_force_participation.tif,d_6_pct_wba_in_lecz/Douglas_OR_d_6_pct_wba_in_lecz.tif,d_7_pct_oa_in_lecz/Douglas_OR_d_7_pct_oa_in_lecz.tif
"Grays Harbor, WA",a10_t95_threshold/WA/Grays Harbor_t95_threshold.tif,a11_t95_avg/WA/Grays Harbor_t95_avg.tif,a12_t5_threshold/WA/Grays Harbor_t5_threshold.tif,a13_t5_avg/WA/Grays Harbor_t5_avg.tif,a14_wind_95_threshold/WA/Grays Harbor_w95_threshold_daily.tif,a15_wind_avg_extreme/WA/Grays Harbor_w95_avg_daily.tif,a1_sea_level_rise_trend/WA/Grays_Harbor_slr_trend_lecz.tif,a2_maximum_of_maximum/WA/Grays_Harbor_cat2_mom.tif,a3_max_water_above_mhhw/WA/Grays Harbor_max_water_lecz.tif,a4_annual_high_tide_flood_days/WA/Grays Harbor_flood_days_lecz.tif,a5_100yr_flood_data/WA/Grays_Harbor_flood.tif,a6_coastal_erosion_rate/WA/Grays Harbor_erosion_rate_lecz.tif,a7_vertical_land_motion/WA/Grays_Harbor_vlm.tif,a8_post_wildfire_debris_flow/Grays_Harbor_debris_flow_risk.tif,a9_max_precipitation/WA/Grays_Harbor_rx1day_2000_2024.tif,b_10_presence_of_power_plants/Grays_Harbor_power_plant_proximity.tif,b_11_presence_of_aerodromes/Grays_Harbor_aerodrome_proximity.tif,b_12_presence_of_principal_port/Grays_Harbor_principal_port_proximity.tif,b_1_land_percentage/Grays Harbor_WA_b_1.tif,b_2_population_density/Grays_Harbor_WA_population_density.tif,b_3_road_density/Grays_Harbor_road_density.tif,b_4_residential_area_ra/Grays Harbor_WA_b_4_residential_area_ra.tif,b_5_agriculture_area_aa/Grays Harbor_WA_b_5_agriculture_area_aa.tif,b_6_natural_veg_naa/Grays Harbor_WA_b_6_natural_veg_naa.tif,b_7_wetlands_area_wa/Grays Harbor_WA_b_7_wetlands_area_wa.tif,b_8_water_bodies_wba/Grays Harbor_WA_b_8_water_bodies_wba.tif,b_9_prj_lecz/WA/Grays_Harbor_pct_lecz.tif,c_10_pct_wa_in_lecz/Grays Harbor_WA_c_10_pct_wa_in_lecz.tif,c_1_population_below_5/Grays_Harbor_WA_c1_pct_under_5.tif,c_2_population_above_65/Grays_Harbor_WA_c2_pct_over_65.tif,c_3_road_density_in_lecz/Grays_Harbor_road_density_in_lecz.tif,c_4_power_plants_in_lecz/Grays_Harbor_power_plants_in_lecz.tif,c_5_aerodromes_in_lecz/Grays_Harbor_aerodromes_in_lecz.tif,c_6_emergency_shelters_in_lecz/Grays_Harbor_emergency_shelters_in_lecz.tif,c_7_pct_ra_in_lecz/Grays Harbor_WA_c_7_pct_ra_in_lecz.tif,c_8_pct_aa_in_lecz/Grays Harbor_WA_c_8_pct_aa_in_lecz.tif,c_9_pct_nva_in_lecz/Grays Harbor_WA_c_9_pct_nva_in_lecz.tif,d_1_higher_education_percentage/Grays_Harbor_WA_d1_higher_ed_pct.tif,d_2_median_family_income_rasters/Grays_Harbor_WA_d2_median_income.tif,d_3_emergency_shelters/Grays_Harbor_emergency_shelter_proximity.tif,d_4_open_area/Grays Harbor_WA_d_4_open_area.tif,d_5_economically_active_population/Grays_Harbor_WA_d5_labor_force_participation.tif,d_6_pct_wba_in_lecz/Grays Harbor_WA_d_6_pct_wba_in_lecz.tif,d_7_pct_oa_in_lecz/Grays Harbor_WA_d_7_pct_oa_in_lecz.tif
"Humboldt, CA",a10_t95_threshold/CA/Humboldt_t95_threshold.tif,a11_t95_avg/CA/Humboldt_t95_avg.tif,a12_t5_threshold/CA/Humboldt_t5_threshold.tif,a13_t5_avg/CA/Humboldt_t5_avg.tif,a14_wind_95_threshold/CA/Humboldt_w95_threshold_daily.tif,a15_wind_avg_extreme/CA/Humboldt_w95_avg_daily.tif,a1_sea_level_rise_trend/CA/Humboldt_slr_trend_lecz.tif,a2_maximum_of_maximum/CA/Humboldt_cat2_mom.tif,a3_max_water_above_mhhw/CA/Humboldt_max_water_lecz.tif,a4_annual_high_tide_flood_days/CA/Humboldt_flood_days_lecz.tif,a5_100yr_flood_data/CA/Humboldt_flood.tif,a6_coastal_erosion_rate/CA/Humboldt_erosion_rate_lecz.tif,a7_vertical_land_motion/CA/Humboldt_vlm.tif,a8_post_wildfire_debris_flow/Humboldt_debris_flow_risk.tif,a9_max_precipitation/CA/Humboldt_rx1day_2000_2024.tif,b_10_presence_of_power_plants/Humboldt_power_plant_proximity.tif,b_11_presence_of_aerodromes/Humboldt_aerodrome_proximity.tif,b_12_presence_of_principal_port/Humboldt_principal_port_proximity.tif,b_1_land_percentage/Humboldt_CA_b_1.tif,b_2_population_density/Humboldt_CA_population_density.tif,b_3_road_density/Humboldt_road_density.tif,b_4_residential_area_ra/Humboldt_CA_b_4_residential_area_ra.tif,b_5_agriculture_area_aa/Humboldt_CA_b_5_agriculture_area_aa.tif,b_6_natural_veg_naa/Humboldt_CA_b_6_natural_veg_naa.tif,b_7_wetlands_area_wa/Humboldt_CA_b_7_wetlands_area_wa.tif,b_8_water_bodies_wba/Humboldt_CA_b_8_water_bodies_wba.tif,b_9_prj_lecz/CA/Humboldt_pct_lecz.tif,c_10_pct_wa_in_lecz/Humboldt_CA_c_10_pct_wa_in_lecz.tif,c_1_population_below_5/Humboldt_CA_c1_pct_under_5.tif,c_2_population_above_65/Humboldt_CA_c2_pct_over_65.tif,c_3_road_density_in_lecz/Humboldt_road_density_in_lecz.tif,c_4_power_plants_in_lecz/Humboldt_power_plants_in_lecz.tif,c_5_aerodromes_in_lecz/Humboldt_aerodromes_in_lecz.tif,c_6_emergency_shelters_in_lecz/Humboldt_emergency_shelters_in_lecz.tif,c_7_pct_ra_in_lecz/Humboldt_CA_c_7_pct_ra_in_lecz.tif,c_8_pct_aa_in_lecz/Humboldt_CA_c_8_pct_aa_in_lecz.tif,c_9_pct_nva_in_lecz/Humboldt_CA_c_9_pct_nva_in_lecz.tif,d_1_higher_education_percentage/Humboldt_CA_d1_higher_ed_pct.tif,d_2_median_family_income_rasters/Humboldt_CA_d2_median_income.tif,d_3_emergency_shelters/Humboldt_emergency_shelter_proximity.tif,d_4_open_area/Humboldt_CA_d_4_open_area.tif,d_5_economically_active_population/Humboldt_CA_d5_labor_force_participation.tif,d_6_pct_wba_in_lecz/Humboldt_CA_d_6_pct_wba_in_lecz.tif,d_7_pct_oa_in_lecz/Humboldt_CA_d_7_pct_oa_in_lecz.tif
"Island, WA",a10_t95_threshold/WA/Island_t95_threshold.tif,a11_t95_avg/WA/Island_t95_avg.tif,a12_t5_threshold/WA/Island_t5_threshold.tif,a13_t5_avg/WA/Island_t5_avg.tif,a14_wind_95_threshold/WA/Island_w95_threshold_daily.tif,a15_wind_avg_extreme/WA/Island_w95_avg_daily.tif,a1_sea_level_rise_trend/WA/Island_slr_trend_lecz.tif,a2_maximum_of_maximum/WA/Island_cat2_mom.tif,a3_max_water_above_mhhw/WA/Island_max_water_lecz.tif,a4_annual_high_tide_flood_days/WA/Island_flood_days_lecz.tif,a5_100yr_flood_data/WA/Island_flood.tif,a6_coastal_erosion_rate/WA/Island_erosion_rate_lecz.tif,a7_vertical_land_motion/WA/Island_vlm.tif,a8_post_wildfire_debris_flow/Island_debris_flow_risk.tif,a9_max_precipitation/WA/Island_rx1day_2000_2024.tif,b_10_presence_of_power_plants/Island_power_plant_proximity.tif,b_11_presence_of_aerodromes/Island_aerodrome_proximity.tif,b_12_presence_of_principal_port/Island_principal_port_proximity.tif,b_1_land_percentage/Island_WA_b_1.tif,b_2_population_density/Island_WA_population_density.tif,b_3_road_density/Island_road_density.tif,b_4_residential_area_ra/Island_WA_b_4_residential_area_ra.tif,b_5_agriculture_area_aa/Island_WA_b_5_agriculture_area_aa.tif,b_6_natural_veg_naa/Island_WA_b_6_natural_veg_naa.tif,b_7_wetlands_area_wa/Island_WA_b_7_wetlands_area_wa.tif,b_8_water_bodies_wba/Island_WA_b_8_water_bodies_wba.tif,b_9_prj_lecz/WA/Island_pct_lecz.tif,c_10_pct_wa_in_lecz/Island_WA_c_10_pct_wa_in_lecz.tif,c_1_population_below_5/Island_WA_c1_pct_under_5.tif,c_2_population_above_65/Island_WA_c2_pct_over_65.tif,c_3_road_density_in_lecz/Island_road_density_in_lecz.tif,c_4_power_plants_in_lecz/Island_power_plants_in_lecz.tif,c_5_aerodromes_in_lecz/Island_aerodromes_in_lecz.tif,c_6_emergency_shelters_in_lecz/Island_emergency_shelters_in_lecz.tif,c_7_pct_ra_in_lecz/Island_WA_c_7_pct_ra_in_lecz.tif,c_8_pct_aa_in_lecz/Island_WA_c_8_pct_aa_in_lecz.tif,c_9_pct_nva_in_lecz/Island_WA_c_9_pct_nva_in_lecz.tif,d_1_higher_education_percentage/Island_WA_d1_higher_ed_pct.tif,d_2_median_family_income_rasters/Island_WA_d2_median_income.tif,d_3_emergency_shelters/Island_emergency_shelter_proximity.tif,d_4_open_area/Island_WA_d_4_open_area.tif,d_5_economically_active_population/Island_WA_d5_labor_force_participation.tif,d_6_pct_wba_in_lecz/Island_WA_d_6_pct_wba_in_lecz.tif,d_7_pct_oa_in_lecz/Island_WA_d_7_pct_oa_in_lecz.tif
"Jefferson, WA",a10_t95_threshold/WA/Jefferson_t95_threshold.tif,a11_t95_avg/WA/Jefferson_t95_avg.tif,a12_t5_threshold/WA/Jefferson_t5_threshold.tif,a13_t5_avg/WA/Jefferson_t5_avg.tif,a14_wind_95_threshold/WA/Jefferson_w95_threshold_daily.tif,a15_wind_avg_extreme/WA/Jefferson_w95_avg_daily.tif,a1_sea_level_rise_trend/WA/Jefferson_slr_trend_lecz.tif,a2_maximum_of_maximum/WA/Jefferson_cat2_mom.tif,a3_max_water_above_mhhw/WA/Jefferson_max_water_lecz.tif,a4_annual_high_tide_flood_days/WA/Jefferson_flood_days_lecz.tif,a5_100yr_flood_data/WA/Jefferson_flood.tif,a6_coastal_erosion_rate/WA/Jefferson_erosion_rate_lecz.tif,a7_vertical_land_motion/WA/Jefferson_vlm.tif,a8_post_wildfire_debris_flow/Jefferson_debris_flow_risk.tif,a9_max_precipitation/WA/Jefferson_rx1day_2000_2024.tif,b_10_presence_of_power_plants/Jefferson_power_plant_proximity.tif,b_11_presence_of_aerodromes/Jefferson_aerodrome_proximity.tif,b_12_presence_of_principal_port/Jefferson_principal_port_proximity.tif,b_1_land_percentage/Jefferson_WA_b_1.tif,b_2_population_density/Jefferson_WA_population_density.tif,b_3_road_density/Jefferson_road_density.tif,b_4_residential_area_ra/Jefferson_WA_b_4_residential_area_ra.tif,b_5_agriculture_area_aa/Jefferson_WA_b_5_agriculture_area_aa.tif,b_6_natural_veg_naa/Jefferson_WA_b_6_natural_veg_naa.tif,b_7_wetlands_area_wa/Jefferson_WA_b_7_wetlands_area_wa.tif,b_8_water_bodies_wba/Jefferson_WA_b_8_water_bodies_wba.tif,b_9_prj_lecz/WA/Jefferson_pct_lecz.tif,c_10_pct_wa_in_lecz/Jefferson_WA_c_10_pct_wa_in_lecz.tif,c_1_population_below_5/Jefferson_WA_c1_pct_under_5.tif,c_2_population_above_65/Jefferson_WA_c2_pct_over_65.tif,c_3_road_density_in_lecz/Jefferson_road_density_in_lecz.tif,c_4_power_plants_in_lecz/Jefferson_power_plants_in_lecz.tif,c_5_aerodromes_in_lecz/Jefferson_aerodromes_in_lecz.tif,c_6_emergency_shelters_in_lecz/Jefferson_emergency_shelters_in_lecz.tif,c_7_pct_ra_in_lecz/Jefferson_WA_c_7_pct_ra_in_lecz.tif,c_8_pct_aa_in_lecz/Jefferson_WA_c_8_pct_aa_in_lecz.tif,c_9_pct_nva_in_lecz/Jefferson_WA_c_9_pct_nva_in_lecz.tif,d_1_higher_education_percentage/Jefferson_WA_d1_higher_ed_pct.tif,d_2_median_family_income_rasters/Jefferson_WA_d2_median_income.tif,d_3_emergency_shelters/Jefferson_emergency_shelter_proximity.tif,d_4_open_area/Jefferson_WA_d_4_open_area.tif,d_5_economically_active_population/Jefferson_WA_d5_labor_force_participation.tif,d_6_pct_wba_in_lecz/Jefferson_WA_d_6_pct_wba_in_lecz.tif,d_7_pct_oa_in_lecz/Jefferson_WA_d_7_pct_oa_in_lecz.tif
"Josephine, OR",a10_t95_threshold/OR/Josephine_t95_threshold.tif,a11_t95_avg/OR/Josephine_t95_avg.tif,a12_t5_threshold/OR/Josephine_t5_threshold.tif,a13_t5_avg/OR/Josephine_t5_avg.tif,a14_wind_95_threshold/OR/Josephine_w95_threshold_daily.tif,a15_wind_avg_extreme/OR/Josephine_w95_avg_daily.tif,a1_sea_level_rise_trend/OR/Josephine_slr_trend_lecz.tif,a2_maximum_of_maximum/OR/Josephine_cat2_mom.tif,a3_max_water_above_mhhw/OR/Josephine_max_water_lecz.tif,a4_annual_high_tide_flood_days/OR/Josephine_flood_days_lecz.tif,a5_100yr_flood_data/OR/Josephine_flood.tif,a6_coastal_erosion_rate/OR/Josephine_erosion_rate_lecz.tif,a7_vertical_land_motion/OR/Josephine_vlm.tif,a8_post_wildfire_debris_flow/Josephine_debris_flow_risk.tif,a9_max_precipitation/OR/Josephine_rx1day_2000_2024.tif,b_10_presence_of_power_plants/Josephine_power_plant_proximity.tif,b_11_presence_of_aerodromes/Josephine_aerodrome_proximity.tif,b_12_presence_of_principal_port/Josephine_principal_port_proximity.tif,b_1_land_percentage/Josephine_OR_b_1.tif,b_2_population_density/Josephine_OR_population_density.tif,b_3_road_density/Josephine_road_density.tif,b_4_residential_area_ra/Josephine_OR_b_4_residential_area_ra.tif,b_5_agriculture_area_aa/Josephine_OR_b_5_agriculture_area_aa.tif,b_6_natural_veg_naa/Josephine_OR_b_6_natural_veg_naa.tif,b_7_wetlands_area_wa/Josephine_OR_b_7_wetlands_area_wa.tif,b_8_water_bodies_wba/Josephine_OR_b_8_water_bodies_wba.tif,b_9_prj_lecz/OR/Josephine_pct_lecz.tif,,c_1_population_below_5/Josephine_OR_c1_pct_under_5.tif,c_2_population_above_65/Josephine_OR_c2_pct_over_65.tif,c_3_road_density_in_lecz/Josephine_road_density_in_lecz.tif,c_4_power_plants_in_lecz/Josephine_power_plants_in_lecz.tif,c_5_aerodromes_in_lecz/Josephine_aerodromes_in_lecz.tif,c_6_emergency_shelters_in_lecz/Josephine_emergency_shelters_in_lecz.tif,,,,d_1_higher_education_percentage/Josephine_OR_d1_higher_ed_pct.tif,d_2_median_family_income_rasters/Josephine_OR_d2_median_income.tif,d_3_emergency_shelters/Josephine_emergency_shelter_proximity.tif,d_4_open_area/Josephine_OR_d_4_open_area.tif,d_5_economically_active_population/Josephine_OR_d5_labor_force_participation.tif,,
"King, WA",a10_t95_threshold/WA/King_t95_threshold.tif,a11_t95_avg/WA/King_t95_avg.tif,a12_t5_threshold/WA/King_t5_threshold.tif,a13_t5_avg/WA/King_t5_avg.tif,a14_wind_95_threshold/WA/King_w95_threshold_daily.tif,a15_wind_avg_extreme/WA/King_w95_avg_daily.tif,a1_sea_level_rise_trend/WA/King_slr_trend_lecz.tif,a2_maximum_of_maximum/WA/King_cat2_mom.tif,a3_max_water_above_mhhw/WA/King_max_water_lecz.tif,a4_annual_high_tide_flood_days/WA/King_flood_days_lecz.tif,a5_100yr_flood_data/WA/King_flood.tif,a6_coastal_erosion_rate/WA/King_erosion_rate_lecz.tif,a7_vertical_land_motion/WA/King_vlm.tif,a8_post_wildfire_debris_flow/King_debris_flow_risk.tif,a9_max_precipitation/WA/King_rx1day_2000_2024.tif,b_10_presence_of_power_plants/King_power_plant_proximity.tif,b_11_presence_of_aerodromes/King_aerodrome_proximity.tif,b_12_presence_of_principal_port/King_principal_port_proximity.tif,b_1_land_percentage/King_WA_b_1.tif,b_2_population_density/King_WA_population_density.tif,b_3_road_density/King_road_density.tif,b_4_residential_area_ra/King_WA_b_4_residential_area_ra.tif,b_5_agriculture_area_aa/King_WA_b_5_agriculture_area_aa.tif,b_6_natural_veg_naa/King_WA_b_6_natural_veg_naa.tif,b_7_wetlands_area_wa/King_WA_b_7_wetlands_area_wa.tif,b_8_water_bodies_wba/King_WA_b_8_water_bodies_wba.tif,b_9_prj_lecz/WA/King_pct_lecz.tif,c_10_pct_wa_in_lecz/King_WA_c_10_pct_wa_in_lecz.tif,c_1_population_below_5/King_WA_c1_pct_under_5.tif,c_2_population_above_65/King_WA_c2_pct_over_65.tif,c_3_road_density_in_lecz/King_road_density_in_lecz.tif,c_4_power_plants_in_lecz/King_power_plants_in_lecz.tif,c_5_aerodromes_in_lecz/King_aerodromes_in_lecz.tif,c_6_emergency_shelters_in_lecz/King_emergency_shelters_in_lecz.tif,c_7_pct_ra_in_lecz/King_WA_c_7_pct_ra_in_lecz.tif,c_8_pct_aa_in_lecz/King_WA_c_8_pct_aa_in_lecz.tif,c_9_pct_nva_in_lecz/King_WA_c_9_pct_nva_in_lecz.tif,d_1_higher_education_percentage/King_WA_d1_higher_ed_pct.tif,d_2_median_family_income_rasters/King_WA_d2_median_income.tif,d_3_emergency_shelters/King_emergency_shelter_proximity.tif,d_4_open_area/King_WA_d_4_open_area.tif,d_5_economically_active_population/King_WA_d5_labor_force_participation.tif,d_6_pct_wba_in_lecz/King_WA_d_6_pct_wba_in_lecz.tif,d_7_pct_oa_in_lecz/King_WA_d_7_pct_oa_in_lecz.tif
"Kitsap, WA",a10_t95_threshold/WA/Kitsap_t95_threshold.tif,a11_t95_avg/WA/Kitsap_t95_avg.tif,a12_t5_threshold/WA/Kitsap_t5_threshold.tif,a13_t5_avg/WA/Kitsap_t5_avg.tif,a14_wind_95_threshold/WA/Kitsap_w95_threshold_daily.tif,a15_wind_avg_extreme/WA/Kitsap_w95_avg_daily.tif,a1_sea_level_rise_trend/WA/Kitsap_slr_trend_lecz.tif,a2_maximum_of_maximum/WA/Kitsap_cat2_mom.tif,a3_max_water_above_mhhw/WA/Kitsap_max_water_lecz.tif,a4_annual_high_tide_flood_days/WA/Kitsap_flood_days_lecz.tif,a5_100yr_flood_data/WA/Kitsap_flood.tif,a6_coastal_erosion_rate/WA/Kitsap_erosion_rate_lecz.tif,a7_vertical_land_motion/WA/Kitsap_vlm.tif,a8_post_wildfire_debris_flow/Kitsap_debris_flow_risk.tif,a9_max_precipitation/WA/Kitsap_rx1day_2000_2024.tif,b_10_presence_of_power_plants/Kitsap_power_plant_proximity.tif,b_11_presence_of_aerodromes/Kitsap_aerodrome_proximity.tif,b_12_presence_of_principal_port/Kitsap_principal_port_proximity.tif,b_1_land_percentage/Kitsap_WA_b_1.tif,b_2_population_density/Kitsap_WA_population_density.tif,b_3_road_density/Kitsap_road_density.tif,b_4_residential_area_ra/Kitsap_WA_b_4_residential_area_ra.tif,b_5_agriculture_area_aa/Kitsap_WA_b_5_agriculture_area_aa.tif,b_6_natural_veg_naa/Kitsap_WA_b_6_natural_veg_naa.tif,b_7_wetlands_area_wa/Kitsap_WA_b_7_wetlands_area_wa.tif,b_8_water_bodies_wba/Kitsap_WA_b_8_water_bodies_wba.tif,b_9_prj_lecz/WA/Kitsap_pct_lecz.tif,c_10_pct_wa_in_lecz/Kitsap_WA_c_10_pct_wa_in_lecz.tif,c_1_population_below_5/Kitsap_WA_c1_pct_under_5.tif,c_2_population_above_65/Kitsap_WA_c2_pct_over_65.tif,c_3_road_density_in_lecz/Kitsap_road_density_in_lecz.tif,c_4_power_plants_in_lecz/Kitsap_power_plants_in_lecz.tif,c_5_aerodromes_in_lecz/Kitsap_aerodromes_in_lecz.tif,c_6_emergency_shelters_in_lecz/Kitsap_emergency_shelters_in_lecz.tif,c_7_pct_ra_in_lecz/Kitsap_WA_c_7_pct_ra_in_lecz.tif,c_8_pct_aa_in_lecz/Kitsap_WA_c_8_pct_aa_in_lecz.tif,c_9_pct_nva_in_lecz/Kitsap_WA_c_9_pct_nva_in_lecz.tif,d_1_higher_education_percentage/Kitsap_WA_d1_higher_ed_pct.tif,d_2_median_family_income_rasters/Kitsap_WA_d2_median_income.tif,d_3_emergency_shelters/Kitsap_emergency_shelter_proximity.tif,d_4_open_area/Kitsap_WA_d_4_open_area.tif,d_5_economically_active_population/Kitsap_WA_d5_labor_force_participation.tif,d_6_pct_wba_in_lecz/Kitsap_WA_d_6_pct_wba_in_lecz.tif,d_7_pct_oa_in_lecz/Kitsap_WA_d_7_pct_oa_in_lecz.tif
"Lane, OR",a10_t95_threshold/OR/Lane_t95_threshold.tif,a11_t95_avg/OR/Lane_t95_avg.tif,a12_t5_threshold/OR/Lane_t5_threshold.tif,a13_t5_avg/OR/Lane_t5_avg.tif,a14_wind_95_threshold/OR/Lane_w95_threshold_daily.tif,a15_wind_avg_extreme/OR/Lane_w95_avg_daily.tif,a1_sea_level_rise_trend/OR/Lane_slr_trend_lecz.tif,a2_maximum_of_maximum/OR/Lane_cat2_mom.tif,a3_max_water_above_mhhw/OR/Lane_max_water_lecz.tif,a4_annual_high_tide_flood_days/OR/Lane_flood_days_lecz.tif,a5_100yr_flood_data/OR/Lane_flood.tif,a6_coastal_erosion_rate/OR/Lane_erosion_rate_lecz.tif,a7_vertical_land_motion/OR/Lane_vlm.tif,a8_post_wildfire_debris_flow/Lane_debris_flow_risk.tif,a9_max_precipitation/OR/Lane_rx1day_2000_2024.tif,b_10_presence_of_power_plants/Lane_power_plant_proximity.tif,b_11_presence_of_aerodromes/Lane_aerodrome_proximity.tif,b_12_presence_of_principal_port/Lane_principal_port_proximity.tif,b_1_land_percentage/Lane_OR_b_1.tif,b_2_population_density/Lane_OR_population_density.tif,b_3_road_density/Lane_road_density.tif,b_4_residential_area_ra/Lane_OR_b_4_residential_area_ra.tif,b_5_agriculture_area_aa/Lane_OR_b_5_agriculture_area_aa.tif,b_6_natural_veg_naa/Lane_OR_b_6_natural_veg_naa.tif,b_7_wetlands_area_wa/Lane_OR_b_7_wetlands_area_wa.tif,b_8_water_bodies_wba/Lane_OR_b_8_water_bodies_wba.tif,b_9_prj_lecz/OR/Lane_pct_lecz.tif,c_10_pct_wa_in_lecz/Lane_OR_c_10_pct_wa_in_lecz.tif,c_1_population_below_5/Lane_OR_c1_pct_under_5.tif,c_2_population_above_65/Lane_OR_c2_pct_over_65.tif,c_3_road_density_in_lecz/Lane_road_density_in_lecz.tif,c_4_power_plants_in_lecz/Lane_power_plants_in_lecz.tif,c_5_aerodromes_in_lecz/Lane_aerodromes_in_lecz.tif,c_6_emergency_shelters_in_lecz/Lane_emergency_shelters_in_lecz.tif,c_7_pct_ra_in_lecz/Lane_OR_c_7_pct_ra_in_lecz.tif,c_8_pct_aa_in_lecz/Lane_OR_c_8_pct_aa_in_lecz.tif,c_9_pct_nva_in_lecz/Lane_OR_c_9_pct_nva_in_lecz.tif,d_1_higher_education_percentage/Lane_OR_d1_higher_ed_pct.tif,d_2_median_family_income_rasters/Lane_OR_d2_median_income.tif,d_3_emergency_shelters/Lane_emergency_shelter_proximity.tif,d_4_open_area/Lane_OR_d_4_open_area.tif,d_5_economically_active_population/Lane_OR_d5_labor_force_participation.tif,d_6_pct_wba_in_lecz/Lane_OR_d_6_pct_wba_in_lecz.tif,d_7_pct_oa_in_lecz/Lane_OR_d_7_pct_oa_in_lecz.tif
"Lewis, WA",a10_t95_threshold/WA/Lewis_t95_threshold.tif,a11_t95_avg/WA/Lewis_t95_avg.tif,a12_t5_threshold/WA/Lewis_t5_threshold.tif,a13_t5_avg/WA/Lewis_t5_avg.tif,a14_wind_95_threshold/WA/Lewis_w95_threshold_daily.tif,a15_wind_avg_extreme/WA/Lewis_w95_avg_daily.tif,a1_sea_level_rise_trend/WA/Lewis_slr_trend_lecz.tif,a2_maximum_of_maximum/WA/Lewis_cat2_mom.tif,a3_max_water_above_mhhw/WA/Lewis_max_water_lecz.tif,a4_annual_high_tide_flood_days/WA/Lewis_flood_days_lecz.tif,a5_100yr_flood_data/WA/Lewis_flood.tif,a6_coastal_erosion_rate/WA/Lewis_erosion_rate_lecz.tif,a7_vertical_land_motion/WA/Lewis_vlm.tif,a8_post_wildfire_debris_flow/Lewis_debris_flow_risk.tif,a9_max_precipitation/WA/Lewis_rx1day_2000_2024.tif,b_10_presence_of_power_plants/Lewis_power_plant_proximity.tif,b_11_presence_of_aerodromes/Lewis_aerodrome_proximity.tif,b_12_presence_of_principal_port/Lewis_principal_port_proximity.tif,b_1_land_percentage/Lewis_WA_b_1.tif,b_2_population_density/Lewis_WA_population_density.tif,b_3_road_density/Lewis_road_density.tif,b_4_residential_area_ra/Lewis_WA_b_4_residential_area_ra.tif,b_5_agriculture_area_aa/Lewis_WA_b_5_agriculture_area_aa.tif,b_6_natural_veg_naa/Lewis_WA_b_6_natural_veg_naa.tif,b_7_wetlands_area_wa/Lewis_WA_b_7_wetlands_area_wa.tif,b_8_water_bodies_wba/Lewis_WA_b_8_water_bodies_wba.tif,b_9_prj_lecz/WA/Lewis_pct_lecz.tif,,c_1_population_below_5/Lewis_WA_c1_pct_under_5.tif,c_2_population_above_65/Lewis_WA_c2_pct_over_65.tif,c_3_road_density_in_lecz/Lewis_road_density_in_lecz.tif,c_4_power_plants_in_lecz/Lewis_power_plants_in_lecz.tif,c_5_aerodromes_in_lecz/Lewis_aerodromes_in_lecz.tif,c_6_emergency_shelters_in_lecz/Lewis_emergency_shelters_in_lecz.tif,,,,d_1_higher_education_percentage/Lewis_WA_d1_higher_ed_pct.tif,d_2_median_family_income_rasters/Lewis_WA_d2_median_income.tif,d_3_emergency_shelters/Lewis_emergency_shelter_proximity.tif,d_4_open_area/Lewis_WA_d_4_open_area.tif,d_5_economically_active_population/Lewis_WA_d5_labor_force_participation.tif,,
"Lincoln, OR",a10_t95_threshold/OR/Lincoln_t95_threshold.tif,a11_t95_avg/OR/Lincoln_t95_avg.tif,a12_t5_threshold/OR/Lincoln_t5_threshold.tif,a13_t5_avg/OR/Lincoln_t5_avg.tif,a14_wind_95_threshold/OR/Lincoln_w95_threshold_daily.tif,a15_wind_avg_extreme/OR/Lincoln_w95_avg_daily.tif,a1_sea_level_rise_trend/OR/Lincoln_slr_trend_lecz.tif,a2_maximum_of_maximum/OR/Lincoln_cat2_mom.tif,a3_max_water_above_mhhw/OR/Lincoln_max_water_lecz.tif,a4_annual_high_tide_flood_days/OR/Lincoln_flood_days_lecz.tif,a5_100yr_flood_data/OR/Lincoln_flood.tif,a6_coastal_erosion_rate/OR/Lincoln_erosion_rate_lecz.tif,a7_vertical_land_motion/OR/Lincoln_vlm.tif,a8_post_wildfire_debris_flow/Lincoln_debris_flow_risk.tif,a9_max_precipitation/OR/Lincoln_rx1day_2000_2024.tif,b_10_presence_of_power_plants/Lincoln_power_plant_proximity.tif,b_11_presence_of_aerodromes/Lincoln_aerodrome_proximity.tif,b_12_presence_of_principal_port/Lincoln_principal_port_proximity.tif,b_1_land_percentage/Lincoln_OR_b_1.tif,b_2_population_density/Lincoln_OR_population_density.tif,b_3_road_density/Lincoln_road_density.tif,b_4_residential_area_ra/Lincoln_OR_b_4_residential_area_ra.tif,b_5_agriculture_area_aa/Lincoln_OR_b_5_agriculture_area_aa.tif,b_6_natural_veg_naa/Lincoln_OR_b_6_natural_veg_naa.tif,b_7_wetlands_area_wa/Lincoln_OR_b_7_wetlands_area_wa.tif,b_8_water_bodies_wba/Lincoln_OR_b_8_water_bodies_wba.tif,b_9_prj_lecz/OR/Lincoln_pct_lecz.tif,c_10_pct_wa_in_lecz/Lincoln_OR_c_10_pct_wa_in_lecz.tif,c_1_population_below_5/Lincoln_OR_c1_pct_under_5.tif,c_2_population_above_65/Lincoln_OR_c2_pct_over_65.tif,c_3_road_density_in_lecz/Lincoln_road_density_in_lecz.tif,c_4_power_plants_in_lecz/Lincoln_power_plants_in_lecz.tif,c_5_aerodromes_in_lecz/Lincoln_aerodromes_in_lecz.tif,c_6_emergency_shelters_in_lecz/Lincoln_emergency_shelters_in_lecz.tif,c_7_pct_ra_in_lecz/Lincoln_OR_c_7_pct_ra_in_lecz.tif,c_8_pct_aa_in_lecz/Lincoln_OR_c_8_pct_aa_in_lecz.tif,c_9_pct_nva_in_lecz/Lincoln_OR_c_9_pct_nva_in_lecz.tif,d_1_higher_education_percentage/Lincoln_OR_d1_higher_ed_pct.tif,d_2_median_family_income_rasters/Lincoln_OR_d2_median_income.tif,d_3_emergency_shelters/Lincoln_emergency_shelter_proximity.tif,d_4_open_area/Lincoln_OR_d_4_open_area.tif,d_5_economically_active_population/Lincoln_OR_d5_labor_force_participation.tif,d_6_pct_wba_in_lecz/Lincoln_OR_d_6_pct_wba_in_lecz.tif,d_7_pct_oa_in_lecz/Lincoln_OR_d_7_pct_oa_in_lecz.tif
"Los Angeles, CA",a10_t95_threshold/CA/Los Angeles_t95_threshold.tif,a11_t95_avg/CA/Los Angeles_t95_avg.tif,a12_t5_threshold/CA/Los Angeles_t5_threshold.tif,a13_t5_avg/CA/Los Angeles_t5_avg.tif,a14_wind_95_threshold/CA/Los Angeles_w95_threshold_daily.tif,a15_wind_avg_extreme/CA/Los Angeles_w95_avg_daily.tif,a1_sea_level_rise_trend/CA/Los_Angeles_slr_trend_lecz.tif,a2_maximum_of_maximum/CA/Los_Angeles_cat2_mom.tif,a3_max_water_above_mhhw/CA/Los Angeles_max_water_lecz.tif,a4_annual_high_tide_flood_days/CA/Los Angeles_flood_days_lecz.tif,a5_100yr_flood_data/CA/Los_Angeles_flood.tif,a6_coastal_erosion_rate/CA/Los Angeles_erosion_rate_lecz.tif,a7_vertical_land_motion/CA/Los_Angeles_vlm.tif,a8_post_wildfire_debris_flow/Los_Angeles_debris_flow_risk.tif,a9_max_precipitation/CA/Los_Angeles_rx1day_2000_2024.tif,b_10_presence_of_power_plants/Los_Angeles_power_plant_proximity.tif,b_11_presence_of_aerodromes/Los_Angeles_aerodrome_proximity.tif,b_12_presence_of_principal_port/Los_Angeles_principal_port_proximity.tif,b_1_land_percentage/Los Angeles_CA_b_1.tif,b_2_population_density/Los_Angeles_CA_population_density.tif,b_3_road_density/Los_Angeles_road_density.tif,b_4_residential_area_ra/Los Angeles_CA_b_4_residential_area_ra.tif,b_5_agriculture_area_aa/Los Angeles_CA_b_5_agriculture_area_aa.tif,b_6_natural_veg_naa/Los Angeles_CA_b_6_natural_veg_naa.tif,b_7_wetlands_area_wa/Los Angeles_CA_b_7_wetlands_area_wa.tif,b_8_water_bodies_wba/Los Angeles_CA_b_8_water_bodies_wba.tif,b_9_prj_lecz/CA/Los_Angeles_pct_lecz.tif,c_10_pct_wa_in_lecz/Los Angeles_CA_c_10_pct_wa_in_lecz.tif,c_1_population_below_5/Los_Angeles_CA_c1_pct_under_5.tif,c_2_population_above_65/Los_Angeles_CA_c2_pct_over_65.tif,c_3_road_density_in_lecz/Los_Angeles_road_density_in_lecz.tif,c_4_power_plants_in_lecz/Los_Angeles_power_plants_in_lecz.tif,c_5_aerodromes_in_lecz/Los_Angeles_aerodromes_in_lecz.tif,c_6_emergency_shelters_in_lecz/Los_Angeles_emergency_shelters_in_lecz.tif,c_7_pct_ra_in_lecz/Los Angeles_CA_c_7_pct_ra_in_lecz.tif,c_8_pct_aa_in_lecz/Los Angeles_CA_c_8_pct_aa_in_lecz.tif,c_9_pct_nva_in_lecz/Los Angeles_CA_c_9_pct_nva_in_lecz.tif,d_1_higher_education_percentage/Los_Angeles_CA_d1_higher_ed_pct.tif,d_2_median_family_income_rasters/Los_Angeles_CA_d2_median_income.tif,d_3_emergency_shelters/Los_Angeles_emergency_shelter_proximity.tif,d_4_open_area/Los Angeles_CA_d_4_open_area.tif,d_5_economically_active_population/Los_Angeles_CA_d5_labor_force_participation.tif,d_6_pct_wba_in_lecz/Los Angeles_CA_d_6_pct_wba_in_lecz.tif,d_7_pct_oa_in_lecz/Los Angeles_CA_d_7_pct_oa_in_lecz.tif
"Marin, CA",a10_t95_threshold/CA/Marin_t95_threshold.tif,a11_t95_avg/CA/Marin_t95_avg.tif,a12_t5_threshold/CA/Marin_t5_threshold.tif,a13_t5_avg/CA/Marin_t5_avg.tif,a14_wind_95_threshold/CA/Marin_w95_threshold_daily.tif,a15_wind_avg_extreme/CA/Marin_w95_avg_daily.tif,a1_sea_level_rise_trend/CA/Marin_slr_trend_lecz.tif,a2_maximum_of_maximum/CA/Marin_cat2_mom.tif,a3_max_water_above_mhhw/CA/Marin_max_water_lecz.tif,a4_annual_high_tide_flood_days/CA/Marin_flood_days_lecz.tif,a5_100yr_flood_data/CA/Marin_flood.tif,a6_coastal_erosion_rate/CA/Marin_erosion_rate_lecz.tif,a7_vertical_land_motion/CA/Marin_vlm.tif,a8_post_wildfire_debris_flow/Marin_debris_flow_risk.tif,a9_max_precipitation/CA/Marin_rx1day_2000_2024.tif,b_10_presence_of_power_plants/Marin_power_plant_proximity.tif,b_11_presence_of_aerodromes/Marin_aerodrome_proximity.tif,b_12_presence_of_principal_port/Marin_principal_port_proximity.tif,b_1_land_percentage/Marin_CA_b_1.tif,b_2_population_density/Marin_CA_population_density.tif,b_3_road_density/Marin_road_density.tif,b_4_residential_area_ra/Marin_CA_b_4_residential_area_ra.tif,b_5_agriculture_area_aa/Marin_CA_b_5_agriculture_area_aa.tif,b_6_natural_veg_naa/Marin_CA_b_6_natural_veg_naa.tif,b_7_wetlands_area_wa/Marin_CA_b_7_wetlands_area_wa.tif,b_8_water_bodies_wba/Marin_CA_b_8_water_bodies_wba.tif,b_9_prj_lecz/CA/Marin_pct_lecz.tif,c_10_pct_wa_in_lecz/Marin_CA_c_10_pct_wa_in_lecz.tif,c_1_population_below_5/Marin_CA_c1_pct_under_5.tif,c_2_population_above_65/Marin_CA_c2_pct_over_65.tif,c_3_road_density_in_lecz/Marin_road_density_in_lecz.tif,c_4_power_plants_in_lecz/Marin_power_plants_in_lecz.tif,c_5_aerodromes_in_lecz/Marin_aerodromes_in_lecz.tif,c_6_emergency_shelters_in_lecz/Marin_emergency_shelters_in_lecz.tif,c_7_pct_ra_in_lecz/Marin_CA_c_7_pct_ra_in_lecz.tif,c_8_pct_aa_in_lecz/Marin_CA_c_8_pct_aa_in_lecz.tif,c_9_pct_nva_in_lecz/Marin_CA_c_9_pct_nva_in_lecz.tif,d_1_higher_education_percentage/Marin_CA_d1_higher_ed_pct.tif,d_2_median_family_income_rasters/Marin_CA_d2_median_income.tif,d_3_emergency_shelters/Marin_emergency_shelter_proximity.tif,d_4_open_area/Marin_CA_d_4_open_area.tif,d_5_economically_active_population/Marin_CA_d5_labor_force_participation.tif,d_6_pct_wba_in_lecz/Marin_CA_d_6_pct_wba_in_lecz.tif,d_7_pct_oa_in_lecz/Marin_CA_d_7_pct_oa_in_lecz.tif
"Mason, WA",a10_t95_threshold/WA/Mason_t95_threshold.tif,a11_t95_avg/WA/Mason_t95_avg.tif,a12_t5_threshold/WA/Mason_t5_threshold.tif,a13_t5_avg/WA/Mason_t5_avg.tif,a14_wind_95_threshold/WA/Mason_w95_threshold_daily.tif,a15_wind_avg_extreme/WA/Mason_w95_avg_daily.tif,a1_sea_level_rise_trend/WA/Mason_slr_trend_lecz.tif,a2_maximum_of_maximum/WA/Mason_cat2_mom.tif,a3_max_water_above_mhhw/WA/Mason_max_water_lecz.tif,a4_annual_high_tide_flood_days/WA/Mason_flood_days_lecz.tif,a5_100yr_flood_data/WA/Mason_flood.tif,a6_coastal_erosion_rate/WA/Mason_erosion_rate_lecz.tif,a7_vertical_land_motion/WA/Mason_vlm.tif,a8_post_wildfire_debris_flow/Mason_debris_flow_risk.tif,a9_max_precipitation/WA/Mason_rx1day_2000_2024.tif,b_10_presence_of_power_plants/Mason_power_plant_proximity.tif,b_11_presence_of_aerodromes/Mason_aerodrome_proximity.tif,b_12_presence_of_principal_port/Mason_principal_port_proximity.tif,b_1_land_percentage/Mason_WA_b_1.tif,b_2_population_density/Mason_WA_population_density.tif,b_3_road_density/Mason_road_density.tif,b_4_residential_area_ra/Mason_WA_b_4_residential_area_ra.tif,b_5_agriculture_area_aa/Mason_WA_b_5_agriculture_area_aa.tif,b_6_natural_veg_naa/Mason_WA_b_6_natural_veg_naa.tif,b_7_wetlands_area_wa/Mason_WA_b_7_wetlands_area_wa.tif,b_8_water_bodies_wba/Mason_WA_b_8_water_bodies_wba.tif,b_9_prj_lecz/WA/Mason_pct_lecz.tif,c_10_pct_wa_in_lecz/Mason_WA_c_10_pct_wa_in_lecz.tif,c_1_population_below_5/Mason_WA_c1_pct_under_5.tif,c_2_population_above_65/Mason_WA_c2_pct_over_65.tif,c_3_road_density_in_lecz/Mason_road_density_in_lecz.tif,c_4_power_plants_in_lecz/Mason_power_plants_in_lecz.tif,c_5_aerodromes_in_lecz/Mason_aerodromes_in_lecz.tif,c_6_emergency_shelters_in_lecz/Mason_emergency_shelters_in_lecz.tif,c_7_pct_ra_in_lecz/Mason_WA_c_7_pct_ra_in_lecz.tif,c_8_pct_aa_in_lecz/Mason_WA_c_8_pct_aa_in_lecz.tif,c_9_pct_nva_in_lecz/Mason_WA_c_9_pct_nva_in_lecz.tif,d_1_higher_education_percentage/Mason_WA_d1_higher_ed_pct.tif,d_2_median_family_income_rasters/Mason_WA_d2_median_income.tif,d_3_emergency_shelters/Mason_emergency_shelter_proximity.tif,d_4_open_area/Mason_WA_d_4_open_area.tif,d_5_economically_active_population/Mason_WA_d5_labor_force_participation.tif,d_6_pct_wba_in_lecz/Mason_WA_d_6_pct_wba_in_lecz.tif,d_7_pct_oa_in_lecz/Mason_WA_d_7_pct_oa_in_lecz.tif
"Mendocino, CA",a10_t95_threshold/CA/Mendocino_t95_threshold.tif,a11_t95_avg/CA/Mendocino_t95_avg.tif,a12_t5_threshold/CA/Mendocino_t5_threshold.tif,a13_t5_avg/CA/Mendocino_t5_avg.tif,a14_wind_95_threshold/CA/Mendocino_w95_threshold_daily.tif,a15_wind_avg_extreme/CA/Mendocino_w95_avg_daily.tif,a1_sea_level_rise_trend/CA/Mendocino_slr_trend_lecz.tif,a2_maximum_of_maximum/CA/Mendocino_cat2_mom.tif,a3_max_water_above_mhhw/CA/Mendocino_max_water_lecz.tif,a4_annual_high_tide_flood_days/CA/Mendocino_flood_days_lecz.tif,a5_100yr_flood_data/CA/Mendocino_flood.tif,a6_coastal_erosion_rate/CA/Mendocino_erosion_rate_lecz.tif,a7_vertical_land_motion/CA/Mendocino_vlm.tif,a8_post_wildfire_debris_flow/Mendocino_debris_flow_risk.tif,a9_max_precipitation/CA/Mendocino_rx1day_2000_2024.tif,b_10_presence_of_power_plants/Mendocino_power_plant_proximity.tif,b_11_presence_of_aerodromes/Mendocino_aerodrome_proximity.tif,b_12_presence_of_principal_port/Mendocino_principal_port_proximity.tif,b_1_land_percentage/Mendocino_CA_b_1.tif,b_2_population_density/Mendocino_CA_population_density.tif,b_3_road_density/Mendocino_road_density.tif,b_4_residential_area_ra/Mendocino_CA_b_4_residential_area_ra.tif,b_5_agriculture_area_aa/Mendocino_CA_b_5_agriculture_area_aa.tif,b_6_natural_veg_naa/Mendocino_CA_b_6_natural_veg_naa.tif,b_7_wetlands_area_wa/Mendocino_CA_b_7_wetlands_area_wa.tif,b_8_water_bodies_wba/Mendocino_CA_b_8_water_bodies_wba.tif,b_9_prj_lecz/CA/Mendocino_pct_lecz.tif,c_10_pct_wa_in_lecz/Mendocino_CA_c_10_pct_wa_in_lecz.tif,c_1_population_below_5/Mendocino_CA_c1_pct_under_5.tif,c_2_population_above_65/Mendocino_CA_c2_pct_over_65.tif,c_3_road_density_in_lecz/Mendocino_road_density_in_lecz.tif,c_4_power_plants_in_lecz/Mendocino_power_plants_in_lecz.tif,c_5_aerodromes_in_lecz/Mendocino_aerodromes_in_lecz.tif,c_6_emergency_shelters_in_lecz/Mendocino_emergency_shelters_in_lecz.tif,c_7_pct_ra_in_lecz/Mendocino_CA_c_7_pct_ra_in_lecz.tif,c_8_pct_aa_in_lecz/Mendocino_CA_c_8_pct_aa_in_lecz.tif,c_9_pct_nva_in_lecz/Mendocino_CA_c_9_pct_nva_in_lecz.tif,d_1_higher_education_percentage/Mendocino_CA_d1_higher_ed_pct.tif,d_2_median_family_income_rasters/Mendocino_CA_d2_median_income.tif,d_3_emergency_shelters/Mendocino_emergency_shelter_proximity.tif,d_4_open_area/Mendocino_CA_d_4_open_area.tif,d_5_economically_active_population/Mendocino_CA_d5_labor_force_participation.tif,d_6_pct_wba_in_lecz/Mendocino_CA_d_6_pct_wba_in_lecz.tif,d_7_pct_oa_in_lecz/Mendocino_CA_d_7_pct_oa_in_lecz.tif
"Monterey, CA",a10_t95_threshold/CA/Monterey_t95_threshold.tif,a11_t95_avg/CA/Monterey_t95_avg.tif,a12_t5_threshold/CA/Monterey_t5_threshold.tif,a13_t5_avg/CA/Monterey_t5_avg.tif,a14_wind_95_threshold/CA/Monterey_w95_threshold_daily.tif,a15_wind_avg_extreme/CA/Monterey_w95_avg_daily.tif,a1_sea_level_rise_trend/CA/Monterey_slr_trend_lecz.tif,a2_maximum_of_maximum/CA/Monterey_cat2_mom.tif,a3_max_water_above_mhhw/CA/Monterey_max_water_lecz.tif,a4_annual_high_tide_flood_days/CA/Monterey_flood_days_lecz.tif,a5_100yr_flood_data/CA/Monterey_flood.tif,a6_coastal_erosion_rate/CA/Monterey_erosion_rate_lecz.tif,a7_vertical_land_motion/CA/Monterey_vlm.tif,a8_post_wildfire_debris_flow/Monterey_debris_flow_risk.tif,a9_max_precipitation/CA/Monterey_rx1day_2000_2024.tif,b_10_presence_of_power_plants/Monterey_power_plant_proximity.tif,b_11_presence_of_aerodromes/Monterey_aerodrome_proximity.tif,b_12_presence_of_principal_port/Monterey_principal_port_proximity.tif,b_1_land_percentage/Monterey_CA_b_1.tif,b_2_population_density/Monterey_CA_population_density.tif,b_3_road_density/Monterey_road_density.tif,b_4_residential_area_ra/Monterey_CA_b_4_residential_area_ra.tif,b_5_agriculture_area_aa/Monterey_CA_b_5_agriculture_area_aa.tif,b_6_natural_veg_naa/Monterey_CA_b_6_natural_veg_naa.tif,b_7_wetlands_area_wa/Monterey_CA_b_7_wetlands_area_wa.tif,b_8_water_bodies_wba/Monterey_CA_b_8_water_bodies_wba.tif,b_9_prj_lecz/CA/Monterey_pct_lecz.tif,c_10_pct_wa_in_lecz/Monterey_CA_c_10_pct_wa_in_lecz.tif,c_1_population_below_5/Monterey_CA_c1_pct_under_5.tif,c_2_population_above_65/Monterey_CA_c2_pct_over_65.tif,c_3_road_density_in_lecz/Monterey_road_density_in_lecz.tif,c_4_power_plants_in_lecz/Monterey_power_plants_in_lecz.tif,c_5_aerodromes_in_lecz/Monterey_aerodromes_in_lecz.tif,c_6_emergency_shelters_in_lecz/Monterey_emergency_shelters_in_lecz.tif,c_7_pct_ra_in_lecz/Monterey_CA_c_7_pct_ra_in_lecz.tif,c_8_pct_aa_in_lecz/Monterey_CA_c_8_pct_aa_in_lecz.tif,c_9_pct_nva_in_lecz/Monterey_CA_c_9_pct_nva_in_lecz.tif,d_1_higher_education_percentage/Monterey_CA_d1_higher_ed_pct.tif,d_2_median_family_income_rasters/Monterey_CA_d2_median_income.tif,d_3_emergency_shelters/Monterey_emergency_shelter_proximity.tif,d_4_open_area/Monterey_CA_d_4_open_area.tif,d_5_economically_active_population/Monterey_CA_d5_labor_force_participation.tif,d_6_pct_wba_in_lecz/Monterey_CA_d_6_pct_wba_in_lecz.tif,d_7_pct_oa_in_lecz/Monterey_CA_d_7_pct_oa_in_lecz.tif
"Multnomah, OR",a10_t95_threshold/OR/Multnomah_t95_threshold.tif,a11_t95_avg/OR/Multnomah_t95_avg.tif,a12_t5_threshold/OR/Multnomah_t5_threshold.tif,a13_t5_avg/OR/Multnomah_t5_avg.tif,a14_wind_95_threshold/OR/Multnomah_w95_threshold_daily.tif,a15_wind_avg_extreme/OR/Multnomah_w95_avg_daily.tif,a1_sea_level_rise_trend/OR/Multnomah_slr_trend_lecz.tif,a2_maximum_of_maximum/OR/Multnomah_cat2_mom.tif,a3_max_water_above_mhhw/OR/Multnomah_max_water_lecz.tif,a4_annual_high_tide_flood_days/OR/Multnomah_flood_days_lecz.tif,a5_100yr_flood_data/OR/Multnomah_flood.tif,a6_coastal_erosion_rate/OR/Multnomah_erosion_rate_lecz.tif,a7_vertical_land_motion/OR/Multnomah_vlm.tif,a8_post_wildfire_debris_flow/Multnomah_debris_flow_risk.tif,a9_max_precipitation/OR/Multnomah_rx1day_2000_2024.tif,b_10_presence_of_power_plants/Multnomah_power_plant_proximity.tif,b_11_presence_of_aerodromes/Multnomah_aerodrome_proximity.tif,b_12_presence_of_principal_port/Multnomah_principal_port_proximity.tif,b_1_land_percentage/Multnomah_OR_b_1.tif,b_2_population_density/Multnomah_OR_population_density.tif,b_3_road_density/Multnomah_road_density.tif,b_4_residential_area_ra/Multnomah_OR_b_4_residential_area_ra.tif,b_5_agriculture_area_aa/Multnomah_OR_b_5_agriculture_area_aa.tif,b_6_natural_veg_naa/Multnomah_OR_b_6_natural_veg_naa.tif,b_7_wetlands_area_wa/Multnomah_OR_b_7_wetlands_area_wa.tif,b_8_water_bodies_wba/Multnomah_OR_b_8_water_bodies_wba.tif,b_9_prj_lecz/OR/Multnomah_pct_lecz.tif,c_10_pct_wa_in_lecz/Multnomah_OR_c_10_pct_wa_in_lecz.tif,c_1_population_below_5/Multnomah_OR_c1_pct_under_5.tif,c_2_population_above_65/Multnomah_OR_c2_pct_over_65.tif,c_3_road_density_in_lecz/Multnomah_road_density_in_lecz.tif,c_4_power_plants_in_lecz/Multnomah_power_plants_in_lecz.tif,c_5_aerodromes_in_lecz/Multnomah_aerodromes_in_lecz.tif,c_6_emergency_shelters_in_lecz/Multnomah_emergency_shelters_in_lecz.tif,c_7_pct_ra_in_lecz/Multnomah_OR_c_7_pct_ra_in_lecz.tif,c_8_pct_aa_in_lecz/Multnomah_OR_c_8_pct_aa_in_lecz.tif,c_9_pct_nva_in_lecz/Multnomah_OR_c_9_pct_nva_in_lecz.tif,d_1_higher_education_percentage/Multnomah_OR_d1_higher_ed_pct.tif,d_2_median_family_income_rasters/Multnomah_OR_d2_median_income.tif,d_3_emergency_shelters/Multnomah_emergency_shelter_proximity.tif,d_4_open_area/Multnomah_OR_d_4_open_area.tif,d_5_economically_active_population/Multnomah_OR_d5_labor_force_participation.tif,d_6_pct_wba_in_lecz/Multnomah_OR_d_6_pct_wba_in_lecz.tif,d_7_pct_oa_in_lecz/Multnomah_OR_d_7_pct_oa_in_lecz.tif
"Napa, CA",a10_t95_threshold/CA/Napa_t95_threshold.tif,a11_t95_avg/CA/Napa_t95_avg.tif,a12_t5_threshold/CA/Napa_t5_threshold.tif,a13_t5_avg/CA/Napa_t5_avg.tif,a14_wind_95_threshold/CA/Napa_w95_threshold_daily.tif,a15_wind_avg_extreme/CA/Napa_w95_avg_daily.tif,a1_sea_level_rise_trend/CA/Napa_slr_trend_lecz.tif,a2_maximum_of_maximum/CA/Napa_cat2_mom.tif,a3_max_water_above_mhhw/CA/Napa_max_water_lecz.tif,a4_annual_high_tide_flood_days/CA/Napa_flood_days_lecz.tif,a5_100yr_flood_data/CA/Napa_flood.tif,a6_coastal_erosion_rate/CA/Napa_erosion_rate_lecz.tif,a7_vertical_land_motion/CA/Napa_vlm.tif,a8_post_wildfire_debris_flow/Napa_debris_flow_risk.tif,a9_max_precipitation/CA/Napa_rx1day_2000_2024.tif,b_10_presence_of_power_plants/Napa_power_plant_proximity.tif,b_11_presence_of_aerodromes/Napa_aerodrome_proximity.tif,b_12_presence_of_principal_port/Napa_principal_port_proximity.tif,b_1_land_percentage/Napa_CA_b_1.tif,b_2_population_density/Napa_CA_population_density.tif,b_3_road_density/Napa_road_density.tif,b_4_residential_area_ra/Napa_CA_b_4_residential_area_ra.tif,b_5_agriculture_area_aa/Napa_CA_b_5_agriculture_area_aa.tif,b_6_natural_veg_naa/Napa_CA_b_6_natural_veg_naa.tif,b_7_wetlands_area_wa/Napa_CA_b_7_wetlands_area_wa.tif,b_8_water_bodies_wba/Napa_CA_b_8_water_bodies_wba.tif,b_9_prj_lecz/CA/Napa_pct_lecz.tif,c_10_pct_wa_in_lecz/Napa_CA_c_10_pct_wa_in_lecz.tif,c_1_population_below_5/Napa_CA_c1_pct_under_5.tif,c_2_population_above_65/Napa_CA_c2_pct_over_65.tif,c_3_road_density_in_lecz/Napa_road_density_in_lecz.tif,c_4_power_plants_in_lecz/Napa_power_plants_in_lecz.tif,c_5_aerodromes_in_lecz/Napa_aerodromes_in_lecz.tif,c_6_emergency_shelters_in_lecz/Napa_emergency_shelters_in_lecz.tif,c_7_pct_ra_in_lecz/Napa_CA_c_7_pct_ra_in_lecz.tif,c_8_pct_aa_in_lecz/Napa_CA_c_8_pct_aa_in_lecz.tif,c_9_pct_nva_in_lecz/Napa_CA_c_9_pct_nva_in_lecz.tif,d_1_higher_education_percentage/Napa_CA_d1_higher_ed_pct.tif,d_2_median_family_income_rasters/Napa_CA_d2_median_income.tif,d_3_emergency_shelters/Napa_emergency_shelter_proximity.tif,d_4_open_area/Napa_CA_d_4_open_area.tif,d_5_economically_active_population/Napa_CA_d5_labor_force_participation.tif,d_6_pct_wba_in_lecz/Napa_CA_d_6_pct_wba_in_lecz.tif,d_7_pct_oa_in_lecz/Napa_CA_d_7_pct_oa_in_lecz.tif
"Orange, CA",a10_t95_threshold/CA/Orange_t95_threshold.tif,a11_t95_avg/CA/Orange_t95_avg.tif,a12_t5_threshold/CA/Orange_t5_threshold.tif,a13_t5_avg/CA/Orange_t5_avg.tif,a14_wind_95_threshold/CA/Orange_w95_threshold_daily.tif,a15_wind_avg_extreme/CA/Orange_w95_avg_daily.tif,a1_sea_level_rise_trend/CA/Orange_slr_trend_lecz.tif,a2_maximum_of_maximum/CA/Orange_cat2_mom.tif,a3_max_water_above_mhhw/CA/Orange_max_water_lecz.tif,a4_annual_high_tide_flood_days/CA/Orange_flood_days_lecz.tif,a5_100yr_flood_data/CA/Orange_flood.tif,a6_coastal_erosion_rate/CA/Orange_erosion_rate_lecz.tif,a7_vertical_land_motion/CA/Orange_vlm.tif,a8_post_wildfire_debris_flow/Orange_debris_flow_risk.tif,a9_max_precipitation/CA/Orange_rx1day_2000_2024.tif,b_10_presence_of_power_plants/Orange_power_plant_proximity.tif,b_11_presence_of_aerodromes/Orange_aerodrome_proximity.tif,b_12_presence_of_principal_port/Orange_principal_port_proximity.tif,b_1_land_percentage/Orange_CA_b_1.tif,b_2_population_density/Orange_CA_population_density.tif,b_3_road_density/Orange_road_density.tif,b_4_residential_area_ra/Orange_CA_b_4_residential_area_ra.tif,b_5_agriculture_area_aa/Orange_CA_b_5_agriculture_area_aa.tif,b_6_natural_veg_naa/Orange_CA_b_6_natural_veg_naa.tif,b_7_wetlands_area_wa/Orange_CA_b_7_wetlands_area_wa.tif,b_8_water_bodies_wba/Orange_CA_b_8_water_bodies_wba.tif,b_9_prj_lecz/CA/Orange_pct_lecz.tif,c_10_pct_wa_in_lecz/Orange_CA_c_10_pct_wa_in_lecz.tif,c_1_population_below_5/Orange_CA_c1_pct_under_5.tif,c_2_population_above_65/Orange_CA_c2_pct_over_65.tif,c_3_road_density_in_lecz/Orange_road_density_in_lecz.tif,c_4_power_plants_in_lecz/Orange_power_plants_in_lecz.tif,c_5_aerodromes_in_lecz/Orange_aerodromes_in_lecz.tif,c_6_emergency_shelters_in_lecz/Orange_emergency_shelters_in_lecz.tif,c_7_pct_ra_in_lecz/Orange_CA_c_7_pct_ra_in_lecz.tif,c_8_pct_aa_in_lecz/Orange_CA_c_8_pct_aa_in_lecz.tif,c_9_pct_nva_in_lecz/Orange_CA_c_9_pct_nva_in_lecz.tif,d_1_higher_education_percentage/Orange_CA_d1_higher_ed_pct.tif,d_2_median_family_income_rasters/Orange_CA_d2_median_income.tif,d_3_emergency_shelters/Orange_emergency_shelter_proximity.tif,d_4_open_area/Orange_CA_d_4_open_area.tif,d_5_economically_active_population/Orange_CA_d5_labor_force_participation.tif,d_6_pct_wba_in_lecz/Orange_CA_d_6_pct_wba_in_lecz.tif,d_7_pct_oa_in_lecz/Orange_CA_d_7_pct_oa_in_lecz.tif
"Pacific, WA",a10_t95_threshold/WA/Pacific_t95_threshold.tif,a11_t95_avg/WA/Pacific_t95_avg.tif,a12_t5_threshold/WA/Pacific_t5_threshold.tif,a13_t5_avg/WA/Pacific_t5_avg.tif,a14_wind_95_threshold/WA/Pacific_w95_threshold_daily.tif,a15_wind_avg_extreme/WA/Pacific_w95_avg_daily.tif,a1_sea_level_rise_trend/WA/Pacific_slr_trend_lecz.tif,a2_maximum_of_maximum/WA/Pacific_cat2_mom.tif,a3_max_water_above_mhhw/WA/Pacific_max_water_lecz.tif,a4_annual_high_tide_flood_days/WA/Pacific_flood_days_lecz.tif,a5_100yr_flood_data/WA/Pacific_flood.tif,a6_coastal_erosion_rate/WA/Pacific_erosion_rate_lecz.tif,a7_vertical_land_motion/WA/Pacific_vlm.tif,a8_post_wildfire_debris_flow/Pacific_debris_flow_risk.tif,a9_max_precipitation/WA/Pacific_rx1day_2000_2024.tif,b_10_presence_of_power_plants/Pacific_power_plant_proximity.tif,b_11_presence_of_aerodromes/Pacific_aerodrome_proximity.tif,b_12_presence_of_principal_port/Pacific_principal_port_proximity.tif,b_1_land_percentage/Pacific_WA_b_1.tif,b_2_population_density/Pacific_WA_population_density.tif,b_3_road_density/Pacific_road_density.tif,b_4_residential_area_ra/Pacific_WA_b_4_residential_area_ra.tif,b_5_agriculture_area_aa/Pacific_WA_b_5_agriculture_area_aa.tif,b_6_natural_veg_naa/Pacific_WA_b_6_natural_veg_naa.tif,b_7_wetlands_area_wa/Pacific_WA_b_7_wetlands_area_wa.tif,b_8_water_bodies_wba/Pacific_WA_b_8_water_bodies_wba.tif,b_9_prj_lecz/WA/Pacific_pct_lecz.tif,c_10_pct_wa_in_lecz/Pacific_WA_c_10_pct_wa_in_lecz.tif,c_1_population_below_5/Pacific_WA_c1_pct_under_5.tif,c_2_population_above_65/Pacific_WA_c2_pct_over_65.tif,c_3_road_density_in_lecz/Pacific_road_density_in_lecz.tif,c_4_power_plants_in_lecz/Pacific_power_plants_in_lecz.tif,c_5_aerodromes_in_lecz/Pacific_aerodromes_in_lecz.tif,c_6_emergency_shelters_in_lecz/Pacific_emergency_shelters_in_lecz.tif,c_7_pct_ra_in_lecz/Pacific_WA_c_7_pct_ra_in_lecz.tif,c_8_pct_aa_in_lecz/Pacific_WA_c_8_pct_aa_in_lecz.tif,c_9_pct_nva_in_lecz/Pacific_WA_c_9_pct_nva_in_lecz.tif,d_1_higher_education_percentage/Pacific_WA_d1_higher_ed_pct.tif,d_2_median_family_income_rasters/Pacific_WA_d2_median_income.tif,d_3_emergency_shelters/Pacific_emergency_shelter_proximity.tif,d_4_open_area/Pacific_WA_d_4_open_area.tif,d_5_economically_active_population/Pacific_WA_d5_labor_force_participation.tif,d_6_pct_wba_in_lecz/Pacific_WA_d_6_pct_wba_in_lecz.tif,d_7_pct_oa_in_lecz/Pacific_WA_d_7_pct_oa_in_lecz.tif
"Pierce, WA",a10_t95_threshold/WA/Pierce_t95_threshold.tif,a11_t95_avg/WA/Pierce_t95_avg.tif,a12_t5_threshold/WA/Pierce_t5_threshold.tif,a13_t5_avg/WA/Pierce_t5_avg.tif,a14_wind_95_threshold/WA/Pierce_w95_threshold_daily.tif,a15_wind_avg_extreme/WA/Pierce_w95_avg_daily.tif,a1_sea_level_rise_trend/WA/Pierce_slr_trend_lecz.tif,a2_maximum_of_maximum/WA/Pierce_cat2_mom.tif,a3_max_water_above_mhhw/WA/Pierce_max_water_lecz.tif,a4_annual_high_tide_flood_days/WA/Pierce_flood_days_lecz.tif,a5_100yr_flood_data/WA/Pierce_flood.tif,a6_coastal_erosion_rate/WA/Pierce_erosion_rate_lecz.tif,a7_vertical_land_motion/WA/Pierce_vlm.tif,a8_post_wildfire_debris_flow/Pierce_debris_flow_risk.tif,a9_max_precipitation/WA/Pierce_rx1day_2000_2024.tif,b_10_presence_of_power_plants/Pierce_power_plant_proximity.tif,b_11_presence_of_aerodromes/Pierce_aerodrome_proximity.tif,b_12_presence_of_principal_port/Pierce_principal_port_proximity.tif,b_1_land_percentage/Pierce_WA_b_1.tif,b_2_population_density/Pierce_WA_population_density.tif,b_3_road_density/Pierce_road_density.tif,b_4_residential_area_ra/Pierce_WA_b_4_residential_area_ra.tif,b_5_agriculture_area_aa/Pierce_WA_b_5_agriculture_area_aa.tif,b_6_natural_veg_naa/Pierce_WA_b_6_natural_veg_naa.tif,b_7_wetlands_area_wa/Pierce_WA_b_7_wetlands_area_wa.tif,b_8_water_bodies_wba/Pierce_WA_b_8_water_bodies_wba.tif,b_9_prj_lecz/WA/Pierce_pct_lecz.tif,c_10_pct_wa_in_lecz/Pierce_WA_c_10_pct_wa_in_lecz.tif,c_1_population_below_5/Pierce_WA_c1_pct_under_5.tif,c_2_population_above_65/Pierce_WA_c2_pct_over_65.tif,c_3_road_density_in_lecz/Pierce_road_density_in_lecz.tif,c_4_power_plants_in_lecz/Pierce_power_plants_in_lecz.tif,c_5_aerodromes_in_lecz/Pierce_aerodromes_in_lecz.tif,c_6_emergency_shelters_in_lecz/Pierce_emergency_shelters_in_lecz.tif,c_7_pct_ra_in_lecz/Pierce_WA_c_7_pct_ra_in_lecz.tif,c_8_pct_aa_in_lecz/Pierce_WA_c_8_pct_aa_in_lecz.tif,c_9_pct_nva_in_lecz/Pierce_WA_c_9_pct_nva_in_lecz.tif,d_1_higher_education_percentage/Pierce_WA_d1_higher_ed_pct.tif,d_2_median_family_income_rasters/Pierce_WA_d2_median_income.tif,d_3_emergency_shelters/Pierce_emergency_shelter_proximity.tif,d_4_open_area/Pierce_WA_d_4_open_area.tif,d_5_economically_active_population/Pierce_WA_d5_labor_force_participation.tif,d_6_pct_wba_in_lecz/Pierce_WA_d_6_pct_wba_in_lecz.tif,d_7_pct_oa_in_lecz/Pierce_WA_d_7_pct_oa_in_lecz.tif
"Riverside, CA",a10_t95_threshold/CA/Riverside_t95_threshold.tif,a11_t95_avg/CA/Riverside_t95_avg.tif,a12_t5_threshold/CA/Riverside_t5_threshold.tif,a13_t5_avg/CA/Riverside_t5_avg.tif,a14_wind_95_threshold/CA/Riverside_w95_threshold_daily.tif,a15_wind_avg_extreme/CA/Riverside_w95_avg_daily.tif,a1_sea_level_rise_trend/CA/Riverside_slr_trend_lecz.tif,a2_maximum_of_maximum/CA/Riverside_cat2_mom.tif,a3_max_water_above_mhhw/CA/Riverside_max_water_lecz.tif,a4_annual_high_tide_flood_days/CA/Riverside_flood_days_lecz.tif,a5_100yr_flood_data/CA/Riverside_flood.tif,a6_coastal_erosion_rate/CA/Riverside_erosion_rate_lecz.tif,a7_vertical_land_motion/CA/Riverside_vlm.tif,a8_post_wildfire_debris_flow/Riverside_debris_flow_risk.tif,a9_max_precipitation/CA/Riverside_rx1day_2000_2024.tif,b_10_presence_of_power_plants/Riverside_power_plant_proximity.tif,b_11_presence_of_aerodromes/Riverside_aerodrome_proximity.tif,b_12_presence_of_principal_port/Riverside_principal_port_proximity.tif,b_1_land_percentage/Riverside_CA_b_1.tif,b_2_population_density/Riverside_CA_population_density.tif,b_3_road_density/Riverside_road_density.tif,b_4_residential_area_ra/Riverside_CA_b_4_residential_area_ra.tif,b_5_agriculture_area_aa/Riverside_CA_b_5_agriculture_area_aa.tif,b_6_natural_veg_naa/Riverside_CA_b_6_natural_veg_naa.tif,b_7_wetlands_area_wa/Riverside_CA_b_7_wetlands_area_wa.tif,b_8_water_bodies_wba/Riverside_CA_b_8_water_bodies_wba.tif,b_9_prj_lecz/CA/Riverside_pct_lecz.tif,c_10_pct_wa_in_lecz/Riverside_CA_c_10_pct_wa_in_lecz.tif,c_1_population_below_5/Riverside_CA_c1_pct_under_5.tif,c_2_population_above_65/Riverside_CA_c2_pct_over_65.tif,c_3_road_density_in_lecz/Riverside_road_density_in_lecz.tif,c_4_power_plants_in_lecz/Riverside_power_plants_in_lecz.tif,c_5_aerodromes_in_lecz/Riverside_aerodromes_in_lecz.tif,c_6_emergency_shelters_in_lecz/Riverside_emergency_shelters_in_lecz.tif,c_7_pct_ra_in_lecz/Riverside_CA_c_7_pct_ra_in_lecz.tif,c_8_pct_aa_in_lecz/Riverside_CA_c_8_pct_aa_in_lecz.tif,c_9_pct_nva_in_lecz/Riverside_CA_c_9_pct_nva_in_lecz.tif,d_1_higher_education_percentage/Riverside_CA_d1_higher_ed_pct.tif,d_2_median_family_income_rasters/Riverside_CA_d2_median_income.tif,d_3_emergency_shelters/Riverside_emergency_shelter_proximity.tif,d_4_open_area/Riverside_CA_d_4_open_area.tif,d_5_economically_active_population/Riverside_CA_d5_labor_force_participation.tif,d_6_pct_wba_in_lecz/Riverside_CA_d_6_pct_wba_in_lecz.tif,d_7_pct_oa_in_lecz/Riverside_CA_d_7_pct_oa_in_lecz.tif
"Sacramento, CA",a10_t95_threshold/CA/Sacramento_t95_threshold.tif,a11_t95_avg/CA/Sacramento_t95_avg.tif,a12_t5_threshold/CA/Sacramento_t5_threshold.tif,a13_t5_avg/CA/Sacramento_t5_avg.tif,a14_wind_95_threshold/CA/Sacramento_w95_threshold_daily.tif,a15_wind_avg_extreme/CA/Sacramento_w95_avg_daily.tif,a1_sea_level_rise_trend/CA/Sacramento_slr_trend_lecz.tif,a2_maximum_of_maximum/CA/Sacramento_cat2_mom.tif,a3_max_water_above_mhhw/CA/Sacramento_max_water_lecz.tif,a4_annual_high_tide_flood_days/CA/Sacramento_flood_days_lecz.tif,a5_100yr_flood_data/CA/Sacramento_flood.tif,a6_coastal_erosion_rate/CA/Sacramento_erosion_rate_lecz.tif,a7_vertical_land_motion/CA/Sacramento_vlm.tif,a8_post_wildfire_debris_flow/Sacramento_debris_flow_risk.tif,a9_max_precipitation/CA/Sacramento_rx1day_2000_2024.tif,b_10_presence_of_power_plants/Sacramento_power_plant_proximity.tif,b_11_presence_of_aerodromes/Sacramento_aerodrome_proximity.tif,b_12_presence_of_principal_port/Sacramento_principal_port_proximity.tif,b_1_land_percentage/Sacramento_CA_b_1.tif,b_2_population_density/Sacramento_CA_population_density.tif,b_3_road_density/Sacramento_road_density.tif,b_4_residential_area_ra/Sacramento_CA_b_4_residential_area_ra.tif,b_5_agriculture_area_aa/Sacramento_CA_b_5_agriculture_area_aa.tif,b_6_natural_veg_naa/Sacramento_CA_b_6_natural_veg_naa.tif,b_7_wetlands_area_wa/Sacramento_CA_b_7_wetlands_area_wa.tif,b_8_water_bodies_wba/Sacramento_CA_b_8_water_bodies_wba.tif,b_9_prj_lecz/CA/Sacramento_pct_lecz.tif,c_10_pct_wa_in_lecz/Sacramento_CA_c_10_pct_wa_in_lecz.tif,c_1_population_below_5/Sacramento_CA_c1_pct_under_5.tif,c_2_population_above_65/Sacramento_CA_c2_pct_over_65.tif,c_3_road_density_in_lecz/Sacramento_road_density_in_lecz.tif,c_4_power_plants_in_lecz/Sacramento_power_plants_in_lecz.tif,c_5_aerodromes_in_lecz/Sacramento_aerodromes_in_lecz.tif,c_6_emergency_shelters_in_lecz/Sacramento_emergency_shelters_in_lecz.tif,c_7_pct_ra_in_lecz/Sacramento_CA_c_7_pct_ra_in_lecz.tif,c_8_pct_aa_in_lecz/Sacramento_CA_c_8_pct_aa_in_lecz.tif,c_9_pct_nva_in_lecz/Sacramento_CA_c_9_pct_nva_in_lecz.tif,d_1_higher_education_percentage/Sacramento_CA_d1_higher_ed_pct.tif,d_2_median_family_income_rasters/Sacramento_CA_d2_median_income.tif,d_3_emergency_shelters/Sacramento_emergency_shelter_proximity.tif,d_4_open_area/Sacramento_CA_d_4_open_area.tif,d_5_economically_active_population/Sacramento_CA_d5_labor_force_participation.tif,d_6_pct_wba_in_lecz/Sacramento_CA_d_6_pct_wba_in_lecz.tif,d_7_pct_oa_in_lecz/Sacramento_CA_d_7_pct_oa_in_lecz.tif
"San Benito, CA",a10_t95_threshold/CA/San Benito_t95_threshold.tif,a11_t95_avg/CA/San Benito_t95_avg.tif,a12_t5_threshold/CA/San Benito_t5_threshold.tif,a13_t5_avg/CA/San Benito_t5_avg.tif,a14_wind_95_threshold/CA/San Benito_w95_threshold_daily.tif,a15_wind_avg_extreme/CA/San Benito_w95_avg_daily.tif,a1_sea_level_rise_trend/CA/San_Benito_slr_trend_lecz.tif,a2_maximum_of_maximum/CA/San_Benito_cat2_mom.tif,a3_max_water_above_mhhw/CA/San Benito_max_water_lecz.tif,a4_annual_high_tide_flood_days/CA/San Benito_flood_days_lecz.tif,a5_100yr_flood_data/CA/San_Benito_flood.tif,a6_coastal_erosion_rate/CA/San Benito_erosion_rate_lecz.tif,a7_vertical_land_motion/CA/San_Benito_vlm.tif,a8_post_wildfire_debris_flow/San_Benito_debris_flow_risk.tif,a9_max_precipitation/CA/San_Benito_rx1day_2000_2024.tif,b_10_presence_of_power_plants/San_Benito_power_plant_proximity.tif,b_11_presence_of_aerodromes/San_Benito_aerodrome_proximity.tif,b_12_presence_of_principal_port/San_Benito_principal_port_proximity.tif,b_1_land_percentage/San Benito_CA_b_1.tif,b_2_population_density/San_Benito_CA_population_density.tif,b_3_road_density/San_Benito_road_density.tif,b_4_residential_area_ra/San Benito_CA_b_4_residential_area_ra.tif,b_5_agriculture_area_aa/San Benito_CA_b_5_agriculture_area_aa.tif,b_6_natural_veg_naa/San Benito_CA_b_6_natural_veg_naa.tif,b_7_wetlands_area_wa/San Benito_CA_b_7_wetlands_area_wa.tif,b_8_water_bodies_wba/San Benito_CA_b_8_water_bodies_wba.tif,b_9_prj_lecz/CA/San_Benito_pct_lecz.tif,,c_1_population_below_5/San_Benito_CA_c1_pct_under_5.tif,c_2_population_above_65/San_Benito_CA_c2_pct_over_65.tif,c_3_road_density_in_lecz/San_Benito_road_density_in_lecz.tif,c_4_power_plants_in_lecz/San_Benito_power_plants_in_lecz.tif,c_5_aerodromes_in_lecz/San_Benito_aerodromes_in_lecz.tif,c_6_emergency_shelters_in_lecz/San_Benito_emergency_shelters_in_lecz.tif,,,,d_1_higher_education_percentage/San_Benito_CA_d1_higher_ed_pct.tif,d_2_median_family_income_rasters/San_Benito_CA_d2_median_income.tif,d_3_emergency_shelters/San_Benito_emergency_shelter_proximity.tif,d_4_open_area/San Benito_CA_d_4_open_area.tif,d_5_economically_active_population/San_Benito_CA_d5_labor_force_participation.tif,,
"San Bernardino, CA",a10_t95_threshold/CA/San Bernardino_tile_1_1_t95_threshold.tif,a11_t95_avg/CA/San Bernardino_tile_1_1_t95_avg.tif,a12_t5_threshold/CA/San Bernardino_tile_1_1_t5_threshold.tif,a13_t5_avg/CA/San Bernardino_tile_1_1_t5_avg.tif,a14_wind_95_threshold/CA/San Bernardino_tile_1_1_w95_threshold_daily.tif,a15_wind_avg_extreme/CA/San Bernardino_tile_1_1_w95_avg_daily.tif,a1_sea_level_rise_trend/CA/San_Bernardino_slr_trend_lecz.tif,a2_maximum_of_maximum/CA/San_Bernardino_cat2_mom.tif,a3_max_water_above_mhhw/CA/San Bernardino_max_water_lecz.tif,a4_annual_high_tide_flood_days/CA/San Bernardino_flood_days_lecz.tif,a5_100yr_flood_data/CA/San_Bernardino_flood.tif,a6_coastal_erosion_rate/CA/San Bernardino_erosion_rate_lecz.tif,a7_vertical_land_motion/CA/San_Bernardino_vlm.tif,a8_post_wildfire_debris_flow/San_Bernardino_debris_flow_risk.tif,a9_max_precipitation/CA/San_Bernardino_rx1day_2000_2024_tile_2_2.tif,b_10_presence_of_power_plants/San_Bernardino_power_plant_proximity.tif,b_11_presence_of_aerodromes/San_Bernardino_aerodrome_proximity.tif,b_12_presence_of_principal_port/San_Bernardino_principal_port_proximity.tif,b_1_land_percentage/San Bernardino_CA_b_1.tif,b_2_population_density/San_Bernardino_CA_population_density.tif,b_3_road_density/San_Bernardino_road_density.tif,b_4_residential_area_ra/San Bernardino_CA_b_4_residential_area_ra.tif,b_5_agriculture_area_aa/San Bernardino_CA_b_5_agriculture_area_aa.tif,b_6_natural_veg_naa/San Bernardino_CA_b_6_natural_veg_naa.tif,b_7_wetlands_area_wa/San Bernardino_CA_b_7_wetlands_area_wa.tif,b_8_water_bodies_wba/San Bernardino_CA_b_8_water_bodies_wba.tif,b_9_prj_lecz/CA/San_Bernardino_pct_lecz_tile_2_2.tif,c_10_pct_wa_in_lecz/San Bernardino_CA_c_10_pct_wa_in_lecz.tif,c_1_population_below_5/San_Bernardino_CA_c1_pct_under_5.tif,c_2_population_above_65/San_Bernardino_CA_c2_pct_over_65.tif,c_3_road_density_in_lecz/San_Bernardino_road_density_in_lecz.tif,c_4_power_plants_in_lecz/San_Bernardino_power_plants_in_lecz.tif,c_5_aerodromes_in_lecz/San_Bernardino_aerodromes_in_lecz.tif,c_6_emergency_shelters_in_lecz/San_Bernardino_emergency_shelters_in_lecz.tif,c_7_pct_ra_in_lecz/San Bernardino_CA_c_7_pct_ra_in_lecz.tif,c_8_pct_aa_in_lecz/San Bernardino_CA_c_8_pct_aa_in_lecz.tif,c_9_pct_nva_in_lecz/San Bernardino_CA_c_9_pct_nva_in_lecz.tif,d_1_higher_education_percentage/San_Bernardino_CA_d1_higher_ed_pct.tif,d_2_median_family_income_rasters/San_Bernardino_CA_d2_median_income.tif,d_3_emergency_shelters/San_Bernardino_emergency_shelter_proximity.tif,d_4_open_area/San Bernardino_CA_d_4_open_area.tif,d_5_economically_active_population/San_Bernardino_CA_d5_labor_force_participation.tif,d_6_pct_wba_in_lecz/San Bernardino_CA_d_6_pct_wba_in_lecz.tif,d_7_pct_oa_in_lecz/San Bernardino_CA_d_7_pct_oa_in_lecz.tif
"San Diego, CA",a10_t95_threshold/CA/San Diego_t95_threshold.tif,a11_t95_avg/CA/San Diego_t95_avg.tif,a12_t5_threshold/CA/San Diego_t5_threshold.tif,a13_t5_avg/CA/San Diego_t5_avg.tif,a14_wind_95_threshold/CA/San Diego_w95_threshold_daily.tif,a15_wind_avg_extreme/CA/San Diego_w95_avg_daily.tif,a1_sea_level_rise_trend/CA/San_Diego_slr_trend_lecz.tif,a2_maximum_of_maximum/CA/San_Diego_cat2_mom.tif,a3_max_water_above_mhhw/CA/San Diego_max_water_lecz.tif,a4_annual_high_tide_flood_days/CA/San Diego_flood_days_lecz.tif,a5_100yr_flood_data/CA/San_Diego_flood.tif,a6_coastal_erosion_rate/CA/San Diego_erosion_rate_lecz.tif,a7_vertical_land_motion/CA/San_Diego_vlm.tif,a8_post_wildfire_debris_flow/San_Diego_debris_flow_risk.tif,a9_max_precipitation/CA/San_Diego_rx1day_2000_2024.tif,b_10_presence_of_power_plants/San_Diego_power_plant_proximity.tif,b_11_presence_of_aerodromes/San_Diego_aerodrome_proximity.tif,b_12_presence_of_principal_port/San_Diego_principal_port_proximity.tif,b_1_land_percentage/San Diego_CA_b_1.tif,b_2_population_density/San_Diego_CA_population_density.tif,b_3_road_density/San_Diego_road_density.tif,b_4_residential_area_ra/San Diego_CA_b_4_residential_area_ra.tif,b_5_agriculture_area_aa/San Diego_CA_b_5_agriculture_area_aa.tif,b_6_natural_veg_naa/San Diego_CA_b_6_natural_veg_naa.tif,b_7_wetlands_area_wa/San Diego_CA_b_7_wetlands_area_wa.tif,b_8_water_bodies_wba/San Diego_CA_b_8_water_bodies_wba.tif,b_9_prj_lecz/CA/San_Diego_pct_lecz.tif,c_10_pct_wa_in_lecz/San Diego_CA_c_10_pct_wa_in_lecz.tif,c_1_population_below_5/San_Diego_CA_c1_pct_under_5.tif,c_2_population_above_65/San_Diego_CA_c2_pct_over_65.tif,c_3_road_density_in_lecz/San_Diego_road_density_in_lecz.tif,c_4_power_plants_in_lecz/San_Diego_power_plants_in_lecz.tif,c_5_aerodromes_in_lecz/San_Diego_aerodromes_in_lecz.tif,c_6_emergency_shelters_in_lecz/San_Diego_emergency_shelters_in_lecz.tif,c_7_pct_ra_in_lecz/San Diego_CA_c_7_pct_ra_in_lecz.tif,c_8_pct_aa_in_lecz/San Diego_CA_c_8_pct_aa_in_lecz.tif,c_9_pct_nva_in_lecz/San Diego_CA_c_9_pct_nva_in_lecz.tif,d_1_higher_education_percentage/San_Diego_CA_d1_higher_ed_pct.tif,d_2_median_family_income_rasters/San_Diego_CA_d2_median_income.tif,d_3_emergency_shelters/San_Diego_emergency_shelter_proximity.tif,d_4_open_area/San Diego_CA_d_4_open_area.tif,d_5_economically_active_population/San_Diego_CA_d5_labor_force_participation.tif,d_6_pct_wba_in_lecz/San Diego_CA_d_6_pct_wba_in_lecz.tif,d_7_pct_oa_in_lecz/San Diego_CA_d_7_pct_oa_in_lecz.tif
"San Francisco, CA",a10_t95_threshold/CA/San Francisco_t95_threshold.tif,a11_t95_avg/CA/San Francisco_t95_avg.tif,a12_t5_threshold/CA/San Francisco_t5_threshold.tif,a13_t5_avg/CA/San Francisco_t5_avg.tif,a14_wind_95_threshold/CA/San Francisco_w95_threshold_daily.tif,a15_wind_avg_extreme/CA/San Francisco_w95_avg_daily.tif,a1_sea_level_rise_trend/CA/San_Francisco_slr_trend_lecz.tif,a2_maximum_of_maximum/CA/San_Francisco_cat2_mom.tif,a3_max_water_above_mhhw/CA/San Francisco_max_water_lecz.tif,a4_annual_high_tide_flood_days/CA/San Francisco_flood_days_lecz.tif,a5_100yr_flood_data/CA/San_Francisco_flood.tif,a6_coastal_erosion_rate/CA/San Francisco_erosion_rate_lecz.tif,a7_vertical_land_motion/CA/San_Francisco_vlm.tif,a8_post_wildfire_debris_flow/San_Francisco_debris_flow_risk.tif,a9_max_precipitation/CA/San_Francisco_rx1day_2000_2024.tif,b_10_presence_of_power_plants/San_Francisco_power_plant_proximity.tif,b_11_presence_of_aerodromes/San_Francisco_aerodrome_proximity.tif,b_12_presence_of_principal_port/San_Francisco_principal_port_proximity.tif,b_1_land_percentage/San Francisco_CA_b_1.tif,b_2_population_density/San_Francisco_CA_population_density.tif,b_3_road_density/San_Francisco_road_density.tif,b_4_residential_area_ra/San Francisco_CA_b_4_residential_area_ra.tif,b_5_agriculture_area_aa/San Francisco_CA_b_5_agriculture_area_aa.tif,b_6_natural_veg_naa/San Francisco_CA_b_6_natural_veg_naa.tif,b_7_wetlands_area_wa/San Francisco_CA_b_7_wetlands_area_wa.tif,b_8_water_bodies_wba/San Francisco_CA_b_8_water_bodies_wba.tif,b_9_prj_lecz/CA/San_Francisco_pct_lecz.tif,c_10_pct_wa_in_lecz/San Francisco_CA_c_10_pct_wa_in_lecz.tif,c_1_population_below_5/San_Francisco_CA_c1_pct_under_5.tif,c_2_population_above_65/San_Francisco_CA_c2_pct_over_65.tif,c_3_road_density_in_lecz/San_Francisco_road_density_in_lecz.tif,c_4_power_plants_in_lecz/San_Francisco_power_plants_in_lecz.tif,c_5_aerodromes_in_lecz/San_Francisco_aerodromes_in_lecz.tif,c_6_emergency_shelters_in_lecz/San_Francisco_emergency_shelters_in_lecz.tif,c_7_pct_ra_in_lecz/San Francisco_CA_c_7_pct_ra_in_lecz.tif,c_8_pct_aa_in_lecz/San Francisco_CA_c_8_pct_aa_in_lecz.tif,c_9_pct_nva_in_lecz/San Francisco_CA_c_9_pct_nva_in_lecz.tif,d_1_higher_education_percentage/San_Francisco_CA_d1_higher_ed_pct.tif,d_2_median_family_income_rasters/San_Francisco_CA_d2_median_income.tif,d_3_emergency_shelters/San_Francisco_emergency_shelter_proximity.tif,d_4_open_area/San Francisco_CA_d_4_open_area.tif,d_5_economically_active_population/San_Francisco_CA_d5_labor_force_participation.tif,d_6_pct_wba_in_lecz/San Francisco_CA_d_6_pct_wba_in_lecz.tif,d_7_pct_oa_in_lecz/San Francisco_CA_d_7_pct_oa_in_lecz.tif
"San Joaquin, CA",a10_t95_threshold/CA/San Joaquin_t95_threshold.tif,a11_t95_avg/CA/San Joaquin_t95_avg.tif,a12_t5_threshold/CA/San Joaquin_t5_threshold.tif,a13_t5_avg/CA/San Joaquin_t5_avg.tif,a14_wind_95_threshold/CA/San Joaquin_w95_threshold_daily.tif,a15_wind_avg_extreme/CA/San Joaquin_w95_avg_daily.tif,a1_sea_level_rise_trend/CA/San_Joaquin_slr_trend_lecz.tif,a2_maximum_of_maximum/CA/San_Joaquin_cat2_mom.tif,a3_max_water_above_mhhw/CA/San Joaquin_max_water_lecz.tif,a4_annual_high_tide_flood_days/CA/San Joaquin_flood_days_lecz.tif,a5_100yr_flood_data/CA/San_Joaquin_flood.tif,a6_coastal_erosion_rate/CA/San Joaquin_erosion_rate_lecz.tif,a7_vertical_land_motion/CA/San_Joaquin_vlm.tif,a8_post_wildfire_debris_flow/San_Joaquin_debris_flow_risk.tif,a9_max_precipitation/CA/San_Joaquin_rx1day_2000_2024.tif,b_10_presence_of_power_plants/San_Joaquin_power_plant_proximity.tif,b_11_presence_of_aerodromes/San_Joaquin_aerodrome_proximity.tif,b_12_presence_of_principal_port/San_Joaquin_principal_port_proximity.tif,b_1_land_percentage/San Joaquin_CA_b_1.tif,b_2_population_density/San_Joaquin_CA_population_density.tif,b_3_road_density/San_Joaquin_road_density.tif,b_4_residential_area_ra/San Joaquin_CA_b_4_residential_area_ra.tif,b_5_agriculture_area_aa/San Joaquin_CA_b_5_agriculture_area_aa.tif,b_6_natural_veg_naa/San Joaquin_CA_b_6_natural_veg_naa.tif,b_7_wetlands_area_wa/San Joaquin_CA_b_7_wetlands_area_wa.tif,b_8_water_bodies_wba/San Joaquin_CA_b_8_water_bodies_wba.tif,b_9_prj_lecz/CA/San_Joaquin_pct_lecz.tif,c_10_pct_wa_in_lecz/San Joaquin_CA_c_10_pct_wa_in_lecz.tif,c_1_population_below_5/San_Joaquin_CA_c1_pct_under_5.tif,c_2_population_above_65/San_Joaquin_CA_c2_pct_over_65.tif,c_3_road_density_in_lecz/San_Joaquin_road_density_in_lecz.tif,c_4_power_plants_in_lecz/San_Joaquin_power_plants_in_lecz.tif,c_5_aerodromes_in_lecz/San_Joaquin_aerodromes_in_lecz.tif,c_6_emergency_shelters_in_lecz/San_Joaquin_emergency_shelters_in_lecz.tif,c_7_pct_ra_in_lecz/San Joaquin_CA_c_7_pct_ra_in_lecz.tif,c_8_pct_aa_in_lecz/San Joaquin_CA_c_8_pct_aa_in_lecz.tif,c_9_pct_nva_in_lecz/San Joaquin_CA_c_9_pct_nva_in_lecz.tif,d_1_higher_education_percentage/San_Joaquin_CA_d1_higher_ed_pct.tif,d_2_median_family_income_rasters/San_Joaquin_CA_d2_median_income.tif,d_3_emergency_shelters/San_Joaquin_emergency_shelter_proximity.tif,d_4_open_area/San Joaquin_CA_d_4_open_area.tif,d_5_economically_active_population/San_Joaquin_CA_d5_labor_force_participation.tif,d_6_pct_wba_in_lecz/San Joaquin_CA_d_6_pct_wba_in_lecz.tif,d_7_pct_oa_in_lecz/San Joaquin_CA_d_7_pct_oa_in_lecz.tif
"San Juan, WA",a10_t95_threshold/WA/San Juan_t95_threshold.tif,a11_t95_avg/WA/San Juan_t95_avg.tif,a12_t5_threshold/WA/San Juan_t5_threshold.tif,a13_t5_avg/WA/San Juan_t5_avg.tif,a14_wind_95_threshold/WA/San Juan_w95_threshold_daily.tif,a15_wind_avg_extreme/WA/San Juan_w95_avg_daily.tif,a1_sea_level_rise_trend/WA/San_Juan_slr_trend_lecz.tif,a2_maximum_of_maximum/WA/San_Juan_cat2_mom.tif,a3_max_water_above_mhhw/WA/San Juan_max_water_lecz.tif,a4_annual_high_tide_flood_days/WA/San Juan_flood_days_lecz.tif,a5_100yr_flood_data/WA/San_Juan_flood.tif,a6_coastal_erosion_rate/WA/San Juan_erosion_rate_lecz.tif,a7_vertical_land_motion/WA/San_Juan_vlm.tif,a8_post_wildfire_debris_flow/San_Juan_debris_flow_risk.tif,a9_max_precipitation/WA/San_Juan_rx1day_2000_2024.tif,b_10_presence_of_power_plants/San_Juan_power_plant_proximity.tif,b_11_presence_of_aerodromes/San_Juan_aerodrome_proximity.tif,b_12_presence_of_principal_port/San_Juan_principal_port_proximity.tif,b_1_land_percentage/San Juan_WA_b_1.tif,b_2_population_density/San_Juan_WA_population_density.tif,b_3_road_density/San_Juan_road_density.tif,b_4_residential_area_ra/San Juan_WA_b_4_residential_area_ra.tif,b_5_agriculture_area_aa/San Juan_WA_b_5_agriculture_area_aa.tif,b_6_natural_veg_naa/San Juan_WA_b_6_natural_veg_naa.tif,b_7_wetlands_area_wa/San Juan_WA_b_7_wetlands_area_wa.tif,b_8_water_bodies_wba/San Juan_WA_b_8_water_bodies_wba.tif,b_9_prj_lecz/WA/San_Juan_pct_lecz.tif,c_10_pct_wa_in_lecz/San Juan_WA_c_10_pct_wa_in_lecz.tif,c_1_population_below_5/San_Juan_WA_c1_pct_under_5.tif,c_2_population_above_65/San_Juan_WA_c2_pct_over_65.tif,c_3_road_density_in_lecz/San_Juan_road_density_in_lecz.tif,c_4_power_plants_in_lecz/San_Juan_power_plants_in_lecz.tif,c_5_aerodromes_in_lecz/San_Juan_aerodromes_in_lecz.tif,c_6_emergency_shelters_in_lecz/San_Juan_emergency_shelters_in_lecz.tif,c_7_pct_ra_in_lecz/San Juan_WA_c_7_pct_ra_in_lecz.tif,c_8_pct_aa_in_lecz/San Juan_WA_c_8_pct_aa_in_lecz.tif,c_9_pct_nva_in_lecz/San Juan_WA_c_9_pct_nva_in_lecz.tif,d_1_higher_education_percentage/San_Juan_WA_d1_higher_ed_pct.tif,d_2_median_family_income_rasters/San_Juan_WA_d2_median_income.tif,d_3_emergency_shelters/San_Juan_emergency_shelter_proximity.tif,d_4_open_area/San Juan_WA_d_4_open_area.tif,d_5_economically_active_population/San_Juan_WA_d5_labor_force_participation.tif,d_6_pct_wba_in_lecz/San Juan_WA_d_6_pct_wba_in_lecz.tif,d_7_pct_oa_in_lecz/San Juan_WA_d_7_pct_oa_in_lecz.tif
"San Luis Obispo, CA",a10_t95_threshold/CA/San Luis Obispo_t95_threshold.tif,a11_t95_avg/CA/San Luis Obispo_t95_avg.tif,a12_t5_threshold/CA/San Luis Obispo_t5_threshold.tif,a13_t5_avg/CA/San Luis Obispo_t5_avg.tif,a14_wind_95_threshold/CA/San Luis Obispo_w95_threshold_daily.tif,a15_wind_avg_extreme/CA/San Luis Obispo_w95_avg_daily.tif,a1_sea_level_rise_trend/CA/San_Luis_Obispo_slr_trend_lecz.tif,a2_maximum_of_maximum/CA/San_Luis_Obispo_cat2_mom.tif,a3_max_water_above_mhhw/CA/San Luis Obispo_max_water_lecz.tif,a4_annual_high_tide_flood_days/CA/San Luis Obispo_flood_days_lecz.tif,a5_100yr_flood_data/CA/San_Luis_Obispo_flood.tif,a6_coastal_erosion_rate/CA/San Luis Obispo_erosion_rate_lecz.tif,a7_vertical_land_motion/CA/San_Luis_Obispo_vlm.tif,a8_post_wildfire_debris_flow/San_Luis_Obispo_debris_flow_risk.tif,a9_max_precipitation/CA/San_Luis_Obispo_rx1day_2000_2024.tif,b_10_presence_of_power_plants/San_Luis_Obispo_power_plant_proximity.tif,b_11_presence_of_aerodromes/San_Luis_Obispo_aerodrome_proximity.tif,b_12_presence_of_principal_port/San_Luis_Obispo_principal_port_proximity.tif,b_1_land_percentage/San Luis Obispo_CA_b_1.tif,b_2_population_density/San_Luis_Obispo_CA_population_density.tif,b_3_road_density/San_Luis_Obispo_road_density.tif,b_4_residential_area_ra/San Luis Obispo_CA_b_4_residential_area_ra.tif,b_5_agriculture_area_aa/San Luis Obispo_CA_b_5_agriculture_area_aa.tif,b_6_natural_veg_naa/San Luis Obispo_CA_b_6_natural_veg_naa.tif,b_7_wetlands_area_wa/San Luis Obispo_CA_b_7_wetlands_area_wa.tif,b_8_water_bodies_wba/San Luis Obispo_CA_b_8_water_bodies_wba.tif,b_9_prj_lecz/CA/San_Luis_Obispo_pct_lecz.tif,c_10_pct_wa_in_lecz/San Luis Obispo_CA_c_10_pct_wa_in_lecz.tif,c_1_population_below_5/San_Luis_Obispo_CA_c1_pct_under_5.tif,c_2_population_above_65/San_Luis_Obispo_CA_c2_pct_over_65.tif,c_3_road_density_in_lecz/San_Luis_Obispo_road_density_in_lecz.tif,c_4_power_plants_in_lecz/San_Luis_Obispo_power_plants_in_lecz.tif,c_5_aerodromes_in_lecz/San_Luis_Obispo_aerodromes_in_lecz.tif,c_6_emergency_shelters_in_lecz/San_Luis_Obispo_emergency_shelters_in_lecz.tif,c_7_pct_ra_in_lecz/San Luis Obispo_CA_c_7_pct_ra_in_lecz.tif,c_8_pct_aa_in_lecz/San Luis Obispo_CA_c_8_pct_aa_in_lecz.tif,c_9_pct_nva_in_lecz/San Luis Obispo_CA_c_9_pct_nva_in_lecz.tif,d_1_higher_education_percentage/San_Luis_Obispo_CA_d1_higher_ed_pct.tif,d_2_median_family_income_rasters/San_Luis_Obispo_CA_d2_median_income.tif,d_3_emergency_shelters/San_Luis_Obispo_emergency_shelter_proximity.tif,d_4_open_area/San Luis Obispo_CA_d_4_open_area.tif,d_5_economically_active_population/San_Luis_Obispo_CA_d5_labor_force_participation.tif,d_6_pct_wba_in_lecz/San Luis Obispo_CA_d_6_pct_wba_in_lecz.tif,d_7_pct_oa_in_lecz/San Luis Obispo_CA_d_7_pct_oa_in_lecz.tif
"San Mateo, CA",a10_t95_threshold/CA/San Mateo_t95_threshold.tif,a11_t95_avg/CA/San Mateo_t95_avg.tif,a12_t5_threshold/CA/San Mateo_t5_threshold.tif,a13_t5_avg/CA/San Mateo_t5_avg.tif,a14_wind_95_threshold/CA/San Mateo_w95_threshold_daily.tif,a15_wind_avg_extreme/CA/San Mateo_w95_avg_daily.tif,a1_sea_level_rise_trend/CA/San_Mateo_slr_trend_lecz.tif,a2_maximum_of_maximum/CA/San_Mateo_cat2_mom.tif,a3_max_water_above_mhhw/CA/San Mateo_max_water_lecz.tif,a4_annual_high_tide_flood_days/CA/San Mateo_flood_days_lecz.tif,a5_100yr_flood_data/CA/San_Mateo_flood.tif,a6_coastal_erosion_rate/CA/San Mateo_erosion_rate_lecz.tif,a7_vertical_land_motion/CA/San_Mateo_vlm.tif,a8_post_wildfire_debris_flow/San_Mateo_debris_flow_risk.tif,a9_max_precipitation/CA/San_Mateo_rx1day_2000_2024.tif,b_10_presence_of_power_plants/San_Mateo_power_plant_proximity.tif,b_11_presence_of_aerodromes/San_Mateo_aerodrome_proximity.tif,b_12_presence_of_principal_port/San_Mateo_principal_port_proximity.tif,b_1_land_percentage/San Mateo_CA_b_1.tif,b_2_population_density/San_Mateo_CA_population_density.tif,b_3_road_density/San_Mateo_road_density.tif,b_4_residential_area_ra/San Mateo_CA_b_4_residential_area_ra.tif,b_5_agriculture_area_aa/San Mateo_CA_b_5_agriculture_area_aa.tif,b_6_natural_veg_naa/San Mateo_CA_b_6_natural_veg_naa.tif,b_7_wetlands_area_wa/San Mateo_CA_b_7_wetlands_area_wa.tif,b_8_water_bodies_wba/San Mateo_CA_b_8_water_bodies_wba.tif,b_9_prj_lecz/CA/San_Mateo_pct_lecz.tif,c_10_pct_wa_in_lecz/San Mateo_CA_c_10_pct_wa_in_lecz.tif,c_1_population_below_5/San_Mateo_CA_c1_pct_under_5.tif,c_2_population_above_65/San_Mateo_CA_c2_pct_over_65.tif,c_3_road_density_in_lecz/San_Mateo_road_density_in_lecz.tif,c_4_power_plants_in_lecz/San_Mateo_power_plants_in_lecz.tif,c_5_aerodromes_in_lecz/San_Mateo_aerodromes_in_lecz.tif,c_6_emergency_shelters_in_lecz/San_Mateo_emergency_shelters_in_lecz.tif,c_7_pct_ra_in_lecz/San Mateo_CA_c_7_pct_ra_in_lecz.tif,c_8_pct_aa_in_lecz/San Mateo_CA_c_8_pct_aa_in_lecz.tif,c_9_pct_nva_in_lecz/San Mateo_CA_c_9_pct_nva_in_lecz.tif,d_1_higher_education_percentage/San_Mateo_CA_d1_higher_ed_pct.tif,d_2_median_family_income_rasters/San_Mateo_CA_d2_median_income.tif,d_3_emergency_shelters/San_Mateo_emergency_shelter_proximity.tif,d_4_open_area/San Mateo_CA_d_4_open_area.tif,d_5_economically_active_population/San_Mateo_CA_d5_labor_force_participation.tif,d_6_pct_wba_in_lecz/San Mateo_CA_d_6_pct_wba_in_lecz.tif,d_7_pct_oa_in_lecz/San Mateo_CA_d_7_pct_oa_in_lecz.tif
"Santa Barbara, CA",a10_t95_threshold/CA/Santa Barbara_t95_threshold.tif,a11_t95_avg/CA/Santa Barbara_t95_avg.tif,a12_t5_threshold/CA/Santa Barbara_t5_threshold.tif,a13_t5_avg/CA/Santa Barbara_t5_avg.tif,a14_wind_95_threshold/CA/Santa Barbara_w95_threshold_daily.tif,a15_wind_avg_extreme/CA/Santa Barbara_w95_avg_daily.tif,a1_sea_level_rise_trend/CA/Santa_Barbara_slr_trend_lecz.tif,a2_maximum_of_maximum/CA/Santa_Barbara_cat2_mom.tif,a3_max_water_above_mhhw/CA/Santa Barbara_max_water_lecz.tif,a4_annual_high_tide_flood_days/CA/Santa Barbara_flood_days_lecz.tif,a5_100yr_flood_data/CA/Santa_Barbara_flood.tif,a6_coastal_erosion_rate/CA/Santa Barbara_erosion_rate_lecz.tif,a7_vertical_land_motion/CA/Santa_Barbara_vlm.tif,a8_post_wildfire_debris_flow/Santa_Barbara_debris_flow_risk.tif,a9_max_precipitation/CA/Santa_Barbara_rx1day_2000_2024.tif,b_10_presence_of_power_plants/Santa_Barbara_power_plant_proximity.tif,b_11_presence_of_aerodromes/Santa_Barbara_aerodrome_proximity.tif,b_12_presence_of_principal_port/Santa_Barbara_principal_port_proximity.tif,b_1_land_percentage/Santa Barbara_CA_b_1.tif,b_2_population_density/Santa_Barbara_CA_population_density.tif,b_3_road_density/Santa_Barbara_road_density.tif,b_4_residential_area_ra/Santa Barbara_CA_b_4_residential_area_ra.tif,b_5_agriculture_area_aa/Santa Barbara_CA_b_5_agriculture_area_aa.tif,b_6_natural_veg_naa/Santa Barbara_CA_b_6_natural_veg_naa.tif,b_7_wetlands_area_wa/Santa Barbara_CA_b_7_wetlands_area_wa.tif,b_8_water_bodies_wba/Santa Barbara_CA_b_8_water_bodies_wba.tif,b_9_prj_lecz/CA/Santa_Barbara_pct_lecz.tif,c_10_pct_wa_in_lecz/Santa Barbara_CA_c_10_pct_wa_in_lecz.tif,c_1_population_below_5/Santa_Barbara_CA_c1_pct_under_5.tif,c_2_population_above_65/Santa_Barbara_CA_c2_pct_over_65.tif,c_3_road_density_in_lecz/Santa_Barbara_road_density_in_lecz.tif,c_4_power_plants_in_lecz/Santa_Barbara_power_plants_in_lecz.tif,c_5_aerodromes_in_lecz/Santa_Barbara_aerodromes_in_lecz.tif,c_6_emergency_shelters_in_lecz/Santa_Barbara_emergency_shelters_in_lecz.tif,c_7_pct_ra_in_lecz/Santa Barbara_CA_c_7_pct_ra_in_lecz.tif,c_8_pct_aa_in_lecz/Santa Barbara_CA_c_8_pct_aa_in_lecz.tif,c_9_pct_nva_in_lecz/Santa Barbara_CA_c_9_pct_nva_in_lecz.tif,d_1_higher_education_percentage/Santa_Barbara_CA_d1_higher_ed_pct.tif,d_2_median_family_income_rasters/Santa_Barbara_CA_d2_median_income.tif,d_3_emergency_shelters/Santa_Barbara_emergency_shelter_proximity.tif,d_4_open_area/Santa Barbara_CA_d_4_open_area.tif,d_5_economically_active_population/Santa_Barbara_CA_d5_labor_force_participation.tif,d_6_pct_wba_in_lecz/Santa Barbara_CA_d_6_pct_wba_in_lecz.tif,d_7_pct_oa_in_lecz/Santa Barbara_CA_d_7_pct_oa_in_lecz.tif
"Santa Clara, CA",a10_t95_threshold/CA/Santa Clara_t95_threshold.tif,a11_t95_avg/CA/Santa Clara_t95_avg.tif,a12_t5_threshold/CA/Santa Clara_t5_threshold.tif,a13_t5_avg/CA/Santa Clara_t5_avg.tif,a14_wind_95_threshold/CA/Santa Clara_w95_threshold_daily.tif,a15_wind_avg_extreme/CA/Santa Clara_w95_avg_daily.tif,a1_sea_level_rise_trend/CA/Santa_Clara_slr_trend_lecz.tif,a2_maximum_of_maximum/CA/Santa_Clara_cat2_mom.tif,a3_max_water_above_mhhw/CA/Santa Clara_max_water_lecz.tif,a4_annual_high_tide_flood_days/CA/Santa Clara_flood_days_lecz.tif,a5_100yr_flood_data/CA/Santa_Clara_flood.tif,a6_coastal_erosion_rate/CA/Santa Clara_erosion_rate_lecz.tif,a7_vertical_land_motion/CA/Santa_Clara_vlm.tif,a8_post_wildfire_debris_flow/Santa_Clara_debris_flow_risk.tif,a9_max_precipitation/CA/Santa_Clara_rx1day_2000_2024.tif,b_10_presence_of_power_plants/Santa_Clara_power_plant_proximity.tif,b_11_presence_of_aerodromes/Santa_Clara_aerodrome_proximity.tif,b_12_presence_of_principal_port/Santa_Clara_principal_port_proximity.tif,b_1_land_percentage/Santa Clara_CA_b_1.tif,b_2_population_density/Santa_Clara_CA_population_density.tif,b_3_road_density/Santa_Clara_road_density.tif,b_4_residential_area_ra/Santa Clara_CA_b_4_residential_area_ra.tif,b_5_agriculture_area_aa/Santa Clara_CA_b_5_agriculture_area_aa.tif,b_6_natural_veg_naa/Santa Clara_CA_b_6_natural_veg_naa.tif,b_7_wetlands_area_wa/Santa Clara_CA_b_7_wetlands_area_wa.tif,b_8_water_bodies_wba/Santa Clara_CA_b_8_water_bodies_wba.tif,b_9_prj_lecz/CA/Santa_Clara_pct_lecz.tif,c_10_pct_wa_in_lecz/Santa Clara_CA_c_10_pct_wa_in_lecz.tif,c_1_population_below_5/Santa_Clara_CA_c1_pct_under_5.tif,c_2_population_above_65/Santa_Clara_CA_c2_pct_over_65.tif,c_3_road_density_in_lecz/Santa_Clara_road_density_in_lecz.tif,c_4_power_plants_in_lecz/Santa_Clara_power_plants_in_lecz.tif,c_5_aerodromes_in_lecz/Santa_Clara_aerodromes_in_lecz.tif,c_6_emergency_shelters_in_lecz/Santa_Clara_emergency_shelters_in_lecz.tif,c_7_pct_ra_in_lecz/Santa Clara_CA_c_7_pct_ra_in_lecz.tif,c_8_pct_aa_in_lecz/Santa Clara_CA_c_8_pct_aa_in_lecz.tif,c_9_pct_nva_in_lecz/Santa Clara_CA_c_9_pct_nva_in_lecz.tif,d_1_higher_education_percentage/Santa_Clara_CA_d1_higher_ed_pct.tif,d_2_median_family_income_rasters/Santa_Clara_CA_d2_median_income.tif,d_3_emergency_shelters/Santa_Clara_emergency_shelter_proximity.tif,d_4_open_area/Santa Clara_CA_d_4_open_area.tif,d_5_economically_active_population/Santa_Clara_CA_d5_labor_force_participation.tif,d_6_pct_wba_in_lecz/Santa Clara_CA_d_6_pct_wba_in_lecz.tif,d_7_pct_oa_in_lecz/Santa Clara_CA_d_7_pct_oa_in_lecz.tif
"Santa Cruz, CA",a10_t95_threshold/CA/Santa Cruz_t95_threshold.tif,a11_t95_avg/CA/Santa Cruz_t95_avg.tif,a12_t5_threshold/CA/Santa Cruz_t5_threshold.tif,a13_t5_avg/CA/Santa Cruz_t5_avg.tif,a14_wind_95_threshold/CA/Santa Cruz_w95_threshold_daily.tif,a15_wind_avg_extreme/CA/Santa Cruz_w95_avg_daily.tif,a1_sea_level_rise_trend/CA/Santa_Cruz_slr_trend_lecz.tif,a2_maximum_of_maximum/CA/Santa_Cruz_cat2_mom.tif,a3_max_water_above_mhhw/CA/Santa Cruz_max_water_lecz.tif,a4_annual_high_tide_flood_days/CA/Santa Cruz_flood_days_lecz.tif,a5_100yr_flood_data/CA/Santa_Cruz_flood.tif,a6_coastal_erosion_rate/CA/Santa Cruz_erosion_rate_lecz.tif,a7_vertical_land_motion/CA/Santa_Cruz_vlm.tif,a8_post_wildfire_debris_flow/Santa_Cruz_debris_flow_risk.tif,a9_max_precipitation/CA/Santa_Cruz_rx1day_2000_2024.tif,b_10_presence_of_power_plants/Santa_Cruz_power_plant_proximity.tif,b_11_presence_of_aerodromes/Santa_Cruz_aerodrome_proximity.tif,b_12_presence_of_principal_port/Santa_Cruz_principal_port_proximity.tif,b_1_land_percentage/Santa Cruz_CA_b_1.tif,b_2_population_density/Santa_Cruz_CA_population_density.tif,b_3_road_density/Santa_Cruz_road_density.tif,b_4_residential_area_ra/Santa Cruz_CA_b_4_residential_area_ra.tif,b_5_agriculture_area_aa/Santa Cruz_CA_b_5_agriculture_area_aa.tif,b_6_natural_veg_naa/Santa Cruz_CA_b_6_natural_veg_naa.tif,b_7_wetlands_area_wa/Santa Cruz_CA_b_7_wetlands_area_wa.tif,b_8_water_bodies_wba/Santa Cruz_CA_b_8_water_bodies_wba.tif,b_9_prj_lecz/CA/Santa_Cruz_pct_lecz.tif,c_10_pct_wa_in_lecz/Santa Cruz_CA_c_10_pct_wa_in_lecz.tif,c_1_population_below_5/Santa_Cruz_CA_c1_pct_under_5.tif,c_2_population_above_65/Santa_Cruz_CA_c2_pct_over_65.tif,c_3_road_density_in_lecz/Santa_Cruz_road_density_in_lecz.tif,c_4_power_plants_in_lecz/Santa_Cruz_power_plants_in_lecz.tif,c_5_aerodromes_in_lecz/Santa_Cruz_aerodromes_in_lecz.tif,c_6_emergency_shelters_in_lecz/Santa_Cruz_emergency_shelters_in_lecz.tif,c_7_pct_ra_in_lecz/Santa Cruz_CA_c_7_pct_ra_in_lecz.tif,c_8_pct_aa_in_lecz/Santa Cruz_CA_c_8_pct_aa_in_lecz.tif,c_9_pct_nva_in_lecz/Santa Cruz_CA_c_9_pct_nva_in_lecz.tif,d_1_higher_education_percentage/Santa_Cruz_CA_d1_higher_ed_pct.tif,d_2_median_family_income_rasters/Santa_Cruz_CA_d2_median_income.tif,d_3_emergency_shelters/Santa_Cruz_emergency_shelter_proximity.tif,d_4_open_area/Santa Cruz_CA_d_4_open_area.tif,d_5_economically_active_population/Santa_Cruz_CA_d5_labor_force_participation.tif,d_6_pct_wba_in_lecz/Santa Cruz_CA_d_6_pct_wba_in_lecz.tif,d_7_pct_oa_in_lecz/Santa Cruz_CA_d_7_pct_oa_in_lecz.tif
"Siskiyou, CA",a10_t95_threshold/CA/Siskiyou_t95_threshold.tif,a11_t95_avg/CA/Siskiyou_t95_avg.tif,a12_t5_threshold/CA/Siskiyou_t5_threshold.tif,a13_t5_avg/CA/Siskiyou_t5_avg.tif,a14_wind_95_threshold/CA/Siskiyou_w95_threshold_daily.tif,a15_wind_avg_extreme/CA/Siskiyou_w95_avg_daily.tif,a1_sea_level_rise_trend/CA/Siskiyou_slr_trend_lecz.tif,a2_maximum_of_maximum/CA/Siskiyou_cat2_mom.tif,a3_max_water_above_mhhw/CA/Siskiyou_max_water_lecz.tif,a4_annual_high_tide_flood_days/CA/Siskiyou_flood_days_lecz.tif,a5_100yr_flood_data/CA/Siskiyou_flood.tif,a6_coastal_erosion_rate/CA/Siskiyou_erosion_rate_lecz.tif,a7_vertical_land_motion/CA/Siskiyou_vlm.tif,a8_post_wildfire_debris_flow/Siskiyou_debris_flow_risk.tif,a9_max_precipitation/CA/Siskiyou_rx1day_2000_2024.tif,b_10_presence_of_power_plants/Siskiyou_power_plant_proximity.tif,b_11_presence_of_aerodromes/Siskiyou_aerodrome_proximity.tif,b_12_presence_of_principal_port/Siskiyou_principal_port_proximity.tif,b_1_land_percentage/Siskiyou_CA_b_1.tif,b_2_population_density/Siskiyou_CA_population_density.tif,b_3_road_density/Siskiyou_road_density.tif,b_4_residential_area_ra/Siskiyou_CA_b_4_residential_area_ra.tif,b_5_agriculture_area_aa/Siskiyou_CA_b_5_agriculture_area_aa.tif,b_6_natural_veg_naa/Siskiyou_CA_b_6_natural_veg_naa.tif,b_7_wetlands_area_wa/Siskiyou_CA_b_7_wetlands_area_wa.tif,b_8_water_bodies_wba/Siskiyou_CA_b_8_water_bodies_wba.tif,b_9_prj_lecz/CA/Siskiyou_pct_lecz.tif,,c_1_population_below_5/Siskiyou_CA_c1_pct_under_5.tif,c_2_population_above_65/Siskiyou_CA_c2_pct_over_65.tif,c_3_road_density_in_lecz/Siskiyou_road_density_in_lecz.tif,c_4_power_plants_in_lecz/Siskiyou_power_plants_in_lecz.tif,c_5_aerodromes_in_lecz/Siskiyou_aerodromes_in_lecz.tif,c_6_emergency_shelters_in_lecz/Siskiyou_emergency_shelters_in_lecz.tif,,,,d_1_higher_education_percentage/Siskiyou_CA_d1_higher_ed_pct.tif,d_2_median_family_income_rasters/Siskiyou_CA_d2_median_income.tif,d_3_emergency_shelters/Siskiyou_emergency_shelter_proximity.tif,d_4_open_area/Siskiyou_CA_d_4_open_area.tif,d_5_economically_active_population/Siskiyou_CA_d5_labor_force_participation.tif,,
"Skagit, WA",a10_t95_threshold/WA/Skagit_t95_threshold.tif,a11_t95_avg/WA/Skagit_t95_avg.tif,a12_t5_threshold/WA/Skagit_t5_threshold.tif,a13_t5_avg/WA/Skagit_t5_avg.tif,a14_wind_95_threshold/WA/Skagit_w95_threshold_daily.tif,a15_wind_avg_extreme/WA/Skagit_w95_avg_daily.tif,a1_sea_level_rise_trend/WA/Skagit_slr_trend_lecz.tif,a2_maximum_of_maximum/WA/Skagit_cat2_mom.tif,a3_max_water_above_mhhw/WA/Skagit_max_water_lecz.tif,a4_annual_high_tide_flood_days/WA/Skagit_flood_days_lecz.tif,a5_100yr_flood_data/WA/Skagit_flood.tif,a6_coastal_erosion_rate/WA/Skagit_erosion_rate_lecz.tif,a7_vertical_land_motion/WA/Skagit_vlm.tif,a8_post_wildfire_debris_flow/Skagit_debris_flow_risk.tif,a9_max_precipitation/WA/Skagit_rx1day_2000_2024.tif,b_10_presence_of_power_plants/Skagit_power_plant_proximity.tif,b_11_presence_of_aerodromes/Skagit_aerodrome_proximity.tif,b_12_presence_of_principal_port/Skagit_principal_port_proximity.tif,b_1_land_percentage/Skagit_WA_b_1.tif,b_2_population_density/Skagit_WA_population_density.tif,b_3_road_density/Skagit_road_density.tif,b_4_residential_area_ra/Skagit_WA_b_4_residential_area_ra.tif,b_5_agriculture_area_aa/Skagit_WA_b_5_agriculture_area_aa.tif,b_6_natural_veg_naa/Skagit_WA_b_6_natural_veg_naa.tif,b_7_wetlands_area_wa/Skagit_WA_b_7_wetlands_area_wa.tif,b_8_water_bodies_wba/Skagit_WA_b_8_water_bodies_wba.tif,b_9_prj_lecz/WA/Skagit_pct_lecz.tif,c_10_pct_wa_in_lecz/Skagit_WA_c_10_pct_wa_in_lecz.tif,c_1_population_below_5/Skagit_WA_c1_pct_under_5.tif,c_2_population_above_65/Skagit_WA_c2_pct_over_65.tif,c_3_road_density_in_lecz/Skagit_road_density_in_lecz.tif,c_4_power_plants_in_lecz/Skagit_power_plants_in_lecz.tif,c_5_aerodromes_in_lecz/Skagit_aerodromes_in_lecz.tif,c_6_emergency_shelters_in_lecz/Skagit_emergency_shelters_in_lecz.tif,c_7_pct_ra_in_lecz/Skagit_WA_c_7_pct_ra_in_lecz.tif,c_8_pct_aa_in_lecz/Skagit_WA_c_8_pct_aa_in_lecz.tif,c_9_pct_nva_in_lecz/Skagit_WA_c_9_pct_nva_in_lecz.tif,d_1_higher_education_percentage/Skagit_WA_d1_higher_ed_pct.tif,d_2_median_family_income_rasters/Skagit_WA_d2_median_income.tif,d_3_emergency_shelters/Skagit_emergency_shelter_proximity.tif,d_4_open_area/Skagit_WA_d_4_open_area.tif,d_5_economically_active_population/Skagit_WA_d5_labor_force_participation.tif,d_6_pct_wba_in_lecz/Skagit_WA_d_6_pct_wba_in_lecz.tif,d_7_pct_oa_in_lecz/Skagit_WA_d_7_pct_oa_in_lecz.tif
"Skamania, WA",a10_t95_threshold/WA/Skamania_t95_threshold.tif,a11_t95_avg/WA/Skamania_t95_avg.tif,a12_t5_threshold/WA/Skamania_t5_threshold.tif,a13_t5_avg/WA/Skamania_t5_avg.tif,a14_wind_95_threshold/WA/Skamania_w95_threshold_daily.tif,a15_wind_avg_extreme/WA/Skamania_w95_avg_daily.tif,a1_sea_level_rise_trend/WA/Skamania_slr_trend_lecz.tif,a2_maximum_of_maximum/WA/Skamania_cat2_mom.tif,a3_max_water_above_mhhw/WA/Skamania_max_water_lecz.tif,a4_annual_high_tide_flood_days/WA/Skamania_flood_days_lecz.tif,a5_100yr_flood_data/WA/Skamania_flood.tif,a6_coastal_erosion_rate/WA/Skamania_erosion_rate_lecz.tif,a7_vertical_land_motion/WA/Skamania_vlm.tif,a8_post_wildfire_debris_flow/Skamania_debris_flow_risk.tif,a9_max_precipitation/WA/Skamania_rx1day_2000_2024.tif,b_10_presence_of_power_plants/Skamania_power_plant_proximity.tif,b_11_presence_of_aerodromes/Skamania_aerodrome_proximity.tif,b_12_presence_of_principal_port/Skamania_principal_port_proximity.tif,b_1_land_percentage/Skamania_WA_b_1.tif,b_2_population_density/Skamania_WA_population_density.tif,b_3_road_density/Skamania_road_density.tif,b_4_residential_area_ra/Skamania_WA_b_4_residential_area_ra.tif,b_5_agriculture_area_aa/Skamania_WA_b_5_agriculture_area_aa.tif,b_6_natural_veg_naa/Skamania_WA_b_6_natural_veg_naa.tif,b_7_wetlands_area_wa/Skamania_WA_b_7_wetlands_area_wa.tif,b_8_water_bodies_wba/Skamania_WA_b_8_water_bodies_wba.tif,b_9_prj_lecz/WA/Skamania_pct_lecz.tif,c_10_pct_wa_in_lecz/Skamania_WA_c_10_pct_wa_in_lecz.tif,c_1_population_below_5/Skamania_WA_c1_pct_under_5.tif,c_2_population_above_65/Skamania_WA_c2_pct_over_65.tif,c_3_road_density_in_lecz/Skamania_road_density_in_lecz.tif,c_4_power_plants_in_lecz/Skamania_power_plants_in_lecz.tif,c_5_aerodromes_in_lecz/Skamania_aerodromes_in_lecz.tif,c_6_emergency_shelters_in_lecz/Skamania_emergency_shelters_in_lecz.tif,c_7_pct_ra_in_lecz/Skamania_WA_c_7_pct_ra_in_lecz.tif,c_8_pct_aa_in_lecz/Skamania_WA_c_8_pct_aa_in_lecz.tif,c_9_pct_nva_in_lecz/Skamania_WA_c_9_pct_nva_in_lecz.tif,d_1_higher_education_percentage/Skamania_WA_d1_higher_ed_pct.tif,d_2_median_family_income_rasters/Skamania_WA_d2_median_income.tif,d_3_emergency_shelters/Skamania_emergency_shelter_proximity.tif,d_4_open_area/Skamania_WA_d_4_open_area.tif,d_5_economically_active_population/Skamania_WA_d5_labor_force_participation.tif,d_6_pct_wba_in_lecz/Skamania_WA_d_6_pct_wba_in_lecz.tif,d_7_pct_oa_in_lecz/Skamania_WA_d_7_pct_oa_in_lecz.tif
"Snohomish, WA",a10_t95_threshold/WA/Snohomish_t95_threshold.tif,a11_t95_avg/WA/Snohomish_t95_avg.tif,a12_t5_threshold/WA/Snohomish_t5_threshold.tif,a13_t5_avg/WA/Snohomish_t5_avg.tif,a14_wind_95_threshold/WA/Snohomish_w95_threshold_daily.tif,a15_wind_avg_extreme/WA/Snohomish_w95_avg_daily.tif,a1_sea_level_rise_trend/WA/Snohomish_slr_trend_lecz.tif,a2_maximum_of_maximum/WA/Snohomish_cat2_mom.tif,a3_max_water_above_mhhw/WA/Snohomish_max_water_lecz.tif,a4_annual_high_tide_flood_days/WA/Snohomish_flood_days_lecz.tif,a5_100yr_flood_data/WA/Snohomish_flood.tif,a6_coastal_erosion_rate/WA/Snohomish_erosion_rate_lecz.tif,a7_vertical_land_motion/WA/Snohomish_vlm.tif,a8_post_wildfire_debris_flow/Snohomish_debris_flow_risk.tif,a9_max_precipitation/WA/Snohomish_rx1day_2000_2024.tif,b_10_presence_of_power_plants/Snohomish_power_plant_proximity.tif,b_11_presence_of_aerodromes/Snohomish_aerodrome_proximity.tif,b_12_presence_of_principal_port/Snohomish_principal_port_proximity.tif,b_1_land_percentage/Snohomish_WA_b_1.tif,b_2_population_density/Snohomish_WA_population_density.tif,b_3_road_density/Snohomish_road_density.tif,b_4_residential_area_ra/Snohomish_WA_b_4_residential_area_ra.tif,b_5_agriculture_area_aa/Snohomish_WA_b_5_agriculture_area_aa.tif,b_6_natural_veg_naa/Snohomish_WA_b_6_natural_veg_naa.tif,b_7_wetlands_area_wa/Snohomish_WA_b_7_wetlands_area_wa.tif,b_8_water_bodies_wba/Snohomish_WA_b_8_water_bodies_wba.tif,b_9_prj_lecz/WA/Snohomish_pct_lecz.tif,c_10_pct_wa_in_lecz/Snohomish_WA_c_10_pct_wa_in_lecz.tif,c_1_population_below_5/Snohomish_WA_c1_pct_under_5.tif,c_2_population_above_65/Snohomish_WA_c2_pct_over_65.tif,c_3_road_density_in_lecz/Snohomish_road_density_in_lecz.tif,c_4_power_plants_in_lecz/Snohomish_power_plants_in_lecz.tif,c_5_aerodromes_in_lecz/Snohomish_aerodromes_in_lecz.tif,c_6_emergency_shelters_in_lecz/Snohomish_emergency_shelters_in_lecz.tif,c_7_pct_ra_in_lecz/Snohomish_WA_c_7_pct_ra_in_lecz.tif,c_8_pct_aa_in_lecz/Snohomish_WA_c_8_pct_aa_in_lecz.tif,c_9_pct_nva_in_lecz/Snohomish_WA_c_9_pct_nva_in_lecz.tif,d_1_higher_education_percentage/Snohomish_WA_d1_higher_ed_pct.tif,d_2_median_family_income_rasters/Snohomish_WA_d2_median_income.tif,d_3_emergency_shelters/Snohomish_emergency_shelter_proximity.tif,d_4_open_area/Snohomish_WA_d_4_open_area.tif,d_5_economically_active_population/Snohomish_WA_d5_labor_force_participation.tif,d_6_pct_wba_in_lecz/Snohomish_WA_d_6_pct_wba_in_lecz.tif,d_7_pct_oa_in_lecz/Snohomish_WA_d_7_pct_oa_in_lecz.tif
"Solano, CA",a10_t95_threshold/CA/Solano_t95_threshold.tif,a11_t95_avg/CA/Solano_t95_avg.tif,a12_t5_threshold/CA/Solano_t5_threshold.tif,a13_t5_avg/CA/Solano_t5_avg.tif,a14_wind_95_threshold/CA/Solano_w95_threshold_daily.tif,a15_wind_avg_extreme/CA/Solano_w95_avg_daily.tif,a1_sea_level_rise_trend/CA/Solano_slr_trend_lecz.tif,a2_maximum_of_maximum/CA/Solano_cat2_mom.tif,a3_max_water_above_mhhw/CA/Solano_max_water_lecz.tif,a4_annual_high_tide_flood_days/CA/Solano_flood_days_lecz.tif,a5_100yr_flood_data/CA/Solano_flood.tif,a6_coastal_erosion_rate/CA/Solano_erosion_rate_lecz.tif,a7_vertical_land_motion/CA/Solano_vlm.tif,a8_post_wildfire_debris_flow/Solano_debris_flow_risk.tif,a9_max_precipitation/CA/Solano_rx1day_2000_2024.tif,b_10_presence_of_power_plants/Solano_power_plant_proximity.tif,b_11_presence_of_aerodromes/Solano_aerodrome_proximity.tif,b_12_presence_of_principal_port/Solano_principal_port_proximity.tif,b_1_land_percentage/Solano_CA_b_1.tif,b_2_population_density/Solano_CA_population_density.tif,b_3_road_density/Solano_road_density.tif,b_4_residential_area_ra/Solano_CA_b_4_residential_area_ra.tif,b_5_agriculture_area_aa/Solano_CA_b_5_agriculture_area_aa.tif,b_6_natural_veg_naa/Solano_CA_b_6_natural_veg_naa.tif,b_7_wetlands_area_wa/Solano_CA_b_7_wetlands_area_wa.tif,b_8_water_bodies_wba/Solano_CA_b_8_water_bodies_wba.tif,b_9_prj_lecz/CA/Solano_pct_lecz.tif,c_10_pct_wa_in_lecz/Solano_CA_c_10_pct_wa_in_lecz.tif,c_1_population_below_5/Solano_CA_c1_pct_under_5.tif,c_2_population_above_65/Solano_CA_c2_pct_over_65.tif,c_3_road_density_in_lecz/Solano_road_density_in_lecz.tif,c_4_power_plants_in_lecz/Solano_power_plants_in_lecz.tif,c_5_aerodromes_in_lecz/Solano_aerodromes_in_lecz.tif,c_6_emergency_shelters_in_lecz/Solano_emergency_shelters_in_lecz.tif,c_7_pct_ra_in_lecz/Solano_CA_c_7_pct_ra_in_lecz.tif,c_8_pct_aa_in_lecz/Solano_CA_c_8_pct_aa_in_lecz.tif,c_9_pct_nva_in_lecz/Solano_CA_c_9_pct_nva_in_lecz.tif,d_1_higher_education_percentage/Solano_CA_d1_higher_ed_pct.tif,d_2_median_family_income_rasters/Solano_CA_d2_median_income.tif,d_3_emergency_shelters/Solano_emergency_shelter_proximity.tif,d_4_open_area/Solano_CA_d_4_open_area.tif,d_5_economically_active_population/Solano_CA_d5_labor_force_participation.tif,d_6_pct_wba_in_lecz/Solano_CA_d_6_pct_wba_in_lecz.tif,d_7_pct_oa_in_lecz/Solano_CA_d_7_pct_oa_in_lecz.tif
"Sonoma, CA",a10_t95_threshold/CA/Sonoma_t95_threshold.tif,a11_t95_avg/CA/Sonoma_t95_avg.tif,a12_t5_threshold/CA/Sonoma_t5_threshold.tif,a13_t5_avg/CA/Sonoma_t5_avg.tif,a14_wind_95_threshold/CA/Sonoma_w95_threshold_daily.tif,a15_wind_avg_extreme/CA/Sonoma_w95_avg_daily.tif,a1_sea_level_rise_trend/CA/Sonoma_slr_trend_lecz.tif,a2_maximum_of_maximum/CA/Sonoma_cat2_mom.tif,a3_max_water_above_mhhw/CA/Sonoma_max_water_lecz.tif,a4_annual_high_tide_flood_days/CA/Sonoma_flood_days_lecz.tif,a5_100yr_flood_data/CA/Sonoma_flood.tif,a6_coastal_erosion_rate/CA/Sonoma_erosion_rate_lecz.tif,a7_vertical_land_motion/CA/Sonoma_vlm.tif,a8_post_wildfire_debris_flow/Sonoma_debris_flow_risk.tif,a9_max_precipitation/CA/Sonoma_rx1day_2000_2024.tif,b_10_presence_of_power_plants/Sonoma_power_plant_proximity.tif,b_11_presence_of_aerodromes/Sonoma_aerodrome_proximity.tif,b_12_presence_of_principal_port/Sonoma_principal_port_proximity.tif,b_1_land_percentage/Sonoma_CA_b_1.tif,b_2_population_density/Sonoma_CA_population_density.tif,b_3_road_density/Sonoma_road_density.tif,b_4_residential_area_ra/Sonoma_CA_b_4_residential_area_ra.tif,b_5_agriculture_area_aa/Sonoma_CA_b_5_agriculture_area_aa.tif,b_6_natural_veg_naa/Sonoma_CA_b_6_natural_veg_naa.tif,b_7_wetlands_area_wa/Sonoma_CA_b_7_wetlands_area_wa.tif,b_8_water_bodies_wba/Sonoma_CA_b_8_water_bodies_wba.tif,b_9_prj_lecz/CA/Sonoma_pct_lecz.tif,c_10_pct_wa_in_lecz/Sonoma_CA_c_10_pct_wa_in_lecz.tif,c_1_population_below_5/Sonoma_CA_c1_pct_under_5.tif,c_2_population_above_65/Sonoma_CA_c2_pct_over_65.tif,c_3_road_density_in_lecz/Sonoma_road_density_in_lecz.tif,c_4_power_plants_in_lecz/Sonoma_power_plants_in_lecz.tif,c_5_aerodromes_in_lecz/Sonoma_aerodromes_in_lecz.tif,c_6_emergency_shelters_in_lecz/Sonoma_emergency_shelters_in_lecz.tif,c_7_pct_ra_in_lecz/Sonoma_CA_c_7_pct_ra_in_lecz.tif,c_8_pct_aa_in_lecz/Sonoma_CA_c_8_pct_aa_in_lecz.tif,c_9_pct_nva_in_lecz/Sonoma_CA_c_9_pct_nva_in_lecz.tif,d_1_higher_education_percentage/Sonoma_CA_d1_higher_ed_pct.tif,d_2_median_family_income_rasters/Sonoma_CA_d2_median_income.tif,d_3_emergency_shelters/Sonoma_emergency_shelter_proximity.tif,d_4_open_area/Sonoma_CA_d_4_open_area.tif,d_5_economically_active_population/Sonoma_CA_d5_labor_force_participation.tif,d_6_pct_wba_in_lecz/Sonoma_CA_d_6_pct_wba_in_lecz.tif,d_7_pct_oa_in_lecz/Sonoma_CA_d_7_pct_oa_in_lecz.tif
"Sutter, CA",a10_t95_threshold/CA/Sutter_t95_threshold.tif,a11_t95_avg/CA/Sutter_t95_avg.tif,a12_t5_threshold/CA/Sutter_t5_threshold.tif,a13_t5_avg/CA/Sutter_t5_avg.tif,a14_wind_95_threshold/CA/Sutter_w95_threshold_daily.tif,a15_wind_avg_extreme/CA/Sutter_w95_avg_daily.tif,a1_sea_level_rise_trend/CA/Sutter_slr_trend_lecz.tif,a2_maximum_of_maximum/CA/Sutter_cat2_mom.tif,a3_max_water_above_mhhw/CA/Sutter_max_water_lecz.tif,a4_annual_high_tide_flood_days/CA/Sutter_flood_days_lecz.tif,a5_100yr_flood_data/CA/Sutter_flood.tif,a6_coastal_erosion_rate/CA/Sutter_erosion_rate_lecz.tif,a7_vertical_land_motion/CA/Sutter_vlm.tif,a8_post_wildfire_debris_flow/Sutter_debris_flow_risk.tif,a9_max_precipitation/CA/Sutter_rx1day_2000_2024.tif,b_10_presence_of_power_plants/Sutter_power_plant_proximity.tif,b_11_presence_of_aerodromes/Sutter_aerodrome_proximity.tif,b_12_presence_of_principal_port/Sutter_principal_port_proximity.tif,b_1_land_percentage/Sutter_CA_b_1.tif,b_2_population_density/Sutter_CA_population_density.tif,b_3_road_density/Sutter_road_density.tif,b_4_residential_area_ra/Sutter_CA_b_4_residential_area_ra.tif,b_5_agriculture_area_aa/Sutter_CA_b_5_agriculture_area_aa.tif,b_6_natural_veg_naa/Sutter_CA_b_6_natural_veg_naa.tif,b_7_wetlands_area_wa/Sutter_CA_b_7_wetlands_area_wa.tif,b_8_water_bodies_wba/Sutter_CA_b_8_water_bodies_wba.tif,b_9_prj_lecz/CA/Sutter_pct_lecz.tif,c_10_pct_wa_in_lecz/Sutter_CA_c_10_pct_wa_in_lecz.tif,c_1_population_below_5/Sutter_CA_c1_pct_under_5.tif,c_2_population_above_65/Sutter_CA_c2_pct_over_65.tif,c_3_road_density_in_lecz/Sutter_road_density_in_lecz.tif,c_4_power_plants_in_lecz/Sutter_power_plants_in_lecz.tif,c_5_aerodromes_in_lecz/Sutter_aerodromes_in_lecz.tif,c_6_emergency_shelters_in_lecz/Sutter_emergency_shelters_in_lecz.tif,c_7_pct_ra_in_lecz/Sutter_CA_c_7_pct_ra_in_lecz.tif,c_8_pct_aa_in_lecz/Sutter_CA_c_8_pct_aa_in_lecz.tif,c_9_pct_nva_in_lecz/Sutter_CA_c_9_pct_nva_in_lecz.tif,d_1_higher_education_percentage/Sutter_CA_d1_higher_ed_pct.tif,d_2_median_family_income_rasters/Sutter_CA_d2_median_income.tif,d_3_emergency_shelters/Sutter_emergency_shelter_proximity.tif,d_4_open_area/Sutter_CA_d_4_open_area.tif,d_5_economically_active_population/Sutter_CA_d5_labor_force_participation.tif,d_6_pct_wba_in_lecz/Sutter_CA_d_6_pct_wba_in_lecz.tif,d_7_pct_oa_in_lecz/Sutter_CA_d_7_pct_oa_in_lecz.tif
"Thurston, WA",a10_t95_threshold/WA/Thurston_t95_threshold.tif,a11_t95_avg/WA/Thurston_t95_avg.tif,a12_t5_threshold/WA/Thurston_t5_threshold.tif,a13_t5_avg/WA/Thurston_t5_avg.tif,a14_wind_95_threshold/WA/Thurston_w95_threshold_daily.tif,a15_wind_avg_extreme/WA/Thurston_w95_avg_daily.tif,a1_sea_level_rise_trend/WA/Thurston_slr_trend_lecz.tif,a2_maximum_of_maximum/WA/Thurston_cat2_mom.tif,a3_max_water_above_mhhw/WA/Thurston_max_water_lecz.tif,a4_annual_high_tide_flood_days/WA/Thurston_flood_days_lecz.tif,a5_100yr_flood_data/WA/Thurston_flood.tif,a6_coastal_erosion_rate/WA/Thurston_erosion_rate_lecz.tif,a7_vertical_land_motion/WA/Thurston_vlm.tif,a8_post_wildfire_debris_flow/Thurston_debris_flow_risk.tif,a9_max_precipitation/WA/Thurston_rx1day_2000_2024.tif,b_10_presence_of_power_plants/Thurston_power_plant_proximity.tif,b_11_presence_of_aerodromes/Thurston_aerodrome_proximity.tif,b_12_presence_of_principal_port/Thurston_principal_port_proximity.tif,b_1_land_percentage/Thurston_WA_b_1.tif,b_2_population_density/Thurston_WA_population_density.tif,b_3_road_density/Thurston_road_density.tif,b_4_residential_area_ra/Thurston_WA_b_4_residential_area_ra.tif,b_5_agriculture_area_aa/Thurston_WA_b_5_agriculture_area_aa.tif,b_6_natural_veg_naa/Thurston_WA_b_6_natural_veg_naa.tif,b_7_wetlands_area_wa/Thurston_WA_b_7_wetlands_area_wa.tif,b_8_water_bodies_wba/Thurston_WA_b_8_water_bodies_wba.tif,b_9_prj_lecz/WA/Thurston_pct_lecz.tif,c_10_pct_wa_in_lecz/Thurston_WA_c_10_pct_wa_in_lecz.tif,c_1_population_below_5/Thurston_WA_c1_pct_under_5.tif,c_2_population_above_65/Thurston_WA_c2_pct_over_65.tif,c_3_road_density_in_lecz/Thurston_road_density_in_lecz.tif,c_4_power_plants_in_lecz/Thurston_power_plants_in_lecz.tif,c_5_aerodromes_in_lecz/Thurston_aerodromes_in_lecz.tif,c_6_emergency_shelters_in_lecz/Thurston_emergency_shelters_in_lecz.tif,c_7_pct_ra_in_lecz/Thurston_WA_c_7_pct_ra_in_lecz.tif,c_8_pct_aa_in_lecz/Thurston_WA_c_8_pct_aa_in_lecz.tif,c_9_pct_nva_in_lecz/Thurston_WA_c_9_pct_nva_in_lecz.tif,d_1_higher_education_percentage/Thurston_WA_d1_higher_ed_pct.tif,d_2_median_family_income_rasters/Thurston_WA_d2_median_income.tif,d_3_emergency_shelters/Thurston_emergency_shelter_proximity.tif,d_4_open_area/Thurston_WA_d_4_open_area.tif,d_5_economically_active_population/Thurston_WA_d5_labor_force_participation.tif,d_6_pct_wba_in_lecz/Thurston_WA_d_6_pct_wba_in_lecz.tif,d_7_pct_oa_in_lecz/Thurston_WA_d_7_pct_oa_in_lecz.tif
"Tillamook, OR",a10_t95_threshold/OR/Tillamook_t95_threshold.tif,a11_t95_avg/OR/Tillamook_t95_avg.tif,a12_t5_threshold/OR/Tillamook_t5_threshold.tif,a13_t5_avg/OR/Tillamook_t5_avg.tif,a14_wind_95_threshold/OR/Tillamook_w95_threshold_daily.tif,a15_wind_avg_extreme/OR/Tillamook_w95_avg_daily.tif,a1_sea_level_rise_trend/OR/Tillamook_slr_trend_lecz.tif,a2_maximum_of_maximum/OR/Tillamook_cat2_mom.tif,a3_max_water_above_mhhw/OR/Tillamook_max_water_lecz.tif,a4_annual_high_tide_flood_days/OR/Tillamook_flood_days_lecz.tif,a5_100yr_flood_data/OR/Tillamook_flood.tif,a6_coastal_erosion_rate/OR/Tillamook_erosion_rate_lecz.tif,a7_vertical_land_motion/OR/Tillamook_vlm.tif,a8_post_wildfire_debris_flow/Tillamook_debris_flow_risk.tif,a9_max_precipitation/OR/Tillamook_rx1day_2000_2024.tif,b_10_presence_of_power_plants/Tillamook_power_plant_proximity.tif,b_11_presence_of_aerodromes/Tillamook_aerodrome_proximity.tif,b_12_presence_of_principal_port/Tillamook_principal_port_proximity.tif,b_1_land_percentage/Tillamook_OR_b_1.tif,b_2_population_density/Tillamook_OR_population_density.tif,b_3_road_density/Tillamook_road_density.tif,b_4_residential_area_ra/Tillamook_OR_b_4_residential_area_ra.tif,b_5_agriculture_area_aa/Tillamook_OR_b_5_agriculture_area_aa.tif,b_6_natural_veg_naa/Tillamook_OR_b_6_natural_veg_naa.tif,b_7_wetlands_area_wa/Tillamook_OR_b_7_wetlands_area_wa.tif,b_8_water_bodies_wba/Tillamook_OR_b_8_water_bodies_wba.tif,b_9_prj_lecz/OR/Tillamook_pct_lecz.tif,c_10_pct_wa_in_lecz/Tillamook_OR_c_10_pct_wa_in_lecz.tif,c_1_population_below_5/Tillamook_OR_c1_pct_under_5.tif,c_2_population_above_65/Tillamook_OR_c2_pct_over_65.tif,c_3_road_density_in_lecz/Tillamook_road_density_in_lecz.tif,c_4_power_plants_in_lecz/Tillamook_power_plants_in_lecz.tif,c_5_aerodromes_in_lecz/Tillamook_aerodromes_in_lecz.tif,c_6_emergency_shelters_in_lecz/Tillamook_emergency_shelters_in_lecz.tif,c_7_pct_ra_in_lecz/Tillamook_OR_c_7_pct_ra_in_lecz.tif,c_8_pct_aa_in_lecz/Tillamook_OR_c_8_pct_aa_in_lecz.tif,c_9_pct_nva_in_lecz/Tillamook_OR_c_9_pct_nva_in_lecz.tif,d_1_higher_education_percentage/Tillamook_OR_d1_higher_ed_pct.tif,d_2_median_family_income_rasters/Tillamook_OR_d2_median_income.tif,d_3_emergency_shelters/Tillamook_emergency_shelter_proximity.tif,d_4_open_area/Tillamook_OR_d_4_open_area.tif,d_5_economically_active_population/Tillamook_OR_d5_labor_force_participation.tif,d_6_pct_wba_in_lecz/Tillamook_OR_d_6_pct_wba_in_lecz.tif,d_7_pct_oa_in_lecz/Tillamook_OR_d_7_pct_oa_in_lecz.tif
"Trinity, CA",a10_t95_threshold/CA/Trinity_t95_threshold.tif,a11_t95_avg/CA/Trinity_t95_avg.tif,a12_t5_threshold/CA/Trinity_t5_threshold.tif,a13_t5_avg/CA/Trinity_t5_avg.tif,a14_wind_95_threshold/CA/Trinity_w95_threshold_daily.tif,a15_wind_avg_extreme/CA/Trinity_w95_avg_daily.tif,a1_sea_level_rise_trend/CA/Trinity_slr_trend_lecz.tif,a2_maximum_of_maximum/CA/Trinity_cat2_mom.tif,a3_max_water_above_mhhw/CA/Trinity_max_water_lecz.tif,a4_annual_high_tide_flood_days/CA/Trinity_flood_days_lecz.tif,a5_100yr_flood_data/CA/Trinity_flood.tif,a6_coastal_erosion_rate/CA/Trinity_erosion_rate_lecz.tif,a7_vertical_land_motion/CA/Trinity_vlm.tif,a8_post_wildfire_debris_flow/Trinity_debris_flow_risk.tif,a9_max_precipitation/CA/Trinity_rx1day_2000_2024.tif,b_10_presence_of_power_plants/Trinity_power_plant_proximity.tif,b_11_presence_of_aerodromes/Trinity_aerodrome_proximity.tif,b_12_presence_of_principal_port/Trinity_principal_port_proximity.tif,b_1_land_percentage/Trinity_CA_b_1.tif,b_2_population_density/Trinity_CA_population_density.tif,b_3_road_density/Trinity_road_density.tif,b_4_residential_area_ra/Trinity_CA_b_4_residential_area_ra.tif,b_5_agriculture_area_aa/Trinity_CA_b_5_agriculture_area_aa.tif,b_6_natural_veg_naa/Trinity_CA_b_6_natural_veg_naa.tif,b_7_wetlands_area_wa/Trinity_CA_b_7_wetlands_area_wa.tif,b_8_water_bodies_wba/Trinity_CA_b_8_water_bodies_wba.tif,b_9_prj_lecz/CA/Trinity_pct_lecz.tif,,c_1_population_below_5/Trinity_CA_c1_pct_under_5.tif,c_2_population_above_65/Trinity_CA_c2_pct_over_65.tif,c_3_road_density_in_lecz/Trinity_road_density_in_lecz.tif,c_4_power_plants_in_lecz/Trinity_power_plants_in_lecz.tif,c_5_aerodromes_in_lecz/Trinity_aerodromes_in_lecz.tif,c_6_emergency_shelters_in_lecz/Trinity_emergency_shelters_in_lecz.tif,,,,d_1_higher_education_percentage/Trinity_CA_d1_higher_ed_pct.tif,d_2_median_family_income_rasters/Trinity_CA_d2_median_income.tif,d_3_emergency_shelters/Trinity_emergency_shelter_proximity.tif,d_4_open_area/Trinity_CA_d_4_open_area.tif,d_5_economically_active_population/Trinity_CA_d5_labor_force_participation.tif,,
"Ventura, CA",a10_t95_threshold/CA/Ventura_t95_threshold.tif,a11_t95_avg/CA/Ventura_t95_avg.tif,a12_t5_threshold/CA/Ventura_t5_threshold.tif,a13_t5_avg/CA/Ventura_t5_avg.tif,a14_wind_95_threshold/CA/Ventura_w95_threshold_daily.tif,a15_wind_avg_extreme/CA/Ventura_w95_avg_daily.tif,a1_sea_level_rise_trend/CA/Ventura_slr_trend_lecz.tif,a2_maximum_of_maximum/CA/Ventura_cat2_mom.tif,a3_max_water_above_mhhw/CA/Ventura_max_water_lecz.tif,a4_annual_high_tide_flood_days/CA/Ventura_flood_days_lecz.tif,a5_100yr_flood_data/CA/Ventura_flood.tif,a6_coastal_erosion_rate/CA/Ventura_erosion_rate_lecz.tif,a7_vertical_land_motion/CA/Ventura_vlm.tif,a8_post_wildfire_debris_flow/Ventura_debris_flow_risk.tif,a9_max_precipitation/CA/Ventura_rx1day_2000_2024.tif,b_10_presence_of_power_plants/Ventura_power_plant_proximity.tif,b_11_presence_of_aerodromes/Ventura_aerodrome_proximity.tif,b_12_presence_of_principal_port/Ventura_principal_port_proximity.tif,b_1_land_percentage/Ventura_CA_b_1.tif,b_2_population_density/Ventura_CA_population_density.tif,b_3_road_density/Ventura_road_density.tif,b_4_residential_area_ra/Ventura_CA_b_4_residential_area_ra.tif,b_5_agriculture_area_aa/Ventura_CA_b_5_agriculture_area_aa.tif,b_6_natural_veg_naa/Ventura_CA_b_6_natural_veg_naa.tif,b_7_wetlands_area_wa/Ventura_CA_b_7_wetlands_area_wa.tif,b_8_water_bodies_wba/Ventura_CA_b_8_water_bodies_wba.tif,b_9_prj_lecz/CA/Ventura_pct_lecz.tif,c_10_pct_wa_in_lecz/Ventura_CA_c_10_pct_wa_in_lecz.tif,c_1_population_below_5/Ventura_CA_c1_pct_under_5.tif,c_2_population_above_65/Ventura_CA_c2_pct_over_65.tif,c_3_road_density_in_lecz/Ventura_road_density_in_lecz.tif,c_4_power_plants_in_lecz/Ventura_power_plants_in_lecz.tif,c_5_aerodromes_in_lecz/Ventura_aerodromes_in_lecz.tif,c_6_emergency_shelters_in_lecz/Ventura_emergency_shelters_in_lecz.tif,c_7_pct_ra_in_lecz/Ventura_CA_c_7_pct_ra_in_lecz.tif,c_8_pct_aa_in_lecz/Ventura_CA_c_8_pct_aa_in_lecz.tif,c_9_pct_nva_in_lecz/Ventura_CA_c_9_pct_nva_in_lecz.tif,d_1_higher_education_percentage/Ventura_CA_d1_higher_ed_pct.tif,d_2_median_family_income_rasters/Ventura_CA_d2_median_income.tif,d_3_emergency_shelters/Ventura_emergency_shelter_proximity.tif,d_4_open_area/Ventura_CA_d_4_open_area.tif,d_5_economically_active_population/Ventura_CA_d5_labor_force_participation.tif,d_6_pct_wba_in_lecz/Ventura_CA_d_6_pct_wba_in_lecz.tif,d_7_pct_oa_in_lecz/Ventura_CA_d_7_pct_oa_in_lecz.tif
"Wahkiakum, WA",a10_t95_threshold/WA/Wahkiakum_t95_threshold.tif,a11_t95_avg/WA/Wahkiakum_t95_avg.tif,a12_t5_threshold/WA/Wahkiakum_t5_threshold.tif,a13_t5_avg/WA/Wahkiakum_t5_avg.tif,a14_wind_95_threshold/WA/Wahkiakum_w95_threshold_daily.tif,a15_wind_avg_extreme/WA/Wahkiakum_w95_avg_daily.tif,a1_sea_level_rise_trend/WA/Wahkiakum_slr_trend_lecz.tif,a2_maximum_of_maximum/WA/Wahkiakum_cat2_mom.tif,a3_max_water_above_mhhw/WA/Wahkiakum_max_water_lecz.tif,a4_annual_high_tide_flood_days/WA/Wahkiakum_flood_days_lecz.tif,a5_100yr_flood_data/WA/Wahkiakum_flood.tif,a6_coastal_erosion_rate/WA/Wahkiakum_erosion_rate_lecz.tif,a7_vertical_land_motion/WA/Wahkiakum_vlm.tif,a8_post_wildfire_debris_flow/Wahkiakum_debris_flow_risk.tif,a9_max_precipitation/WA/Wahkiakum_rx1day_2000_2024.tif,b_10_presence_of_power_plants/Wahkiakum_power_plant_proximity.tif,b_11_presence_of_aerodromes/Wahkiakum_aerodrome_proximity.tif,b_12_presence_of_principal_port/Wahkiakum_principal_port_proximity.tif,b_1_land_percentage/Wahkiakum_WA_b_1.tif,b_2_population_density/Wahkiakum_WA_population_density.tif,b_3_road_density/Wahkiakum_road_density.tif,b_4_residential_area_ra/Wahkiakum_WA_b_4_residential_area_ra.tif,b_5_agriculture_area_aa/Wahkiakum_WA_b_5_agriculture_area_aa.tif,b_6_natural_veg_naa/Wahkiakum_WA_b_6_natural_veg_naa.tif,b_7_wetlands_area_wa/Wahkiakum_WA_b_7_wetlands_area_wa.tif,b_8_water_bodies_wba/Wahkiakum_WA_b_8_water_bodies_wba.tif,b_9_prj_lecz/WA/Wahkiakum_pct_lecz.tif,c_10_pct_wa_in_lecz/Wahkiakum_WA_c_10_pct_wa_in_lecz.tif,c_1_population_below_5/Wahkiakum_WA_c1_pct_under_5.tif,c_2_population_above_65/Wahkiakum_WA_c2_pct_over_65.tif,c_3_road_density_in_lecz/Wahkiakum_road_density_in_lecz.tif,c_4_power_plants_in_lecz/Wahkiakum_power_plants_in_lecz.tif,c_5_aerodromes_in_lecz/Wahkiakum_aerodromes_in_lecz.tif,c_6_emergency_shelters_in_lecz/Wahkiakum_emergency_shelters_in_lecz.tif,c_7_pct_ra_in_lecz/Wahkiakum_WA_c_7_pct_ra_in_lecz.tif,c_8_pct_aa_in_lecz/Wahkiakum_WA_c_8_pct_aa_in_lecz.tif,c_9_pct_nva_in_lecz/Wahkiakum_WA_c_9_pct_nva_in_lecz.tif,d_1_higher_education_percentage/Wahkiakum_WA_d1_higher_ed_pct.tif,d_2_median_family_income_rasters/Wahkiakum_WA_d2_median_income.tif,d_3_emergency_shelters/Wahkiakum_emergency_shelter_proximity.tif,d_4_open_area/Wahkiakum_WA_d_4_open_area.tif,d_5_economically_active_population/Wahkiakum_WA_d5_labor_force_participation.tif,d_6_pct_wba_in_lecz/Wahkiakum_WA_d_6_pct_wba_in_lecz.tif,d_7_pct_oa_in_lecz/Wahkiakum_WA_d_7_pct_oa_in_lecz.tif
"Whatcom, WA",a10_t95_threshold/WA/Whatcom_t95_threshold.tif,a11_t95_avg/WA/Whatcom_t95_avg.tif,a12_t5_threshold/WA/Whatcom_t5_threshold.tif,a13_t5_avg/WA/Whatcom_t5_avg.tif,a14_wind_95_threshold/WA/Whatcom_w95_threshold_daily.tif,a15_wind_avg_extreme/WA/Whatcom_w95_avg_daily.tif,a1_sea_level_rise_trend/WA/Whatcom_slr_trend_lecz.tif,a2_maximum_of_maximum/WA/Whatcom_cat2_mom.tif,a3_max_water_above_mhhw/WA/Whatcom_max_water_lecz.tif,a4_annual_high_tide_flood_days/WA/Whatcom_flood_days_lecz.tif,a5_100yr_flood_data/WA/Whatcom_flood.tif,a6_coastal_erosion_rate/WA/Whatcom_erosion_rate_lecz.tif,a7_vertical_land_motion/WA/Whatcom_vlm.tif,a8_post_wildfire_debris_flow/Whatcom_debris_flow_risk.tif,a9_max_precipitation/WA/Whatcom_rx1day_2000_2024.tif,b_10_presence_of_power_plants/Whatcom_power_plant_proximity.tif,b_11_presence_of_aerodromes/Whatcom_aerodrome_proximity.tif,b_12_presence_of_principal_port/Whatcom_principal_port_proximity.tif,b_1_land_percentage/Whatcom_WA_b_1.tif,b_2_population_density/Whatcom_WA_population_density.tif,b_3_road_density/Whatcom_road_density.tif,b_4_residential_area_ra/Whatcom_WA_b_4_residential_area_ra.tif,b_5_agriculture_area_aa/Whatcom_WA_b_5_agriculture_area_aa.tif,b_6_natural_veg_naa/Whatcom_WA_b_6_natural_veg_naa.tif,b_7_wetlands_area_wa/Whatcom_WA_b_7_wetlands_area_wa.tif,b_8_water_bodies_wba/Whatcom_WA_b_8_water_bodies_wba.tif,b_9_prj_lecz/WA/Whatcom_pct_lecz.tif,c_10_pct_wa_in_lecz/Whatcom_WA_c_10_pct_wa_in_lecz.tif,c_1_population_below_5/Whatcom_WA_c1_pct_under_5.tif,c_2_population_above_65/Whatcom_WA_c2_pct_over_65.tif,c_3_road_density_in_lecz/Whatcom_road_density_in_lecz.tif,c_4_power_plants_in_lecz/Whatcom_power_plants_in_lecz.tif,c_5_aerodromes_in_lecz/Whatcom_aerodromes_in_lecz.tif,c_6_emergency_shelters_in_lecz/Whatcom_emergency_shelters_in_lecz.tif,c_7_pct_ra_in_lecz/Whatcom_WA_c_7_pct_ra_in_lecz.tif,c_8_pct_aa_in_lecz/Whatcom_WA_c_8_pct_aa_in_lecz.tif,c_9_pct_nva_in_lecz/Whatcom_WA_c_9_pct_nva_in_lecz.tif,d_1_higher_education_percentage/Whatcom_WA_d1_higher_ed_pct.tif,d_2_median_family_income_rasters/Whatcom_WA_d2_median_income.tif,d_3_emergency_shelters/Whatcom_emergency_shelter_proximity.tif,d_4_open_area/Whatcom_WA_d_4_open_area.tif,d_5_economically_active_population/Whatcom_WA_d5_labor_force_participation.tif,d_6_pct_wba_in_lecz/Whatcom_WA_d_6_pct_wba_in_lecz.tif,d_7_pct_oa_in_lecz/Whatcom_WA_d_7_pct_oa_in_lecz.tif
"Yolo, CA",a10_t95_threshold/CA/Yolo_t95_threshold.tif,a11_t95_avg/CA/Yolo_t95_avg.tif,a12_t5_threshold/CA/Yolo_t5_threshold.tif,a13_t5_avg/CA/Yolo_t5_avg.tif,a14_wind_95_threshold/CA/Yolo_w95_threshold_daily.tif,a15_wind_avg_extreme/CA/Yolo_w95_avg_daily.tif,a1_sea_level_rise_trend/CA/Yolo_slr_trend_lecz.tif,a2_maximum_of_maximum/CA/Yolo_cat2_mom.tif,a3_max_water_above_mhhw/CA/Yolo_max_water_lecz.tif,a4_annual_high_tide_flood_days/CA/Yolo_flood_days_lecz.tif,a5_100yr_flood_data/CA/Yolo_flood.tif,a6_coastal_erosion_rate/CA/Yolo_erosion_rate_lecz.tif,a7_vertical_land_motion/CA/Yolo_vlm.tif,a8_post_wildfire_debris_flow/Yolo_debris_flow_risk.tif,a9_max_precipitation/CA/Yolo_rx1day_2000_2024.tif,b_10_presence_of_power_plants/Yolo_power_plant_proximity.tif,b_11_presence_of_aerodromes/Yolo_aerodrome_proximity.tif,b_12_presence_of_principal_port/Yolo_principal_port_proximity.tif,b_1_land_percentage/Yolo_CA_b_1.tif,b_2_population_density/Yolo_CA_population_density.tif,b_3_road_density/Yolo_road_density.tif,b_4_residential_area_ra/Yolo_CA_b_4_residential_area_ra.tif,b_5_agriculture_area_aa/Yolo_CA_b_5_agriculture_area_aa.tif,b_6_natural_veg_naa/Yolo_CA_b_6_natural_veg_naa.tif,b_7_wetlands_area_wa/Yolo_CA_b_7_wetlands_area_wa.tif,b_8_water_bodies_wba/Yolo_CA_b_8_water_bodies_wba.tif,b_9_prj_lecz/CA/Yolo_pct_lecz.tif,c_10_pct_wa_in_lecz/Yolo_CA_c_10_pct_wa_in_lecz.tif,c_1_population_below_5/Yolo_CA_c1_pct_under_5.tif,c_2_population_above_65/Yolo_CA_c2_pct_over_65.tif,c_3_road_density_in_lecz/Yolo_road_density_in_lecz.tif,c_4_power_plants_in_lecz/Yolo_power_plants_in_lecz.tif,c_5_aerodromes_in_lecz/Yolo_aerodromes_in_lecz.tif,c_6_emergency_shelters_in_lecz/Yolo_emergency_shelters_in_lecz.tif,c_7_pct_ra_in_lecz/Yolo_CA_c_7_pct_ra_in_lecz.tif,c_8_pct_aa_in_lecz/Yolo_CA_c_8_pct_aa_in_lecz.tif,c_9_pct_nva_in_lecz/Yolo_CA_c_9_pct_nva_in_lecz.tif,d_1_higher_education_percentage/Yolo_CA_d1_higher_ed_pct.tif,d_2_median_family_income_rasters/Yolo_CA_d2_median_income.tif,d_3_emergency_shelters/Yolo_emergency_shelter_proximity.tif,d_4_open_area/Yolo_CA_d_4_open_area.tif,d_5_economically_active_population/Yolo_CA_d5_labor_force_participation.tif,d_6_pct_wba_in_lecz/Yolo_CA_d_6_pct_wba_in_lecz.tif,d_7_pct_oa_in_lecz/Yolo_CA_d_7_pct_oa_in_lecz.tif
