"GEO_ID","NAME","B19113_001E","B19113_001M",
"Geography","Geographic Area Name","Estimate!!Median family income in the past 12 months (in 2023 inflation-adjusted dollars)","Margin of Error!!Median family income in the past 12 months (in 2023 inflation-adjusted dollars)",
"1400000US06001400100","Census Tract 4001; Alameda County; California","250,000+","***",
"1400000US06001400200","Census Tract 4002; Alameda County; California","250,000+","***",
"1400000US06001400300","Census Tract 4003; Alameda County; California","250,000+","***",
"1400000US06001400400","Census Tract 4004; Alameda County; California","241000","49518",
"1400000US06001400500","Census Tract 4005; Alameda County; California","149545","61297",
"1400000US06001400600","Census Tract 4006; Alameda County; California","138958","47546",
"1400000US06001400700","Census Tract 4007; Alameda County; California","91607","45390",
"1400000US06001400800","Census Tract 4008; Alameda County; California","153490","50530",
"1400000US06001400900","Census Tract 4009; Alameda County; California","118375","30048",
"1400000US06001401000","Census Tract 4010; Alameda County; California","162910","68132",
"1400000US06001401100","Census Tract 4011; Alameda County; California","94493","36654",
"1400000US06001401200","Census Tract 4012; Alameda County; California","243472","65411",
"1400000US06001401300","Census Tract 4013; Alameda County; California","104886","38286",
"1400000US06001401400","Census Tract 4014; Alameda County; California","85563","46802",
"1400000US06001401500","Census Tract 4015; Alameda County; California","83225","19464",
"1400000US06001401600","Census Tract 4016; Alameda County; California","100714","82741",
"1400000US06001401700","Census Tract 4017; Alameda County; California","178000","51788",
"1400000US06001401800","Census Tract 4018; Alameda County; California","61616","17595",
"1400000US06001402200","Census Tract 4022; Alameda County; California","126736","44579",
"1400000US06001402400","Census Tract 4024; Alameda County; California","41071","5126",
"1400000US06001402500","Census Tract 4025; Alameda County; California","66875","35557",
"1400000US06001402600","Census Tract 4026; Alameda County; California","58047","13492",
"1400000US06001402700","Census Tract 4027; Alameda County; California","122770","64952",
"1400000US06001402801","Census Tract 4028.01; Alameda County; California","34915","20068",
"1400000US06001402802","Census Tract 4028.02; Alameda County; California","-","**",
"1400000US06001402900","Census Tract 4029; Alameda County; California","93875","88367",
"1400000US06001403000","Census Tract 4030; Alameda County; California","30938","15982",
"1400000US06001403100","Census Tract 4031; Alameda County; California","135948","25154",
"1400000US06001403301","Census Tract 4033.01; Alameda County; California","-","**",
"1400000US06001403302","Census Tract 4033.02; Alameda County; California","240938","108540",
"1400000US06001403401","Census Tract 4034.01; Alameda County; California","123482","82417",
"1400000US06001403402","Census Tract 4034.02; Alameda County; California","64911","37069",
"1400000US06001403501","Census Tract 4035.01; Alameda County; California","122054","95614",
"1400000US06001403502","Census Tract 4035.02; Alameda County; California","122404","91119",
"1400000US06001403600","Census Tract 4036; Alameda County; California","116094","46860",
"1400000US06001403701","Census Tract 4037.01; Alameda County; California","91250","68065",
"1400000US06001403702","Census Tract 4037.02; Alameda County; California","121786","59617",
"1400000US06001403800","Census Tract 4038; Alameda County; California","214167","23992",
"1400000US06001403900","Census Tract 4039; Alameda County; California","216146","31238",
"1400000US06001404000","Census Tract 4040; Alameda County; California","121136","101504",
"1400000US06001404101","Census Tract 4041.01; Alameda County; California","240536","50216",
"1400000US06001404102","Census Tract 4041.02; Alameda County; California","190781","29394",
"1400000US06001404200","Census Tract 4042; Alameda County; California","250,000+","***",
"1400000US06001404300","Census Tract 4043; Alameda County; California","250,000+","***",
"1400000US06001404400","Census Tract 4044; Alameda County; California","250,000+","***",
"1400000US06001404501","Census Tract 4045.01; Alameda County; California","250,000+","***",
"1400000US06001404502","Census Tract 4045.02; Alameda County; California","250,000+","***",
"1400000US06001404600","Census Tract 4046; Alameda County; California","236563","35089",
"1400000US06001404700","Census Tract 4047; Alameda County; California","250,000+","***",
"1400000US06001404800","Census Tract 4048; Alameda County; California","187500","90849",
"1400000US06001404900","Census Tract 4049; Alameda County; California","176995","24872",
"1400000US06001405000","Census Tract 4050; Alameda County; California","219286","36085",
"1400000US06001405100","Census Tract 4051; Alameda County; California","250,000+","***",
"1400000US06001405200","Census Tract 4052; Alameda County; California","98788","17946",
"1400000US06001405301","Census Tract 4053.01; Alameda County; California","99750","63240",
"1400000US06001405302","Census Tract 4053.02; Alameda County; California","92308","58832",
"1400000US06001405401","Census Tract 4054.01; Alameda County; California","74219","18415",
"1400000US06001405402","Census Tract 4054.02; Alameda County; California","76292","19824",
"1400000US06001405500","Census Tract 4055; Alameda County; California","92821","35136",
"1400000US06001405600","Census Tract 4056; Alameda County; California","137792","69556",
"1400000US06001405700","Census Tract 4057; Alameda County; California","85372","29886",
"1400000US06001405800","Census Tract 4058; Alameda County; California","76750","18472",
"1400000US06001405901","Census Tract 4059.01; Alameda County; California","90625","41658",
"1400000US06001405902","Census Tract 4059.02; Alameda County; California","54844","20286",
"1400000US06001406000","Census Tract 4060; Alameda County; California","85625","37226",
"1400000US06001406100","Census Tract 4061; Alameda County; California","65561","13703",
"1400000US06001406201","Census Tract 4062.01; Alameda County; California","71738","14273",
"1400000US06001406202","Census Tract 4062.02; Alameda County; California","59688","24038",
"1400000US06001406300","Census Tract 4063; Alameda County; California","54156","17522",
"1400000US06001406400","Census Tract 4064; Alameda County; California","-","**",
"1400000US06001406500","Census Tract 4065; Alameda County; California","87670","32153",
"1400000US06001406601","Census Tract 4066.01; Alameda County; California","83250","17035",
"1400000US06001406602","Census Tract 4066.02; Alameda County; California","92031","22277",
"1400000US06001406700","Census Tract 4067; Alameda County; California","178801","38215",
"1400000US06001406800","Census Tract 4068; Alameda County; California","156750","69618",
"1400000US06001406900","Census Tract 4069; Alameda County; California","146934","12865",
"1400000US06001407000","Census Tract 4070; Alameda County; California","112708","40382",
"1400000US06001407101","Census Tract 4071.01; Alameda County; California","70250","59614",
"1400000US06001407102","Census Tract 4071.02; Alameda County; California","97684","30576",
"1400000US06001407200","Census Tract 4072; Alameda County; California","68289","21670",
"1400000US06001407300","Census Tract 4073; Alameda County; California","83264","16833",
"1400000US06001407400","Census Tract 4074; Alameda County; California","58594","27093",
"1400000US06001407500","Census Tract 4075; Alameda County; California","61532","39510",
"1400000US06001407600","Census Tract 4076; Alameda County; California","123250","48715",
"1400000US06001407700","Census Tract 4077; Alameda County; California","184713","22558",
"1400000US06001407800","Census Tract 4078; Alameda County; California","155929","31000",
"1400000US06001407900","Census Tract 4079; Alameda County; California","139861","58729",
"1400000US06001408000","Census Tract 4080; Alameda County; California","250,000+","***",
"1400000US06001408100","Census Tract 4081; Alameda County; California","226523","30100",
"1400000US06001408200","Census Tract 4082; Alameda County; California","93462","45224",
"1400000US06001408300","Census Tract 4083; Alameda County; California","152439","31941",
"1400000US06001408400","Census Tract 4084; Alameda County; California","83162","34442",
"1400000US06001408500","Census Tract 4085; Alameda County; California","102385","15633",
"1400000US06001408600","Census Tract 4086; Alameda County; California","93425","28959",
"1400000US06001408700","Census Tract 4087; Alameda County; California","53528","23067",
"1400000US06001408800","Census Tract 4088; Alameda County; California","55952","13001",
"1400000US06001408900","Census Tract 4089; Alameda County; California","62667","30545",
"1400000US06001409000","Census Tract 4090; Alameda County; California","91083","27112",
"1400000US06001409100","Census Tract 4091; Alameda County; California","74901","25759",
"1400000US06001409200","Census Tract 4092; Alameda County; California","80469","12771",
"1400000US06001409300","Census Tract 4093; Alameda County; California","72363","39182",
"1400000US06001409400","Census Tract 4094; Alameda County; California","89238","26477",
"1400000US06001409500","Census Tract 4095; Alameda County; California","52841","22910",
"1400000US06001409600","Census Tract 4096; Alameda County; California","60584","10343",
"1400000US06001409700","Census Tract 4097; Alameda County; California","47686","17955",
"1400000US06001409800","Census Tract 4098; Alameda County; California","128083","31030",
"1400000US06001409900","Census Tract 4099; Alameda County; California","197694","19066",
"1400000US06001410000","Census Tract 4100; Alameda County; California","245400","42688",
"1400000US06001410100","Census Tract 4101; Alameda County; California","83603","17424",
"1400000US06001410200","Census Tract 4102; Alameda County; California","90781","20353",
"1400000US06001410300","Census Tract 4103; Alameda County; California","53702","16128",
"1400000US06001410400","Census Tract 4104; Alameda County; California","121086","8891",
"1400000US06001410500","Census Tract 4105; Alameda County; California","57991","25173",
"1400000US06001420100","Census Tract 4201; Alameda County; California","211000","42634",
"1400000US06001420200","Census Tract 4202; Alameda County; California","186406","47681",
"1400000US06001420301","Census Tract 4203.01; Alameda County; California","131786","32180",
"1400000US06001420302","Census Tract 4203.02; Alameda County; California","145750","74292",
"1400000US06001420401","Census Tract 4204.01; Alameda County; California","57589","42040",
"1400000US06001420402","Census Tract 4204.02; Alameda County; California","83472","48064",
"1400000US06001420500","Census Tract 4205; Alameda County; California","153542","34988",
"1400000US06001420600","Census Tract 4206; Alameda County; California","241290","34249",
"1400000US06001421100","Census Tract 4211; Alameda County; California","250,000+","***",
"1400000US06001421200","Census Tract 4212; Alameda County; California","250,000+","***",
"1400000US06001421300","Census Tract 4213; Alameda County; California","211667","52451",
"1400000US06001421400","Census Tract 4214; Alameda County; California","250,000+","***",
"1400000US06001421500","Census Tract 4215; Alameda County; California","250,000+","***",
"1400000US06001421600","Census Tract 4216; Alameda County; California","240884","21213",
"1400000US06001421700","Census Tract 4217; Alameda County; California","204688","58621",
"1400000US06001421800","Census Tract 4218; Alameda County; California","218750","44090",
"1400000US06001421900","Census Tract 4219; Alameda County; California","250,000+","***",
"1400000US06001422000","Census Tract 4220; Alameda County; California","199125","39734",
"1400000US06001422100","Census Tract 4221; Alameda County; California","182578","45425",
"1400000US06001422200","Census Tract 4222; Alameda County; California","183393","42634",
"1400000US06001422300","Census Tract 4223; Alameda County; California","180208","39666",
"1400000US06001422400","Census Tract 4224; Alameda County; California","158629","72492",
"1400000US06001422500","Census Tract 4225; Alameda County; California","123913","78026",
"1400000US06001422700","Census Tract 4227; Alameda County; California","-","**",
"1400000US06001422800","Census Tract 4228; Alameda County; California","65972","32523",
"1400000US06001422901","Census Tract 4229.01; Alameda County; California","72841","20427",
"1400000US06001422902","Census Tract 4229.02; Alameda County; California","125614","103373",
"1400000US06001423000","Census Tract 4230; Alameda County; California","130571","52754",
"1400000US06001423100","Census Tract 4231; Alameda County; California","59000","49333",
"1400000US06001423200","Census Tract 4232; Alameda County; California","133478","84832",
"1400000US06001423300","Census Tract 4233; Alameda County; California","169844","44070",
"1400000US06001423400","Census Tract 4234; Alameda County; California","140804","89238",
"1400000US06001423500","Census Tract 4235; Alameda County; California","175850","95765",
"1400000US06001423601","Census Tract 4236.01; Alameda County; California","200192","38924",
"1400000US06001423602","Census Tract 4236.02; Alameda County; California","-","**",
"1400000US06001423700","Census Tract 4237; Alameda County; California","250,000+","***",
"1400000US06001423800","Census Tract 4238; Alameda County; California","226989","27622",
"1400000US06001423901","Census Tract 4239.01; Alameda County; California","163266","17966",
"1400000US06001423902","Census Tract 4239.02; Alameda County; California","239250","46549",
"1400000US06001424001","Census Tract 4240.01; Alameda County; California","150952","62576",
"1400000US06001424002","Census Tract 4240.02; Alameda County; California","122083","47158",
"1400000US06001425101","Census Tract 4251.01; Alameda County; California","142321","75450",
"1400000US06001425102","Census Tract 4251.02; Alameda County; California","149688","40277",
"1400000US06001425103","Census Tract 4251.03; Alameda County; California","157167","29455",
"1400000US06001425104","Census Tract 4251.04; Alameda County; California","228438","40610",
"1400000US06001426100","Census Tract 4261; Alameda County; California","250,000+","***",
"1400000US06001426200","Census Tract 4262; Alameda County; California","250,000+","***",
"1400000US06001427100","Census Tract 4271; Alameda County; California","238409","59764",
"1400000US06001427200","Census Tract 4272; Alameda County; California","146172","24173",
"1400000US06001427300","Census Tract 4273; Alameda County; California","176129","32906",
"1400000US06001427600","Census Tract 4276; Alameda County; California","97442","9407",
"1400000US06001427700","Census Tract 4277; Alameda County; California","141755","44307",
"1400000US06001427800","Census Tract 4278; Alameda County; California","194375","23730",
"1400000US06001427900","Census Tract 4279; Alameda County; California","122064","25958",
"1400000US06001428000","Census Tract 4280; Alameda County; California","128015","42430",
"1400000US06001428100","Census Tract 4281; Alameda County; California","208835","35445",
"1400000US06001428200","Census Tract 4282; Alameda County; California","155817","28872",
"1400000US06001428301","Census Tract 4283.01; Alameda County; California","199433","27263",
"1400000US06001428302","Census Tract 4283.02; Alameda County; California","244094","30700",
"1400000US06001428400","Census Tract 4284; Alameda County; California","108750","41614",
"1400000US06001428500","Census Tract 4285; Alameda County; California","169709","40797",
"1400000US06001428600","Census Tract 4286; Alameda County; California","150769","39782",
"1400000US06001428700","Census Tract 4287; Alameda County; California","168523","55429",
"1400000US06001430101","Census Tract 4301.01; Alameda County; California","211728","26746",
"1400000US06001430102","Census Tract 4301.02; Alameda County; California","213423","13950",
"1400000US06001430200","Census Tract 4302; Alameda County; California","190172","28864",
"1400000US06001430300","Census Tract 4303; Alameda County; California","176629","31558",
"1400000US06001430400","Census Tract 4304; Alameda County; California","223889","35646",
"1400000US06001430500","Census Tract 4305; Alameda County; California","111005","27856",
"1400000US06001430600","Census Tract 4306; Alameda County; California","187275","32729",
"1400000US06001430700","Census Tract 4307; Alameda County; California","155386","13657",
"1400000US06001430800","Census Tract 4308; Alameda County; California","123403","27049",
"1400000US06001430900","Census Tract 4309; Alameda County; California","136765","27384",
"1400000US06001431000","Census Tract 4310; Alameda County; California","112656","22479",
"1400000US06001431100","Census Tract 4311; Alameda County; California","127734","16253",
"1400000US06001431200","Census Tract 4312; Alameda County; California","127703","18443",
"1400000US06001432100","Census Tract 4321; Alameda County; California","228571","33687",
"1400000US06001432200","Census Tract 4322; Alameda County; California","115179","38516",
"1400000US06001432300","Census Tract 4323; Alameda County; California","181089","44256",
"1400000US06001432400","Census Tract 4324; Alameda County; California","96128","27712",
"1400000US06001432501","Census Tract 4325.01; Alameda County; California","132684","22806",
"1400000US06001432502","Census Tract 4325.02; Alameda County; California","118015","14470",
"1400000US06001432601","Census Tract 4326.01; Alameda County; California","88980","7670",
"1400000US06001432602","Census Tract 4326.02; Alameda County; California","135458","37574",
"1400000US06001432700","Census Tract 4327; Alameda County; California","167604","54902",
"1400000US06001432800","Census Tract 4328; Alameda County; California","152132","36622",
"1400000US06001433000","Census Tract 4330; Alameda County; California","114531","25122",
"1400000US06001433102","Census Tract 4331.02; Alameda County; California","128750","30981",
"1400000US06001433103","Census Tract 4331.03; Alameda County; California","83523","20024",
"1400000US06001433104","Census Tract 4331.04; Alameda County; California","79301","10036",
"1400000US06001433200","Census Tract 4332; Alameda County; California","93554","5041",
"1400000US06001433300","Census Tract 4333; Alameda County; California","110858","20749",
"1400000US06001433400","Census Tract 4334; Alameda County; California","174688","34933",
"1400000US06001433500","Census Tract 4335; Alameda County; California","91477","52720",
"1400000US06001433600","Census Tract 4336; Alameda County; California","103578","16663",
"1400000US06001433700","Census Tract 4337; Alameda County; California","93500","27894",
"1400000US06001433801","Census Tract 4338.01; Alameda County; California","127798","40656",
"1400000US06001433802","Census Tract 4338.02; Alameda County; California","104231","23657",
"1400000US06001433900","Census Tract 4339; Alameda County; California","76731","12835",
"1400000US06001434000","Census Tract 4340; Alameda County; California","56202","17395",
"1400000US06001435102","Census Tract 4351.02; Alameda County; California","127549","30536",
"1400000US06001435103","Census Tract 4351.03; Alameda County; California","206964","36278",
"1400000US06001435104","Census Tract 4351.04; Alameda County; California","149000","16890",
"1400000US06001435200","Census Tract 4352; Alameda County; California","151667","22742",
"1400000US06001435300","Census Tract 4353; Alameda County; California","101678","21851",
"1400000US06001435400","Census Tract 4354; Alameda County; California","133409","31847",
"1400000US06001435500","Census Tract 4355; Alameda County; California","97325","28793",
"1400000US06001435601","Census Tract 4356.01; Alameda County; California","80575","15592",
"1400000US06001435602","Census Tract 4356.02; Alameda County; California","89139","10264",
"1400000US06001435700","Census Tract 4357; Alameda County; California","108082","18205",
"1400000US06001435800","Census Tract 4358; Alameda County; California","106932","24174",
"1400000US06001435900","Census Tract 4359; Alameda County; California","130313","29056",
"1400000US06001436000","Census Tract 4360; Alameda County; California","117337","42130",
"1400000US06001436100","Census Tract 4361; Alameda County; California","136875","37757",
"1400000US06001436200","Census Tract 4362; Alameda County; California","93365","45690",
"1400000US06001436301","Census Tract 4363.01; Alameda County; California","198566","68782",
"1400000US06001436302","Census Tract 4363.02; Alameda County; California","94588","26848",
"1400000US06001436402","Census Tract 4364.02; Alameda County; California","165625","26532",
"1400000US06001436403","Census Tract 4364.03; Alameda County; California","128800","22736",
"1400000US06001436404","Census Tract 4364.04; Alameda County; California","160597","4461",
"1400000US06001436500","Census Tract 4365; Alameda County; California","85066","20943",
"1400000US06001436601","Census Tract 4366.01; Alameda County; California","90313","30986",
"1400000US06001436602","Census Tract 4366.02; Alameda County; California","86628","16044",
"1400000US06001436700","Census Tract 4367; Alameda County; California","124643","40443",
"1400000US06001436800","Census Tract 4368; Alameda County; California","122159","20528",
"1400000US06001436900","Census Tract 4369; Alameda County; California","104806","18159",
"1400000US06001437000","Census Tract 4370; Alameda County; California","120909","28471",
"1400000US06001437101","Census Tract 4371.01; Alameda County; California","177650","53665",
"1400000US06001437102","Census Tract 4371.02; Alameda County; California","113309","28727",
"1400000US06001437200","Census Tract 4372; Alameda County; California","116000","27471",
"1400000US06001437300","Census Tract 4373; Alameda County; California","95729","41411",
"1400000US06001437400","Census Tract 4374; Alameda County; California","90114","14485",
"1400000US06001437500","Census Tract 4375; Alameda County; California","102679","27117",
"1400000US06001437600","Census Tract 4376; Alameda County; California","121328","35660",
"1400000US06001437701","Census Tract 4377.01; Alameda County; California","77534","11739",
"1400000US06001437702","Census Tract 4377.02; Alameda County; California","91595","40258",
"1400000US06001437800","Census Tract 4378; Alameda County; California","172885","33832",
"1400000US06001437900","Census Tract 4379; Alameda County; California","94870","15180",
"1400000US06001438000","Census Tract 4380; Alameda County; California","145032","13613",
"1400000US06001438100","Census Tract 4381; Alameda County; California","154171","35649",
"1400000US06001438201","Census Tract 4382.01; Alameda County; California","109719","22114",
"1400000US06001438203","Census Tract 4382.03; Alameda County; California","177843","41644",
"1400000US06001438204","Census Tract 4382.04; Alameda County; California","106484","19490",
"1400000US06001438300","Census Tract 4383; Alameda County; California","144183","17476",
"1400000US06001438400","Census Tract 4384; Alameda County; California","115000","25149",
"1400000US06001440100","Census Tract 4401; Alameda County; California","129500","37119",
"1400000US06001440200","Census Tract 4402; Alameda County; California","112982","16436",
"1400000US06001440301","Census Tract 4403.01; Alameda County; California","163177","58117",
"1400000US06001440304","Census Tract 4403.04; Alameda County; California","153854","50096",
"1400000US06001440305","Census Tract 4403.05; Alameda County; California","172708","29845",
"1400000US06001440306","Census Tract 4403.06; Alameda County; California","123261","36763",
"1400000US06001440307","Census Tract 4403.07; Alameda County; California","165893","30987",
"1400000US06001440308","Census Tract 4403.08; Alameda County; California","130000","30780",
"1400000US06001440331","Census Tract 4403.31; Alameda County; California","147788","18307",
"1400000US06001440332","Census Tract 4403.32; Alameda County; California","186964","38562",
"1400000US06001440333","Census Tract 4403.33; Alameda County; California","143047","29484",
"1400000US06001440334","Census Tract 4403.34; Alameda County; California","168750","26138",
"1400000US06001440336","Census Tract 4403.36; Alameda County; California","175865","27184",
"1400000US06001440337","Census Tract 4403.37; Alameda County; California","250,000+","***",
"1400000US06001440338","Census Tract 4403.38; Alameda County; California","139612","24198",
"1400000US06001441100","Census Tract 4411; Alameda County; California","203438","61878",
"1400000US06001441200","Census Tract 4412; Alameda County; California","183803","38885",
"1400000US06001441301","Census Tract 4413.01; Alameda County; California","213839","49366",
"1400000US06001441302","Census Tract 4413.02; Alameda County; California","221058","27092",
"1400000US06001441401","Census Tract 4414.01; Alameda County; California","189265","42085",
"1400000US06001441402","Census Tract 4414.02; Alameda County; California","245714","54512",
"1400000US06001441501","Census Tract 4415.01; Alameda County; California","210769","42681",
"1400000US06001441503","Census Tract 4415.03; Alameda County; California","250,000+","***",
"1400000US06001441521","Census Tract 4415.21; Alameda County; California","250,000+","***",
"1400000US06001441522","Census Tract 4415.22; Alameda County; California","193787","28171",
"1400000US06001441523","Census Tract 4415.23; Alameda County; California","213750","55655",
"1400000US06001441524","Census Tract 4415.24; Alameda County; California","250,000+","***",
"1400000US06001441525","Census Tract 4415.25; Alameda County; California","194737","75094",
"1400000US06001441601","Census Tract 4416.01; Alameda County; California","205758","48385",
"1400000US06001441602","Census Tract 4416.02; Alameda County; California","146161","23600",
"1400000US06001441701","Census Tract 4417.01; Alameda County; California","109097","89892",
"1400000US06001441702","Census Tract 4417.02; Alameda County; California","109712","69963",
"1400000US06001441800","Census Tract 4418; Alameda County; California","208298","12248",
"1400000US06001441921","Census Tract 4419.21; Alameda County; California","151333","43379",
"1400000US06001441923","Census Tract 4419.23; Alameda County; California","141576","9841",
"1400000US06001441924","Census Tract 4419.24; Alameda County; California","202118","20152",
"1400000US06001441926","Census Tract 4419.26; Alameda County; California","121648","21202",
"1400000US06001441927","Census Tract 4419.27; Alameda County; California","174167","35790",
"1400000US06001441928","Census Tract 4419.28; Alameda County; California","176786","40693",
"1400000US06001441929","Census Tract 4419.29; Alameda County; California","179554","32602",
"1400000US06001442000","Census Tract 4420; Alameda County; California","227904","34951",
"1400000US06001442100","Census Tract 4421; Alameda County; California","250,000+","***",
"1400000US06001442200","Census Tract 4422; Alameda County; California","250,000+","***",
"1400000US06001442301","Census Tract 4423.01; Alameda County; California","156635","26118",
"1400000US06001442302","Census Tract 4423.02; Alameda County; California","175163","27898",
"1400000US06001442400","Census Tract 4424; Alameda County; California","163505","29173",
"1400000US06001442501","Census Tract 4425.01; Alameda County; California","124030","41147",
"1400000US06001442502","Census Tract 4425.02; Alameda County; California","134500","49914",
"1400000US06001442601","Census Tract 4426.01; Alameda County; California","205417","62687",
"1400000US06001442602","Census Tract 4426.02; Alameda County; California","157679","62611",
"1400000US06001442700","Census Tract 4427; Alameda County; California","220865","34599",
"1400000US06001442800","Census Tract 4428; Alameda County; California","188971","16941",
"1400000US06001442900","Census Tract 4429; Alameda County; California","170000","18683",
"1400000US06001443001","Census Tract 4430.01; Alameda County; California","171094","42539",
"1400000US06001443002","Census Tract 4430.02; Alameda County; California","165357","53072",
"1400000US06001443102","Census Tract 4431.02; Alameda County; California","250,000+","***",
"1400000US06001443103","Census Tract 4431.03; Alameda County; California","250,000+","***",
"1400000US06001443104","Census Tract 4431.04; Alameda County; California","206843","31482",
"1400000US06001443105","Census Tract 4431.05; Alameda County; California","242313","35480",
"1400000US06001443200","Census Tract 4432; Alameda County; California","250,000+","***",
"1400000US06001443301","Census Tract 4433.01; Alameda County; California","250,000+","***",
"1400000US06001443321","Census Tract 4433.21; Alameda County; California","186719","54547",
"1400000US06001443322","Census Tract 4433.22; Alameda County; California","247857","33070",
"1400000US06001444100","Census Tract 4441; Alameda County; California","170972","58124",
"1400000US06001444200","Census Tract 4442; Alameda County; California","131563","19663",
"1400000US06001444301","Census Tract 4443.01; Alameda County; California","220556","20723",
"1400000US06001444303","Census Tract 4443.03; Alameda County; California","-","**",
"1400000US06001444304","Census Tract 4443.04; Alameda County; California","232723","30951",
"1400000US06001444400","Census Tract 4444; Alameda County; California","102313","4955",
"1400000US06001444500","Census Tract 4445; Alameda County; California","148519","27995",
"1400000US06001444601","Census Tract 4446.01; Alameda County; California","225109","48910",
"1400000US06001444602","Census Tract 4446.02; Alameda County; California","222554","30105",
"1400000US06001450101","Census Tract 4501.01; Alameda County; California","195497","56557",
"1400000US06001450102","Census Tract 4501.02; Alameda County; California","246389","52797",
"1400000US06001450200","Census Tract 4502; Alameda County; California","119135","28285",
"1400000US06001450300","Census Tract 4503; Alameda County; California","148250","31205",
"1400000US06001450400","Census Tract 4504; Alameda County; California","231744","26816",
"1400000US06001450501","Census Tract 4505.01; Alameda County; California","226094","17934",
"1400000US06001450502","Census Tract 4505.02; Alameda County; California","248125","45307",
"1400000US06001450601","Census Tract 4506.01; Alameda County; California","240625","36915",
"1400000US06001450603","Census Tract 4506.03; Alameda County; California","221172","21053",
"1400000US06001450604","Census Tract 4506.04; Alameda County; California","199583","23037",
"1400000US06001450605","Census Tract 4506.05; Alameda County; California","214550","19743",
"1400000US06001450606","Census Tract 4506.06; Alameda County; California","250,000+","***",
"1400000US06001450607","Census Tract 4506.07; Alameda County; California","160581","61428",
"1400000US06001450608","Census Tract 4506.08; Alameda County; California","250,000+","***",
"1400000US06001450609","Census Tract 4506.09; Alameda County; California","178889","28774",
"1400000US06001450701","Census Tract 4507.01; Alameda County; California","250,000+","***",
"1400000US06001450741","Census Tract 4507.41; Alameda County; California","198508","61618",
"1400000US06001450742","Census Tract 4507.42; Alameda County; California","207692","34370",
"1400000US06001450743","Census Tract 4507.43; Alameda County; California","187642","20132",
"1400000US06001450744","Census Tract 4507.44; Alameda County; California","243306","24697",
"1400000US06001450745","Census Tract 4507.45; Alameda County; California","215406","15600",
"1400000US06001450746","Census Tract 4507.46; Alameda County; California","223946","25401",
"1400000US06001450750","Census Tract 4507.50; Alameda County; California","186458","47219",
"1400000US06001450751","Census Tract 4507.51; Alameda County; California","250,000+","***",
"1400000US06001450752","Census Tract 4507.52; Alameda County; California","250,000+","***",
"1400000US06001451102","Census Tract 4511.02; Alameda County; California","250,000+","***",
"1400000US06001451103","Census Tract 4511.03; Alameda County; California","250,000+","***",
"1400000US06001451104","Census Tract 4511.04; Alameda County; California","218750","29519",
"1400000US06001451201","Census Tract 4512.01; Alameda County; California","138048","17244",
"1400000US06001451202","Census Tract 4512.02; Alameda County; California","157151","30801",
"1400000US06001451300","Census Tract 4513; Alameda County; California","164038","28733",
"1400000US06001451401","Census Tract 4514.01; Alameda County; California","159721","28501",
"1400000US06001451403","Census Tract 4514.03; Alameda County; California","185500","38490",
"1400000US06001451404","Census Tract 4514.04; Alameda County; California","142083","14397",
"1400000US06001451501","Census Tract 4515.01; Alameda County; California","200962","24424",
"1400000US06001451503","Census Tract 4515.03; Alameda County; California","177048","29922",
"1400000US06001451504","Census Tract 4515.04; Alameda County; California","208333","55881",
"1400000US06001451505","Census Tract 4515.05; Alameda County; California","250,000+","***",
"1400000US06001451506","Census Tract 4515.06; Alameda County; California","137112","34706",
"1400000US06001451601","Census Tract 4516.01; Alameda County; California","209412","18647",
"1400000US06001451602","Census Tract 4516.02; Alameda County; California","174342","51130",
"1400000US06001451701","Census Tract 4517.01; Alameda County; California","213184","28872",
"1400000US06001451703","Census Tract 4517.03; Alameda County; California","206750","15480",
"1400000US06001451704","Census Tract 4517.04; Alameda County; California","146607","37182",
"1400000US06001981900","Census Tract 9819; Alameda County; California","-","**",
"1400000US06001982000","Census Tract 9820; Alameda County; California","-","**",
"1400000US06001982100","Census Tract 9821; Alameda County; California","221250","106645",
"1400000US06001983200","Census Tract 9832; Alameda County; California","250,000+","***",
"1400000US06001990000","Census Tract 9900; Alameda County; California","-","**",
"1400000US06003010000","Census Tract 100; Alpine County; California","119659","39441",
"1400000US06005000101","Census Tract 1.01; Amador County; California","106219","6978",
"1400000US06005000102","Census Tract 1.02; Amador County; California","76484","26360",
"1400000US06005000201","Census Tract 2.01; Amador County; California","87778","17302",
"1400000US06005000202","Census Tract 2.02; Amador County; California","131458","44685",
"1400000US06005000301","Census Tract 3.01; Amador County; California","119615","37267",
"1400000US06005000303","Census Tract 3.03; Amador County; California","102879","22365",
"1400000US06005000304","Census Tract 3.04; Amador County; California","136950","31104",
"1400000US06005000401","Census Tract 4.01; Amador County; California","87917","18045",
"1400000US06005000402","Census Tract 4.02; Amador County; California","85625","24173",
"1400000US06005000500","Census Tract 5; Amador County; California","117269","40782",
"1400000US06007000102","Census Tract 1.02; Butte County; California","118529","28923",
"1400000US06007000103","Census Tract 1.03; Butte County; California","114974","13657",
"1400000US06007000104","Census Tract 1.04; Butte County; California","74447","25039",
"1400000US06007000201","Census Tract 2.01; Butte County; California","113583","24097",
"1400000US06007000202","Census Tract 2.02; Butte County; California","68162","12295",
"1400000US06007000300","Census Tract 3; Butte County; California","74156","9382",
"1400000US06007000401","Census Tract 4.01; Butte County; California","102152","14982",
"1400000US06007000403","Census Tract 4.03; Butte County; California","75809","11736",
"1400000US06007000404","Census Tract 4.04; Butte County; California","144135","21882",
"1400000US06007000501","Census Tract 5.01; Butte County; California","131111","37965",
"1400000US06007000502","Census Tract 5.02; Butte County; California","40119","9969",
"1400000US06007000601","Census Tract 6.01; Butte County; California","141691","53360",
"1400000US06007000603","Census Tract 6.03; Butte County; California","52725","26143",
"1400000US06007000604","Census Tract 6.04; Butte County; California","32614","26923",
"1400000US06007000700","Census Tract 7; Butte County; California","102202","23889",
"1400000US06007000800","Census Tract 8; Butte County; California","91875","27817",
"1400000US06007000901","Census Tract 9.01; Butte County; California","140787","33123",
"1400000US06007000903","Census Tract 9.03; Butte County; California","79419","10975",
"1400000US06007000904","Census Tract 9.04; Butte County; California","141058","28438",
"1400000US06007001000","Census Tract 10; Butte County; California","68588","21399",
"1400000US06007001100","Census Tract 11; Butte County; California","78203","23882",
"1400000US06007001200","Census Tract 12; Butte County; California","74205","25525",
"1400000US06007001300","Census Tract 13; Butte County; California","47738","8124",
"1400000US06007001400","Census Tract 14; Butte County; California","154524","30710",
"1400000US06007001500","Census Tract 15; Butte County; California","130789","33233",
"1400000US06007001601","Census Tract 16.01; Butte County; California","152681","28521",
"1400000US06007001602","Census Tract 16.02; Butte County; California","147240","23587",
"1400000US06007001702","Census Tract 17.02; Butte County; California","69691","26320",
"1400000US06007001703","Census Tract 17.03; Butte County; California","86250","24907",
"1400000US06007001704","Census Tract 17.04; Butte County; California","71589","17109",
"1400000US06007001800","Census Tract 18; Butte County; California","-","**",
"1400000US06007001900","Census Tract 19; Butte County; California","-","**",
"1400000US06007002000","Census Tract 20; Butte County; California","93079","6640",
"1400000US06007002100","Census Tract 21; Butte County; California","87656","81562",
"1400000US06007002200","Census Tract 22; Butte County; California","152949","40627",
"1400000US06007002300","Census Tract 23; Butte County; California","101875","84445",
"1400000US06007002401","Census Tract 24.01; Butte County; California","83203","17674",
"1400000US06007002402","Census Tract 24.02; Butte County; California","75625","28525",
"1400000US06007002500","Census Tract 25; Butte County; California","65321","20793",
"1400000US06007002601","Census Tract 26.01; Butte County; California","90000","12686",
"1400000US06007002602","Census Tract 26.02; Butte County; California","94160","14347",
"1400000US06007002700","Census Tract 27; Butte County; California","94345","39928",
"1400000US06007002800","Census Tract 28; Butte County; California","35487","7966",
"1400000US06007002900","Census Tract 29; Butte County; California","64079","11737",
"1400000US06007003001","Census Tract 30.01; Butte County; California","43214","20041",
"1400000US06007003002","Census Tract 30.02; Butte County; California","82585","16878",
"1400000US06007003100","Census Tract 31; Butte County; California","103240","18217",
"1400000US06007003200","Census Tract 32; Butte County; California","56105","23155",
"1400000US06007003300","Census Tract 33; Butte County; California","101250","18804",
"1400000US06007003400","Census Tract 34; Butte County; California","86970","34054",
"1400000US06007003501","Census Tract 35.01; Butte County; California","76683","27977",
"1400000US06007003502","Census Tract 35.02; Butte County; California","60625","21537",
"1400000US06007003600","Census Tract 36; Butte County; California","90236","6346",
"1400000US06007003700","Census Tract 37; Butte County; California","62895","25960",
"1400000US06009000121","Census Tract 1.21; Calaveras County; California","77727","19413",
"1400000US06009000122","Census Tract 1.22; Calaveras County; California","84896","8824",
"1400000US06009000123","Census Tract 1.23; Calaveras County; California","129167","43381",
"1400000US06009000124","Census Tract 1.24; Calaveras County; California","100313","24494",
"1400000US06009000220","Census Tract 2.20; Calaveras County; California","90930","23460",
"1400000US06009000221","Census Tract 2.21; Calaveras County; California","100540","32881",
"1400000US06009000222","Census Tract 2.22; Calaveras County; California","124250","25686",
"1400000US06009000301","Census Tract 3.01; Calaveras County; California","73333","28224",
"1400000US06009000302","Census Tract 3.02; Calaveras County; California","78042","43508",
"1400000US06009000400","Census Tract 4; Calaveras County; California","78224","42086",
"1400000US06009000501","Census Tract 5.01; Calaveras County; California","108594","33384",
"1400000US06009000504","Census Tract 5.04; Calaveras County; California","173688","65093",
"1400000US06009000505","Census Tract 5.05; Calaveras County; California","101615","43865",
"1400000US06009000506","Census Tract 5.06; Calaveras County; California","79738","15933",
"1400000US06011000100","Census Tract 1; Colusa County; California","86467","16590",
"1400000US06011000200","Census Tract 2; Colusa County; California","95139","32225",
"1400000US06011000301","Census Tract 3.01; Colusa County; California","95859","21675",
"1400000US06011000302","Census Tract 3.02; Colusa County; California","92500","10364",
"1400000US06011000400","Census Tract 4; Colusa County; California","73542","16064",
"1400000US06011000500","Census Tract 5; Colusa County; California","72212","15992",
"1400000US06013301000","Census Tract 3010; Contra Costa County; California","135625","29981",
"1400000US06013302005","Census Tract 3020.05; Contra Costa County; California","101614","20999",
"1400000US06013302006","Census Tract 3020.06; Contra Costa County; California","150317","13197",
"1400000US06013302007","Census Tract 3020.07; Contra Costa County; California","135551","34133",
"1400000US06013302009","Census Tract 3020.09; Contra Costa County; California","144750","26986",
"1400000US06013302011","Census Tract 3020.11; Contra Costa County; California","128350","19019",
"1400000US06013302012","Census Tract 3020.12; Contra Costa County; California","170341","27056",
"1400000US06013302013","Census Tract 3020.13; Contra Costa County; California","141847","16837",
"1400000US06013302014","Census Tract 3020.14; Contra Costa County; California","144380","22269",
"1400000US06013303104","Census Tract 3031.04; Contra Costa County; California","165988","19939",
"1400000US06013303105","Census Tract 3031.05; Contra Costa County; California","176178","45712",
"1400000US06013303106","Census Tract 3031.06; Contra Costa County; California","116595","45272",
"1400000US06013303107","Census Tract 3031.07; Contra Costa County; California","141168","33850",
"1400000US06013303202","Census Tract 3032.02; Contra Costa County; California","172842","27268",
"1400000US06013303204","Census Tract 3032.04; Contra Costa County; California","170563","18507",
"1400000US06013303206","Census Tract 3032.06; Contra Costa County; California","173848","22207",
"1400000US06013303207","Census Tract 3032.07; Contra Costa County; California","123534","27159",
"1400000US06013303208","Census Tract 3032.08; Contra Costa County; California","163469","31409",
"1400000US06013303209","Census Tract 3032.09; Contra Costa County; California","149803","30107",
"1400000US06013303210","Census Tract 3032.10; Contra Costa County; California","134536","14197",
"1400000US06013303211","Census Tract 3032.11; Contra Costa County; California","146885","13665",
"1400000US06013304001","Census Tract 3040.01; Contra Costa County; California","181300","39945",
"1400000US06013304002","Census Tract 3040.02; Contra Costa County; California","99196","57774",
"1400000US06013304003","Census Tract 3040.03; Contra Costa County; California","170833","24741",
"1400000US06013304004","Census Tract 3040.04; Contra Costa County; California","144167","29993",
"1400000US06013304006","Census Tract 3040.06; Contra Costa County; California","165924","18748",
"1400000US06013304007","Census Tract 3040.07; Contra Costa County; California","151996","18892",
"1400000US06013305000","Census Tract 3050; Contra Costa County; California","65396","12027",
"1400000US06013306002","Census Tract 3060.02; Contra Costa County; California","67363","32920",
"1400000US06013306003","Census Tract 3060.03; Contra Costa County; California","70104","20780",
"1400000US06013306004","Census Tract 3060.04; Contra Costa County; California","70861","28786",
"1400000US06013307101","Census Tract 3071.01; Contra Costa County; California","122665","23215",
"1400000US06013307102","Census Tract 3071.02; Contra Costa County; California","80332","9854",
"1400000US06013307201","Census Tract 3072.01; Contra Costa County; California","62361","34961",
"1400000US06013307202","Census Tract 3072.02; Contra Costa County; California","59709","13103",
"1400000US06013307204","Census Tract 3072.04; Contra Costa County; California","103750","27359",
"1400000US06013307205","Census Tract 3072.05; Contra Costa County; California","73180","13040",
"1400000US06013308001","Census Tract 3080.01; Contra Costa County; California","126853","54781",
"1400000US06013308002","Census Tract 3080.02; Contra Costa County; California","118536","36679",
"1400000US06013309000","Census Tract 3090; Contra Costa County; California","113370","33537",
"1400000US06013310000","Census Tract 3100; Contra Costa County; California","93400","30876",
"1400000US06013311000","Census Tract 3110; Contra Costa County; California","85769","26090",
"1400000US06013312000","Census Tract 3120; Contra Costa County; California","74762","18400",
"1400000US06013313102","Census Tract 3131.02; Contra Costa County; California","102188","39376",
"1400000US06013313104","Census Tract 3131.04; Contra Costa County; California","71228","7996",
"1400000US06013313105","Census Tract 3131.05; Contra Costa County; California","76382","13290",
"1400000US06013313106","Census Tract 3131.06; Contra Costa County; California","156021","21333",
"1400000US06013313107","Census Tract 3131.07; Contra Costa County; California","143571","32436",
"1400000US06013313203","Census Tract 3132.03; Contra Costa County; California","133750","16509",
"1400000US06013313204","Census Tract 3132.04; Contra Costa County; California","90926","11789",
"1400000US06013313205","Census Tract 3132.05; Contra Costa County; California","110911","10423",
"1400000US06013313206","Census Tract 3132.06; Contra Costa County; California","71977","14613",
"1400000US06013314102","Census Tract 3141.02; Contra Costa County; California","100043","13439",
"1400000US06013314103","Census Tract 3141.03; Contra Costa County; California","84816","11789",
"1400000US06013314105","Census Tract 3141.05; Contra Costa County; California","63214","24647",
"1400000US06013314106","Census Tract 3141.06; Contra Costa County; California","71409","8269",
"1400000US06013314200","Census Tract 3142; Contra Costa County; California","80668","6156",
"1400000US06013315000","Census Tract 3150; Contra Costa County; California","127903","12266",
"1400000US06013316000","Census Tract 3160; Contra Costa County; California","-","**",
"1400000US06013317000","Census Tract 3170; Contra Costa County; California","84519","71956",
"1400000US06013318000","Census Tract 3180; Contra Costa County; California","118704","27035",
"1400000US06013319001","Census Tract 3190.01; Contra Costa County; California","160305","33924",
"1400000US06013319002","Census Tract 3190.02; Contra Costa County; California","115440","17036",
"1400000US06013320001","Census Tract 3200.01; Contra Costa County; California","108362","26138",
"1400000US06013320003","Census Tract 3200.03; Contra Costa County; California","194563","40741",
"1400000US06013320004","Census Tract 3200.04; Contra Costa County; California","162500","23527",
"1400000US06013321101","Census Tract 3211.01; Contra Costa County; California","152132","21681",
"1400000US06013321102","Census Tract 3211.02; Contra Costa County; California","168464","20503",
"1400000US06013321103","Census Tract 3211.03; Contra Costa County; California","160833","47864",
"1400000US06013321200","Census Tract 3212; Contra Costa County; California","107425","23774",
"1400000US06013322000","Census Tract 3220; Contra Costa County; California","181974","49697",
"1400000US06013323000","Census Tract 3230; Contra Costa County; California","140000","37066",
"1400000US06013324002","Census Tract 3240.02; Contra Costa County; California","144817","42543",
"1400000US06013324003","Census Tract 3240.03; Contra Costa County; California","-","**",
"1400000US06013324004","Census Tract 3240.04; Contra Costa County; California","172019","63815",
"1400000US06013325000","Census Tract 3250; Contra Costa County; California","186250","73126",
"1400000US06013326000","Census Tract 3260; Contra Costa County; California","197250","27422",
"1400000US06013327001","Census Tract 3270.01; Contra Costa County; California","102996","23754",
"1400000US06013327002","Census Tract 3270.02; Contra Costa County; California","113465","23626",
"1400000US06013328000","Census Tract 3280; Contra Costa County; California","108160","53117",
"1400000US06013329000","Census Tract 3290; Contra Costa County; California","131151","38438",
"1400000US06013330000","Census Tract 3300; Contra Costa County; California","132419","12381",
"1400000US06013331000","Census Tract 3310; Contra Costa County; California","110313","31345",
"1400000US06013332000","Census Tract 3320; Contra Costa County; California","157838","24906",
"1400000US06013333101","Census Tract 3331.01; Contra Costa County; California","139013","37420",
"1400000US06013333102","Census Tract 3331.02; Contra Costa County; California","137891","27796",
"1400000US06013333200","Census Tract 3332; Contra Costa County; California","153438","38257",
"1400000US06013334001","Census Tract 3340.01; Contra Costa County; California","132422","24981",
"1400000US06013334006","Census Tract 3340.06; Contra Costa County; California","168367","15306",
"1400000US06013334007","Census Tract 3340.07; Contra Costa County; California","137171","11408",
"1400000US06013334008","Census Tract 3340.08; Contra Costa County; California","150598","41992",
"1400000US06013334200","Census Tract 3342; Contra Costa County; California","250,000+","***",
"1400000US06013335000","Census Tract 3350; Contra Costa County; California","173500","45666",
"1400000US06013336101","Census Tract 3361.01; Contra Costa County; California","72216","25447",
"1400000US06013336103","Census Tract 3361.03; Contra Costa County; California","55780","10104",
"1400000US06013336104","Census Tract 3361.04; Contra Costa County; California","48690","29767",
"1400000US06013336201","Census Tract 3362.01; Contra Costa County; California","124250","23921",
"1400000US06013336202","Census Tract 3362.02; Contra Costa County; California","85017","15049",
"1400000US06013337100","Census Tract 3371; Contra Costa County; California","139211","32936",
"1400000US06013337201","Census Tract 3372.01; Contra Costa County; California","85885","31179",
"1400000US06013337202","Census Tract 3372.02; Contra Costa County; California","110244","15935",
"1400000US06013337300","Census Tract 3373; Contra Costa County; California","166667","29076",
"1400000US06013338101","Census Tract 3381.01; Contra Costa County; California","76904","12991",
"1400000US06013338102","Census Tract 3381.02; Contra Costa County; California","217891","37527",
"1400000US06013338201","Census Tract 3382.01; Contra Costa County; California","250,000+","***",
"1400000US06013338203","Census Tract 3382.03; Contra Costa County; California","164167","30502",
"1400000US06013338204","Census Tract 3382.04; Contra Costa County; California","170887","24794",
"1400000US06013338301","Census Tract 3383.01; Contra Costa County; California","214455","18184",
"1400000US06013338302","Census Tract 3383.02; Contra Costa County; California","223776","15828",
"1400000US06013339001","Census Tract 3390.01; Contra Costa County; California","134201","35425",
"1400000US06013339003","Census Tract 3390.03; Contra Costa County; California","134345","28330",
"1400000US06013339004","Census Tract 3390.04; Contra Costa County; California","146563","43136",
"1400000US06013340001","Census Tract 3400.01; Contra Costa County; California","134174","27940",
"1400000US06013340003","Census Tract 3400.03; Contra Costa County; California","182750","61243",
"1400000US06013340004","Census Tract 3400.04; Contra Costa County; California","188917","54562",
"1400000US06013341000","Census Tract 3410; Contra Costa County; California","225566","15812",
"1400000US06013343001","Census Tract 3430.01; Contra Costa County; California","207404","56038",
"1400000US06013343002","Census Tract 3430.02; Contra Costa County; California","221890","46597",
"1400000US06013343003","Census Tract 3430.03; Contra Costa County; California","210625","32387",
"1400000US06013345101","Census Tract 3451.01; Contra Costa County; California","211008","40309",
"1400000US06013345102","Census Tract 3451.02; Contra Costa County; California","197396","23201",
"1400000US06013345103","Census Tract 3451.03; Contra Costa County; California","235469","26359",
"1400000US06013345105","Census Tract 3451.05; Contra Costa County; California","229432","32699",
"1400000US06013345111","Census Tract 3451.11; Contra Costa County; California","160306","24339",
"1400000US06013345112","Census Tract 3451.12; Contra Costa County; California","250,000+","***",
"1400000US06013345113","Census Tract 3451.13; Contra Costa County; California","250,000+","***",
"1400000US06013345114","Census Tract 3451.14; Contra Costa County; California","203250","48737",
"1400000US06013345115","Census Tract 3451.15; Contra Costa County; California","250,000+","***",
"1400000US06013345116","Census Tract 3451.16; Contra Costa County; California","226100","17433",
"1400000US06013345117","Census Tract 3451.17; Contra Costa County; California","250,000+","***",
"1400000US06013345118","Census Tract 3451.18; Contra Costa County; California","205833","24933",
"1400000US06013345203","Census Tract 3452.03; Contra Costa County; California","250,000+","***",
"1400000US06013345204","Census Tract 3452.04; Contra Costa County; California","250,000+","***",
"1400000US06013345205","Census Tract 3452.05; Contra Costa County; California","201415","24503",
"1400000US06013345206","Census Tract 3452.06; Contra Costa County; California","204844","16670",
"1400000US06013346101","Census Tract 3461.01; Contra Costa County; California","250,000+","***",
"1400000US06013346102","Census Tract 3461.02; Contra Costa County; California","250,000+","***",
"1400000US06013346203","Census Tract 3462.03; Contra Costa County; California","228125","72173",
"1400000US06013346204","Census Tract 3462.04; Contra Costa County; California","250,000+","***",
"1400000US06013346205","Census Tract 3462.05; Contra Costa County; California","242727","33349",
"1400000US06013346206","Census Tract 3462.06; Contra Costa County; California","250,000+","***",
"1400000US06013347000","Census Tract 3470; Contra Costa County; California","250,000+","***",
"1400000US06013348000","Census Tract 3480; Contra Costa County; California","250,000+","***",
"1400000US06013349000","Census Tract 3490; Contra Costa County; California","247760","67602",
"1400000US06013350000","Census Tract 3500; Contra Costa County; California","216719","39248",
"1400000US06013351101","Census Tract 3511.01; Contra Costa County; California","94196","24643",
"1400000US06013351103","Census Tract 3511.03; Contra Costa County; California","126719","15523",
"1400000US06013351104","Census Tract 3511.04; Contra Costa County; California","100962","24701",
"1400000US06013351105","Census Tract 3511.05; Contra Costa County; California","98594","52379",
"1400000US06013351200","Census Tract 3512; Contra Costa County; California","250,000+","***",
"1400000US06013352101","Census Tract 3521.01; Contra Costa County; California","250,000+","***",
"1400000US06013352102","Census Tract 3521.02; Contra Costa County; California","250,000+","***",
"1400000US06013352201","Census Tract 3522.01; Contra Costa County; California","234412","52571",
"1400000US06013352202","Census Tract 3522.02; Contra Costa County; California","208523","65903",
"1400000US06013353001","Census Tract 3530.01; Contra Costa County; California","250,000+","***",
"1400000US06013353002","Census Tract 3530.02; Contra Costa County; California","250,000+","***",
"1400000US06013354001","Census Tract 3540.01; Contra Costa County; California","240083","29741",
"1400000US06013354002","Census Tract 3540.02; Contra Costa County; California","250,000+","***",
"1400000US06013355107","Census Tract 3551.07; Contra Costa County; California","155476","24471",
"1400000US06013355109","Census Tract 3551.09; Contra Costa County; California","116125","31210",
"1400000US06013355110","Census Tract 3551.10; Contra Costa County; California","135417","30713",
"1400000US06013355111","Census Tract 3551.11; Contra Costa County; California","136318","31912",
"1400000US06013355112","Census Tract 3551.12; Contra Costa County; California","241522","36952",
"1400000US06013355113","Census Tract 3551.13; Contra Costa County; California","246393","20345",
"1400000US06013355115","Census Tract 3551.15; Contra Costa County; California","202375","34221",
"1400000US06013355118","Census Tract 3551.18; Contra Costa County; California","146944","32223",
"1400000US06013355119","Census Tract 3551.19; Contra Costa County; California","167725","16973",
"1400000US06013355120","Census Tract 3551.20; Contra Costa County; California","99773","26744",
"1400000US06013355121","Census Tract 3551.21; Contra Costa County; California","249833","28395",
"1400000US06013355122","Census Tract 3551.22; Contra Costa County; California","250,000+","***",
"1400000US06013355123","Census Tract 3551.23; Contra Costa County; California","250,000+","***",
"1400000US06013355124","Census Tract 3551.24; Contra Costa County; California","250,000+","***",
"1400000US06013355125","Census Tract 3551.25; Contra Costa County; California","250,000+","***",
"1400000US06013355126","Census Tract 3551.26; Contra Costa County; California","250,000+","***",
"1400000US06013355201","Census Tract 3552.01; Contra Costa County; California","168920","30191",
"1400000US06013355202","Census Tract 3552.02; Contra Costa County; California","182417","34081",
"1400000US06013355302","Census Tract 3553.02; Contra Costa County; California","250,000+","***",
"1400000US06013355306","Census Tract 3553.06; Contra Costa County; California","186331","20086",
"1400000US06013355307","Census Tract 3553.07; Contra Costa County; California","195000","61415",
"1400000US06013355308","Census Tract 3553.08; Contra Costa County; California","172168","30218",
"1400000US06013355309","Census Tract 3553.09; Contra Costa County; California","211042","27377",
"1400000US06013355310","Census Tract 3553.10; Contra Costa County; California","122229","21593",
"1400000US06013356001","Census Tract 3560.01; Contra Costa County; California","103781","12387",
"1400000US06013356002","Census Tract 3560.02; Contra Costa County; California","137887","19264",
"1400000US06013357000","Census Tract 3570; Contra Costa County; California","131042","47762",
"1400000US06013358000","Census Tract 3580; Contra Costa County; California","74219","24243",
"1400000US06013359102","Census Tract 3591.02; Contra Costa County; California","130789","18839",
"1400000US06013359103","Census Tract 3591.03; Contra Costa County; California","129375","27726",
"1400000US06013359104","Census Tract 3591.04; Contra Costa County; California","124375","45444",
"1400000US06013359105","Census Tract 3591.05; Contra Costa County; California","159000","31204",
"1400000US06013359202","Census Tract 3592.02; Contra Costa County; California","143816","31226",
"1400000US06013359203","Census Tract 3592.03; Contra Costa County; California","147287","54499",
"1400000US06013359204","Census Tract 3592.04; Contra Costa County; California","155361","20990",
"1400000US06013360101","Census Tract 3601.01; Contra Costa County; California","140208","42388",
"1400000US06013360102","Census Tract 3601.02; Contra Costa County; California","162426","40186",
"1400000US06013360200","Census Tract 3602; Contra Costa County; California","130787","15033",
"1400000US06013361000","Census Tract 3610; Contra Costa County; California","111910","9203",
"1400000US06013362000","Census Tract 3620; Contra Costa County; California","163036","25357",
"1400000US06013363000","Census Tract 3630; Contra Costa County; California","105266","26505",
"1400000US06013364002","Census Tract 3640.02; Contra Costa County; California","133273","17690",
"1400000US06013365002","Census Tract 3650.02; Contra Costa County; California","72475","10519",
"1400000US06013365003","Census Tract 3650.03; Contra Costa County; California","84454","14780",
"1400000US06013366001","Census Tract 3660.01; Contra Costa County; California","91133","33311",
"1400000US06013366002","Census Tract 3660.02; Contra Costa County; California","86912","18137",
"1400000US06013367100","Census Tract 3671; Contra Costa County; California","82087","26161",
"1400000US06013367200","Census Tract 3672; Contra Costa County; California","97569","14698",
"1400000US06013368001","Census Tract 3680.01; Contra Costa County; California","96154","21759",
"1400000US06013368002","Census Tract 3680.02; Contra Costa County; California","72250","15952",
"1400000US06013369001","Census Tract 3690.01; Contra Costa County; California","79059","4433",
"1400000US06013369002","Census Tract 3690.02; Contra Costa County; California","95234","38369",
"1400000US06013370000","Census Tract 3700; Contra Costa County; California","134574","41275",
"1400000US06013371000","Census Tract 3710; Contra Costa County; California","111339","25761",
"1400000US06013372000","Census Tract 3720; Contra Costa County; California","87078","30848",
"1400000US06013373000","Census Tract 3730; Contra Costa County; California","96058","41024",
"1400000US06013374000","Census Tract 3740; Contra Costa County; California","96563","37842",
"1400000US06013375000","Census Tract 3750; Contra Costa County; California","82892","17036",
"1400000US06013376000","Census Tract 3760; Contra Costa County; California","73484","15225",
"1400000US06013377000","Census Tract 3770; Contra Costa County; California","62901","19912",
"1400000US06013378000","Census Tract 3780; Contra Costa County; California","196315","21472",
"1400000US06013379000","Census Tract 3790; Contra Costa County; California","76191","28343",
"1400000US06013380001","Census Tract 3800.01; Contra Costa County; California","171360","18341",
"1400000US06013380002","Census Tract 3800.02; Contra Costa County; California","-","**",
"1400000US06013381000","Census Tract 3810; Contra Costa County; California","117015","13922",
"1400000US06013382000","Census Tract 3820; Contra Costa County; California","81715","24718",
"1400000US06013383000","Census Tract 3830; Contra Costa County; California","136591","54747",
"1400000US06013384000","Census Tract 3840; Contra Costa County; California","214188","42558",
"1400000US06013385100","Census Tract 3851; Contra Costa County; California","225300","46358",
"1400000US06013385200","Census Tract 3852; Contra Costa County; California","132236","56374",
"1400000US06013386000","Census Tract 3860; Contra Costa County; California","79063","40148",
"1400000US06013387000","Census Tract 3870; Contra Costa County; California","111563","37637",
"1400000US06013388000","Census Tract 3880; Contra Costa County; California","141964","15257",
"1400000US06013389100","Census Tract 3891; Contra Costa County; California","121779","34935",
"1400000US06013389200","Census Tract 3892; Contra Costa County; California","80417","33116",
"1400000US06013390100","Census Tract 3901; Contra Costa County; California","202917","49408",
"1400000US06013390200","Census Tract 3902; Contra Costa County; California","204063","66605",
"1400000US06013391000","Census Tract 3910; Contra Costa County; California","250,000+","***",
"1400000US06013392000","Census Tract 3920; Contra Costa County; California","250,000+","***",
"1400000US06013392201","Census Tract 3922.01; Contra Costa County; California","103357","24652",
"1400000US06013392202","Census Tract 3922.02; Contra Costa County; California","118981","53660",
"1400000US06013392300","Census Tract 3923; Contra Costa County; California","145250","42192",
"1400000US06013980000","Census Tract 9800; Contra Costa County; California","-","**",
"1400000US06013990000","Census Tract 9900; Contra Costa County; California","-","**",
"1400000US06015000101","Census Tract 1.01; Del Norte County; California","48798","16904",
"1400000US06015000102","Census Tract 1.02; Del Norte County; California","97222","25698",
"1400000US06015000104","Census Tract 1.04; Del Norte County; California","60950","12763",
"1400000US06015000106","Census Tract 1.06; Del Norte County; California","111771","17085",
"1400000US06015000107","Census Tract 1.07; Del Norte County; California","85000","28161",
"1400000US06015000201","Census Tract 2.01; Del Norte County; California","98625","13289",
"1400000US06015000202","Census Tract 2.02; Del Norte County; California","101101","21912",
"1400000US06015000203","Census Tract 2.03; Del Norte County; California","56750","27650",
"1400000US06015990000","Census Tract 9900; Del Norte County; California","-","**",
"1400000US06017030201","Census Tract 302.01; El Dorado County; California","82530","14069",
"1400000US06017030202","Census Tract 302.02; El Dorado County; California","117989","32122",
"1400000US06017030301","Census Tract 303.01; El Dorado County; California","80968","36380",
"1400000US06017030302","Census Tract 303.02; El Dorado County; California","99417","51785",
"1400000US06017030402","Census Tract 304.02; El Dorado County; California","81597","20490",
"1400000US06017030403","Census Tract 304.03; El Dorado County; California","165568","27014",
"1400000US06017030404","Census Tract 304.04; El Dorado County; California","91173","17387",
"1400000US06017030502","Census Tract 305.02; El Dorado County; California","127407","24975",
"1400000US06017030504","Census Tract 305.04; El Dorado County; California","148202","22677",
"1400000US06017030506","Census Tract 305.06; El Dorado County; California","151719","19956",
"1400000US06017030507","Census Tract 305.07; El Dorado County; California","139219","22178",
"1400000US06017030601","Census Tract 306.01; El Dorado County; California","136513","26814",
"1400000US06017030603","Census Tract 306.03; El Dorado County; California","96901","24101",
"1400000US06017030604","Census Tract 306.04; El Dorado County; California","138304","73717",
"1400000US06017030605","Census Tract 306.05; El Dorado County; California","87647","55894",
"1400000US06017030606","Census Tract 306.06; El Dorado County; California","98241","11559",
"1400000US06017030701","Census Tract 307.01; El Dorado County; California","172967","14984",
"1400000US06017030706","Census Tract 307.06; El Dorado County; California","163480","18254",
"1400000US06017030709","Census Tract 307.09; El Dorado County; California","208287","24086",
"1400000US06017030710","Census Tract 307.10; El Dorado County; California","175875","20115",
"1400000US06017030711","Census Tract 307.11; El Dorado County; California","127353","23229",
"1400000US06017030712","Census Tract 307.12; El Dorado County; California","250,000+","***",
"1400000US06017030801","Census Tract 308.01; El Dorado County; California","154076","14170",
"1400000US06017030804","Census Tract 308.04; El Dorado County; California","134667","27793",
"1400000US06017030807","Census Tract 308.07; El Dorado County; California","141389","26909",
"1400000US06017030808","Census Tract 308.08; El Dorado County; California","138542","18152",
"1400000US06017030809","Census Tract 308.09; El Dorado County; California","115288","9855",
"1400000US06017030810","Census Tract 308.10; El Dorado County; California","98854","49598",
"1400000US06017030811","Census Tract 308.11; El Dorado County; California","65278","16706",
"1400000US06017030812","Census Tract 308.12; El Dorado County; California","175052","40222",
"1400000US06017030901","Census Tract 309.01; El Dorado County; California","132295","18449",
"1400000US06017030902","Census Tract 309.02; El Dorado County; California","135000","26448",
"1400000US06017031000","Census Tract 310; El Dorado County; California","92208","25560",
"1400000US06017031100","Census Tract 311; El Dorado County; California","81975","20528",
"1400000US06017031200","Census Tract 312; El Dorado County; California","107234","27293",
"1400000US06017031301","Census Tract 313.01; El Dorado County; California","95417","37901",
"1400000US06017031302","Census Tract 313.02; El Dorado County; California","73704","29801",
"1400000US06017031404","Census Tract 314.04; El Dorado County; California","103657","18103",
"1400000US06017031405","Census Tract 314.05; El Dorado County; California","111146","22494",
"1400000US06017031406","Census Tract 314.06; El Dorado County; California","131927","24764",
"1400000US06017031407","Census Tract 314.07; El Dorado County; California","122708","23142",
"1400000US06017031408","Census Tract 314.08; El Dorado County; California","101250","30545",
"1400000US06017031409","Census Tract 314.09; El Dorado County; California","88877","15142",
"1400000US06017031503","Census Tract 315.03; El Dorado County; California","122695","13117",
"1400000US06017031504","Census Tract 315.04; El Dorado County; California","85609","9917",
"1400000US06017031505","Census Tract 315.05; El Dorado County; California","114213","29456",
"1400000US06017031506","Census Tract 315.06; El Dorado County; California","116275","16181",
"1400000US06017031601","Census Tract 316.01; El Dorado County; California","96296","25460",
"1400000US06017031602","Census Tract 316.02; El Dorado County; California","123631","58746",
"1400000US06017031700","Census Tract 317; El Dorado County; California","213397","23925",
"1400000US06017031800","Census Tract 318; El Dorado County; California","193025","37839",
"1400000US06017031900","Census Tract 319; El Dorado County; California","162917","51249",
"1400000US06017032001","Census Tract 320.01; El Dorado County; California","138281","56085",
"1400000US06017032002","Census Tract 320.02; El Dorado County; California","88859","948",
"1400000US06017990000","Census Tract 9900; El Dorado County; California","-","**",
"1400000US06019000100","Census Tract 1; Fresno County; California","225652","172690",
"1400000US06019000200","Census Tract 2; Fresno County; California","36991","31479",
"1400000US06019000300","Census Tract 3; Fresno County; California","30179","13207",
"1400000US06019000400","Census Tract 4; Fresno County; California","35139","8368",
"1400000US06019000501","Census Tract 5.01; Fresno County; California","38977","5896",
"1400000US06019000502","Census Tract 5.02; Fresno County; California","42175","6766",
"1400000US06019000601","Census Tract 6.01; Fresno County; California","38663","22446",
"1400000US06019000602","Census Tract 6.02; Fresno County; California","36375","27684",
"1400000US06019000701","Census Tract 7.01; Fresno County; California","46218","11879",
"1400000US06019000702","Census Tract 7.02; Fresno County; California","39912","17339",
"1400000US06019000901","Census Tract 9.01; Fresno County; California","36857","15936",
"1400000US06019000902","Census Tract 9.02; Fresno County; California","27183","17589",
"1400000US06019001000","Census Tract 10; Fresno County; California","29552","16933",
"1400000US06019001100","Census Tract 11; Fresno County; California","39260","9813",
"1400000US06019001201","Census Tract 12.01; Fresno County; California","77018","10919",
"1400000US06019001202","Census Tract 12.02; Fresno County; California","55575","13693",
"1400000US06019001301","Census Tract 13.01; Fresno County; California","44500","9079",
"1400000US06019001303","Census Tract 13.03; Fresno County; California","83000","29168",
"1400000US06019001304","Census Tract 13.04; Fresno County; California","44250","18246",
"1400000US06019001407","Census Tract 14.07; Fresno County; California","40304","7979",
"1400000US06019001408","Census Tract 14.08; Fresno County; California","99188","17895",
"1400000US06019001409","Census Tract 14.09; Fresno County; California","132886","14470",
"1400000US06019001411","Census Tract 14.11; Fresno County; California","78558","18834",
"1400000US06019001412","Census Tract 14.12; Fresno County; California","100417","24575",
"1400000US06019001413","Census Tract 14.13; Fresno County; California","130294","23298",
"1400000US06019001415","Census Tract 14.15; Fresno County; California","85203","20085",
"1400000US06019001416","Census Tract 14.16; Fresno County; California","117772","19766",
"1400000US06019001417","Census Tract 14.17; Fresno County; California","124684","18993",
"1400000US06019001418","Census Tract 14.18; Fresno County; California","146406","55207",
"1400000US06019001500","Census Tract 15; Fresno County; California","58281","7907",
"1400000US06019001600","Census Tract 16; Fresno County; California","80137","23684",
"1400000US06019001700","Census Tract 17; Fresno County; California","94383","7359",
"1400000US06019001800","Census Tract 18; Fresno County; California","84237","10584",
"1400000US06019002000","Census Tract 20; Fresno County; California","45938","13183",
"1400000US06019002100","Census Tract 21; Fresno County; California","72520","22930",
"1400000US06019002200","Census Tract 22; Fresno County; California","87813","35981",
"1400000US06019002300","Census Tract 23; Fresno County; California","52719","17536",
"1400000US06019002400","Census Tract 24; Fresno County; California","49255","15537",
"1400000US06019002501","Census Tract 25.01; Fresno County; California","49878","11759",
"1400000US06019002502","Census Tract 25.02; Fresno County; California","63667","17773",
"1400000US06019002601","Census Tract 26.01; Fresno County; California","40718","16615",
"1400000US06019002602","Census Tract 26.02; Fresno County; California","65804","21797",
"1400000US06019002701","Census Tract 27.01; Fresno County; California","54696","18672",
"1400000US06019002702","Census Tract 27.02; Fresno County; California","47127","7365",
"1400000US06019002800","Census Tract 28; Fresno County; California","37917","14196",
"1400000US06019002903","Census Tract 29.03; Fresno County; California","71273","45539",
"1400000US06019002904","Census Tract 29.04; Fresno County; California","60833","18485",
"1400000US06019002905","Census Tract 29.05; Fresno County; California","49821","17212",
"1400000US06019002906","Census Tract 29.06; Fresno County; California","53144","35721",
"1400000US06019003001","Census Tract 30.01; Fresno County; California","70855","15753",
"1400000US06019003003","Census Tract 30.03; Fresno County; California","64100","16501",
"1400000US06019003004","Census Tract 30.04; Fresno County; California","77875","16161",
"1400000US06019003102","Census Tract 31.02; Fresno County; California","53756","7051",
"1400000US06019003103","Census Tract 31.03; Fresno County; California","64590","5888",
"1400000US06019003104","Census Tract 31.04; Fresno County; California","76382","32512",
"1400000US06019003201","Census Tract 32.01; Fresno County; California","61792","36102",
"1400000US06019003202","Census Tract 32.02; Fresno County; California","49947","12473",
"1400000US06019003301","Census Tract 33.01; Fresno County; California","62561","20182",
"1400000US06019003302","Census Tract 33.02; Fresno County; California","59857","10604",
"1400000US06019003401","Census Tract 34.01; Fresno County; California","44522","11978",
"1400000US06019003402","Census Tract 34.02; Fresno County; California","60926","3708",
"1400000US06019003500","Census Tract 35; Fresno County; California","80869","28014",
"1400000US06019003600","Census Tract 36; Fresno County; California","89107","11242",
"1400000US06019003701","Census Tract 37.01; Fresno County; California","56389","15282",
"1400000US06019003702","Census Tract 37.02; Fresno County; California","49939","20297",
"1400000US06019003804","Census Tract 38.04; Fresno County; California","85849","22498",
"1400000US06019003805","Census Tract 38.05; Fresno County; California","52757","18843",
"1400000US06019003807","Census Tract 38.07; Fresno County; California","44900","26310",
"1400000US06019003808","Census Tract 38.08; Fresno County; California","108690","7167",
"1400000US06019003809","Census Tract 38.09; Fresno County; California","87575","15399",
"1400000US06019003810","Census Tract 38.10; Fresno County; California","79435","23195",
"1400000US06019003811","Census Tract 38.11; Fresno County; California","87386","12498",
"1400000US06019003812","Census Tract 38.12; Fresno County; California","92083","31588",
"1400000US06019003900","Census Tract 39; Fresno County; California","78047","33914",
"1400000US06019004003","Census Tract 40.03; Fresno County; California","119684","22375",
"1400000US06019004004","Census Tract 40.04; Fresno County; California","82585","47886",
"1400000US06019004005","Census Tract 40.05; Fresno County; California","-","**",
"1400000US06019004006","Census Tract 40.06; Fresno County; California","46190","13340",
"1400000US06019004100","Census Tract 41; Fresno County; California","85050","24775",
"1400000US06019004205","Census Tract 42.05; Fresno County; California","51582","29500",
"1400000US06019004208","Census Tract 42.08; Fresno County; California","123967","29284",
"1400000US06019004210","Census Tract 42.10; Fresno County; California","88520","16452",
"1400000US06019004211","Census Tract 42.11; Fresno County; California","73293","22324",
"1400000US06019004212","Census Tract 42.12; Fresno County; California","91250","12637",
"1400000US06019004213","Census Tract 42.13; Fresno County; California","96571","29414",
"1400000US06019004214","Census Tract 42.14; Fresno County; California","110409","15241",
"1400000US06019004215","Census Tract 42.15; Fresno County; California","95875","17393",
"1400000US06019004216","Census Tract 42.16; Fresno County; California","118971","45154",
"1400000US06019004217","Census Tract 42.17; Fresno County; California","98235","49670",
"1400000US06019004218","Census Tract 42.18; Fresno County; California","131569","22851",
"1400000US06019004301","Census Tract 43.01; Fresno County; California","192843","40692",
"1400000US06019004302","Census Tract 43.02; Fresno County; California","149724","54855",
"1400000US06019004303","Census Tract 43.03; Fresno County; California","171932","34549",
"1400000US06019004404","Census Tract 44.04; Fresno County; California","49942","13383",
"1400000US06019004405","Census Tract 44.05; Fresno County; California","152995","25172",
"1400000US06019004406","Census Tract 44.06; Fresno County; California","93467","15700",
"1400000US06019004409","Census Tract 44.09; Fresno County; California","92375","24596",
"1400000US06019004410","Census Tract 44.10; Fresno County; California","85313","39138",
"1400000US06019004411","Census Tract 44.11; Fresno County; California","203393","99343",
"1400000US06019004503","Census Tract 45.03; Fresno County; California","126116","15143",
"1400000US06019004504","Census Tract 45.04; Fresno County; California","63083","10764",
"1400000US06019004505","Census Tract 45.05; Fresno County; California","51803","18003",
"1400000US06019004506","Census Tract 45.06; Fresno County; California","129018","21024",
"1400000US06019004601","Census Tract 46.01; Fresno County; California","86953","37119",
"1400000US06019004602","Census Tract 46.02; Fresno County; California","134107","27735",
"1400000US06019004703","Census Tract 47.03; Fresno County; California","74211","25345",
"1400000US06019004704","Census Tract 47.04; Fresno County; California","37632","13275",
"1400000US06019004705","Census Tract 47.05; Fresno County; California","63708","14493",
"1400000US06019004706","Census Tract 47.06; Fresno County; California","57656","41791",
"1400000US06019004801","Census Tract 48.01; Fresno County; California","72391","41869",
"1400000US06019004802","Census Tract 48.02; Fresno County; California","44750","8490",
"1400000US06019004901","Census Tract 49.01; Fresno County; California","59773","16461",
"1400000US06019004902","Census Tract 49.02; Fresno County; California","62986","15689",
"1400000US06019005000","Census Tract 50; Fresno County; California","92682","25617",
"1400000US06019005100","Census Tract 51; Fresno County; California","48712","16387",
"1400000US06019005202","Census Tract 52.02; Fresno County; California","46964","22701",
"1400000US06019005203","Census Tract 52.03; Fresno County; California","54388","8482",
"1400000US06019005204","Census Tract 52.04; Fresno County; California","60353","5997",
"1400000US06019005301","Census Tract 53.01; Fresno County; California","57875","24017",
"1400000US06019005302","Census Tract 53.02; Fresno County; California","72054","22903",
"1400000US06019005304","Census Tract 53.04; Fresno County; California","38276","7782",
"1400000US06019005305","Census Tract 53.05; Fresno County; California","53707","21947",
"1400000US06019005403","Census Tract 54.03; Fresno County; California","25417","6963",
"1400000US06019005405","Census Tract 54.05; Fresno County; California","122765","38698",
"1400000US06019005406","Census Tract 54.06; Fresno County; California","113196","9327",
"1400000US06019005407","Census Tract 54.07; Fresno County; California","112969","30134",
"1400000US06019005408","Census Tract 54.08; Fresno County; California","-","**",
"1400000US06019005409","Census Tract 54.09; Fresno County; California","55662","18436",
"1400000US06019005410","Census Tract 54.10; Fresno County; California","55163","8797",
"1400000US06019005503","Census Tract 55.03; Fresno County; California","171771","69422",
"1400000US06019005504","Census Tract 55.04; Fresno County; California","143694","14746",
"1400000US06019005505","Census Tract 55.05; Fresno County; California","117974","17771",
"1400000US06019005507","Census Tract 55.07; Fresno County; California","150503","22424",
"1400000US06019005508","Census Tract 55.08; Fresno County; California","142932","24044",
"1400000US06019005509","Census Tract 55.09; Fresno County; California","89375","37021",
"1400000US06019005512","Census Tract 55.12; Fresno County; California","114074","26712",
"1400000US06019005513","Census Tract 55.13; Fresno County; California","163224","56742",
"1400000US06019005514","Census Tract 55.14; Fresno County; California","163050","10897",
"1400000US06019005515","Census Tract 55.15; Fresno County; California","197669","44382",
"1400000US06019005516","Census Tract 55.16; Fresno County; California","120313","43019",
"1400000US06019005518","Census Tract 55.18; Fresno County; California","136504","27767",
"1400000US06019005520","Census Tract 55.20; Fresno County; California","203977","30483",
"1400000US06019005522","Census Tract 55.22; Fresno County; California","201223","15586",
"1400000US06019005524","Census Tract 55.24; Fresno County; California","165909","22814",
"1400000US06019005525","Census Tract 55.25; Fresno County; California","208854","49700",
"1400000US06019005526","Census Tract 55.26; Fresno County; California","76776","53956",
"1400000US06019005527","Census Tract 55.27; Fresno County; California","86985","11954",
"1400000US06019005528","Census Tract 55.28; Fresno County; California","148950","77239",
"1400000US06019005529","Census Tract 55.29; Fresno County; California","151422","37277",
"1400000US06019005602","Census Tract 56.02; Fresno County; California","74340","22846",
"1400000US06019005605","Census Tract 56.05; Fresno County; California","112500","20415",
"1400000US06019005606","Census Tract 56.06; Fresno County; California","129167","19423",
"1400000US06019005607","Census Tract 56.07; Fresno County; California","48449","5899",
"1400000US06019005608","Census Tract 56.08; Fresno County; California","75200","15256",
"1400000US06019005701","Census Tract 57.01; Fresno County; California","97778","26937",
"1400000US06019005702","Census Tract 57.02; Fresno County; California","136107","22822",
"1400000US06019005703","Census Tract 57.03; Fresno County; California","122107","15187",
"1400000US06019005704","Census Tract 57.04; Fresno County; California","75571","3146",
"1400000US06019005801","Census Tract 58.01; Fresno County; California","96695","22262",
"1400000US06019005802","Census Tract 58.02; Fresno County; California","179028","42452",
"1400000US06019005804","Census Tract 58.04; Fresno County; California","86359","6975",
"1400000US06019005805","Census Tract 58.05; Fresno County; California","128835","21210",
"1400000US06019005904","Census Tract 59.04; Fresno County; California","120388","29320",
"1400000US06019005906","Census Tract 59.06; Fresno County; California","135172","13669",
"1400000US06019005907","Census Tract 59.07; Fresno County; California","146458","47266",
"1400000US06019005911","Census Tract 59.11; Fresno County; California","139398","25461",
"1400000US06019005912","Census Tract 59.12; Fresno County; California","112668","10208",
"1400000US06019005913","Census Tract 59.13; Fresno County; California","126410","10295",
"1400000US06019005914","Census Tract 59.14; Fresno County; California","164844","32554",
"1400000US06019005915","Census Tract 59.15; Fresno County; California","153512","70931",
"1400000US06019005916","Census Tract 59.16; Fresno County; California","106250","7145",
"1400000US06019006001","Census Tract 60.01; Fresno County; California","103295","30773",
"1400000US06019006002","Census Tract 60.02; Fresno County; California","73000","26820",
"1400000US06019006101","Census Tract 61.01; Fresno County; California","86250","22294",
"1400000US06019006102","Census Tract 61.02; Fresno County; California","46875","10661",
"1400000US06019006201","Census Tract 62.01; Fresno County; California","58942","20724",
"1400000US06019006202","Census Tract 62.02; Fresno County; California","80625","24084",
"1400000US06019006301","Census Tract 63.01; Fresno County; California","84441","14005",
"1400000US06019006302","Census Tract 63.02; Fresno County; California","67163","38933",
"1400000US06019006405","Census Tract 64.05; Fresno County; California","109821","33767",
"1400000US06019006406","Census Tract 64.06; Fresno County; California","118750","37325",
"1400000US06019006407","Census Tract 64.07; Fresno County; California","123409","50866",
"1400000US06019006408","Census Tract 64.08; Fresno County; California","85417","24434",
"1400000US06019006409","Census Tract 64.09; Fresno County; California","93672","34106",
"1400000US06019006410","Census Tract 64.10; Fresno County; California","95341","46127",
"1400000US06019006411","Census Tract 64.11; Fresno County; California","107692","29873",
"1400000US06019006501","Census Tract 65.01; Fresno County; California","35341","18616",
"1400000US06019006502","Census Tract 65.02; Fresno County; California","48371","10268",
"1400000US06019006602","Census Tract 66.02; Fresno County; California","47684","6371",
"1400000US06019006603","Census Tract 66.03; Fresno County; California","82014","19015",
"1400000US06019006605","Census Tract 66.05; Fresno County; California","84228","18201",
"1400000US06019006606","Census Tract 66.06; Fresno County; California","62969","9472",
"1400000US06019006700","Census Tract 67; Fresno County; California","104652","19705",
"1400000US06019006802","Census Tract 68.02; Fresno County; California","54864","13579",
"1400000US06019006900","Census Tract 69; Fresno County; California","59943","20246",
"1400000US06019007002","Census Tract 70.02; Fresno County; California","56676","2493",
"1400000US06019007003","Census Tract 70.03; Fresno County; California","71277","19485",
"1400000US06019007004","Census Tract 70.04; Fresno County; California","79821","19512",
"1400000US06019007101","Census Tract 71.01; Fresno County; California","55399","9692",
"1400000US06019007102","Census Tract 71.02; Fresno County; California","62047","35512",
"1400000US06019007202","Census Tract 72.02; Fresno County; California","86161","18953",
"1400000US06019007203","Census Tract 72.03; Fresno County; California","130787","18143",
"1400000US06019007204","Census Tract 72.04; Fresno County; California","85811","27743",
"1400000US06019007300","Census Tract 73; Fresno County; California","94567","8319",
"1400000US06019007400","Census Tract 74; Fresno County; California","73182","12925",
"1400000US06019007500","Census Tract 75; Fresno County; California","80250","32580",
"1400000US06019007600","Census Tract 76; Fresno County; California","47857","15041",
"1400000US06019007700","Census Tract 77; Fresno County; California","62636","14243",
"1400000US06019007801","Census Tract 78.01; Fresno County; California","73708","17797",
"1400000US06019007802","Census Tract 78.02; Fresno County; California","40946","8319",
"1400000US06019007903","Census Tract 79.03; Fresno County; California","81333","16421",
"1400000US06019008000","Census Tract 80; Fresno County; California","86993","14725",
"1400000US06019008100","Census Tract 81; Fresno County; California","76536","27589",
"1400000US06019008200","Census Tract 82; Fresno County; California","53631","18430",
"1400000US06019008301","Census Tract 83.01; Fresno County; California","44939","19713",
"1400000US06019008303","Census Tract 83.03; Fresno County; California","60043","22356",
"1400000US06019008304","Census Tract 83.04; Fresno County; California","42917","8806",
"1400000US06019008402","Census Tract 84.02; Fresno County; California","66471","6053",
"1400000US06019008403","Census Tract 84.03; Fresno County; California","60378","14190",
"1400000US06019008404","Census Tract 84.04; Fresno County; California","47568","12743",
"1400000US06019008405","Census Tract 84.05; Fresno County; California","43991","10682",
"1400000US06019008501","Census Tract 85.01; Fresno County; California","53702","16785",
"1400000US06019008503","Census Tract 85.03; Fresno County; California","68223","28407",
"1400000US06019008504","Census Tract 85.04; Fresno County; California","70813","37746",
"1400000US06019008600","Census Tract 86; Fresno County; California","66336","12185",
"1400000US06021010101","Census Tract 101.01; Glenn County; California","60395","12623",
"1400000US06021010102","Census Tract 101.02; Glenn County; California","76976","15088",
"1400000US06021010200","Census Tract 102; Glenn County; California","92188","16813",
"1400000US06021010300","Census Tract 103; Glenn County; California","100833","4749",
"1400000US06021010401","Census Tract 104.01; Glenn County; California","102143","30438",
"1400000US06021010402","Census Tract 104.02; Glenn County; California","77654","14195",
"1400000US06021010501","Census Tract 105.01; Glenn County; California","78806","19097",
"1400000US06021010502","Census Tract 105.02; Glenn County; California","95000","33958",
"1400000US06023000100","Census Tract 1; Humboldt County; California","51107","7113",
"1400000US06023000200","Census Tract 2; Humboldt County; California","86214","24565",
"1400000US06023000300","Census Tract 3; Humboldt County; California","83958","18539",
"1400000US06023000400","Census Tract 4; Humboldt County; California","80625","27395",
"1400000US06023000500","Census Tract 5; Humboldt County; California","70714","23359",
"1400000US06023000600","Census Tract 6; Humboldt County; California","113125","38813",
"1400000US06023000700","Census Tract 7; Humboldt County; California","96667","23979",
"1400000US06023000800","Census Tract 8; Humboldt County; California","104688","56650",
"1400000US06023000900","Census Tract 9; Humboldt County; California","110347","10278",
"1400000US06023001001","Census Tract 10.01; Humboldt County; California","87250","70324",
"1400000US06023001002","Census Tract 10.02; Humboldt County; California","54091","22763",
"1400000US06023001102","Census Tract 11.02; Humboldt County; California","71739","29330",
"1400000US06023001103","Census Tract 11.03; Humboldt County; California","81646","26652",
"1400000US06023001200","Census Tract 12; Humboldt County; California","87113","19623",
"1400000US06023001300","Census Tract 13; Humboldt County; California","79063","13517",
"1400000US06023010102","Census Tract 101.02; Humboldt County; California","-","**",
"1400000US06023010200","Census Tract 102; Humboldt County; California","82500","27046",
"1400000US06023010300","Census Tract 103; Humboldt County; California","87202","16727",
"1400000US06023010400","Census Tract 104; Humboldt County; California","102875","22000",
"1400000US06023010502","Census Tract 105.02; Humboldt County; California","86563","35671",
"1400000US06023010503","Census Tract 105.03; Humboldt County; California","86234","10281",
"1400000US06023010504","Census Tract 105.04; Humboldt County; California","84044","31050",
"1400000US06023010600","Census Tract 106; Humboldt County; California","112500","38816",
"1400000US06023010701","Census Tract 107.01; Humboldt County; California","122067","23432",
"1400000US06023010702","Census Tract 107.02; Humboldt County; California","125815","9359",
"1400000US06023010800","Census Tract 108; Humboldt County; California","71058","22932",
"1400000US06023010901","Census Tract 109.01; Humboldt County; California","74570","12786",
"1400000US06023010902","Census Tract 109.02; Humboldt County; California","103287","12410",
"1400000US06023011000","Census Tract 110; Humboldt County; California","64760","21022",
"1400000US06023011100","Census Tract 111; Humboldt County; California","58268","10658",
"1400000US06023011200","Census Tract 112; Humboldt County; California","71250","17479",
"1400000US06023011501","Census Tract 115.01; Humboldt County; California","-","**",
"1400000US06023011502","Census Tract 115.02; Humboldt County; California","70144","46251",
"1400000US06023011600","Census Tract 116; Humboldt County; California","46700","10005",
"1400000US06023940000","Census Tract 9400; Humboldt County; California","69861","32973",
"1400000US06023990100","Census Tract 9901; Humboldt County; California","-","**",
"1400000US06025010101","Census Tract 101.01; Imperial County; California","-","**",
"1400000US06025010102","Census Tract 101.02; Imperial County; California","56346","7425",
"1400000US06025010200","Census Tract 102; Imperial County; California","38947","13591",
"1400000US06025010300","Census Tract 103; Imperial County; California","75625","13316",
"1400000US06025010401","Census Tract 104.01; Imperial County; California","28705","8062",
"1400000US06025010402","Census Tract 104.02; Imperial County; California","44505","13545",
"1400000US06025010500","Census Tract 105; Imperial County; California","70361","11493",
"1400000US06025010600","Census Tract 106; Imperial County; California","106941","15599",
"1400000US06025010700","Census Tract 107; Imperial County; California","44145","12991",
"1400000US06025010800","Census Tract 108; Imperial County; California","105469","16007",
"1400000US06025010900","Census Tract 109; Imperial County; California","70250","22213",
"1400000US06025011001","Census Tract 110.01; Imperial County; California","95223","20977",
"1400000US06025011002","Census Tract 110.02; Imperial County; California","102772","34084",
"1400000US06025011100","Census Tract 111; Imperial County; California","57933","8967",
"1400000US06025011201","Census Tract 112.01; Imperial County; California","92742","17594",
"1400000US06025011202","Census Tract 112.02; Imperial County; California","46159","8376",
"1400000US06025011301","Census Tract 113.01; Imperial County; California","52778","34155",
"1400000US06025011302","Census Tract 113.02; Imperial County; California","44844","9689",
"1400000US06025011303","Census Tract 113.03; Imperial County; California","81625","16718",
"1400000US06025011400","Census Tract 114; Imperial County; California","47176","21557",
"1400000US06025011500","Census Tract 115; Imperial County; California","41469","7089",
"1400000US06025011600","Census Tract 116; Imperial County; California","66076","23972",
"1400000US06025011700","Census Tract 117; Imperial County; California","80107","24298",
"1400000US06025011801","Census Tract 118.01; Imperial County; California","131190","5005",
"1400000US06025011802","Census Tract 118.02; Imperial County; California","68510","10529",
"1400000US06025011803","Census Tract 118.03; Imperial County; California","104387","13670",
"1400000US06025011901","Census Tract 119.01; Imperial County; California","111429","47926",
"1400000US06025011902","Census Tract 119.02; Imperial County; California","59159","28544",
"1400000US06025011903","Census Tract 119.03; Imperial County; California","115112","29638",
"1400000US06025012001","Census Tract 120.01; Imperial County; California","38490","6513",
"1400000US06025012003","Census Tract 120.03; Imperial County; California","98000","18528",
"1400000US06025012004","Census Tract 120.04; Imperial County; California","67791","5014",
"1400000US06025012101","Census Tract 121.01; Imperial County; California","39275","5784",
"1400000US06025012102","Census Tract 121.02; Imperial County; California","-","**",
"1400000US06025012201","Census Tract 122.01; Imperial County; California","65417","27261",
"1400000US06025012202","Census Tract 122.02; Imperial County; California","58173","21716",
"1400000US06025012301","Census Tract 123.01; Imperial County; California","60809","21894",
"1400000US06025012302","Census Tract 123.02; Imperial County; California","54526","20981",
"1400000US06025012400","Census Tract 124; Imperial County; California","26979","5287",
"1400000US06025940000","Census Tract 9400; Imperial County; California","49219","9481",
"1400000US06027000100","Census Tract 1; Inyo County; California","76711","23847",
"1400000US06027000200","Census Tract 2; Inyo County; California","112083","18610",
"1400000US06027000300","Census Tract 3; Inyo County; California","131181","36328",
"1400000US06027000400","Census Tract 4; Inyo County; California","91750","23895",
"1400000US06027000500","Census Tract 5; Inyo County; California","84444","11486",
"1400000US06027000800","Census Tract 8; Inyo County; California","78512","39295",
"1400000US06029000102","Census Tract 1.02; Kern County; California","75433","14330",
"1400000US06029000103","Census Tract 1.03; Kern County; California","24920","17810",
"1400000US06029000104","Census Tract 1.04; Kern County; California","59615","10805",
"1400000US06029000105","Census Tract 1.05; Kern County; California","105348","4286",
"1400000US06029000106","Census Tract 1.06; Kern County; California","79570","17723",
"1400000US06029000201","Census Tract 2.01; Kern County; California","38281","19304",
"1400000US06029000202","Census Tract 2.02; Kern County; California","56875","19406",
"1400000US06029000300","Census Tract 3; Kern County; California","48728","4466",
"1400000US06029000400","Census Tract 4; Kern County; California","37799","9178",
"1400000US06029000504","Census Tract 5.04; Kern County; California","76389","44355",
"1400000US06029000505","Census Tract 5.05; Kern County; California","93810","8700",
"1400000US06029000506","Census Tract 5.06; Kern County; California","82065","27471",
"1400000US06029000507","Census Tract 5.07; Kern County; California","122714","16935",
"1400000US06029000508","Census Tract 5.08; Kern County; California","121538","32178",
"1400000US06029000509","Census Tract 5.09; Kern County; California","153365","25886",
"1400000US06029000510","Census Tract 5.10; Kern County; California","128438","18068",
"1400000US06029000601","Census Tract 6.01; Kern County; California","-","**",
"1400000US06029000602","Census Tract 6.02; Kern County; California","-","**",
"1400000US06029000603","Census Tract 6.03; Kern County; California","-","**",
"1400000US06029000701","Census Tract 7.01; Kern County; California","75288","23827",
"1400000US06029000702","Census Tract 7.02; Kern County; California","120565","54370",
"1400000US06029000800","Census Tract 8; Kern County; California","78750","40703",
"1400000US06029000902","Census Tract 9.02; Kern County; California","74844","18940",
"1400000US06029000903","Census Tract 9.03; Kern County; California","77853","23623",
"1400000US06029000904","Census Tract 9.04; Kern County; California","41315","14487",
"1400000US06029000905","Census Tract 9.05; Kern County; California","84375","34896",
"1400000US06029000906","Census Tract 9.06; Kern County; California","76168","11677",
"1400000US06029000907","Census Tract 9.07; Kern County; California","66000","18885",
"1400000US06029000908","Census Tract 9.08; Kern County; California","99259","14838",
"1400000US06029000909","Census Tract 9.09; Kern County; California","105652","13310",
"1400000US06029000911","Census Tract 9.11; Kern County; California","40591","20887",
"1400000US06029000912","Census Tract 9.12; Kern County; California","-","**",
"1400000US06029000913","Census Tract 9.13; Kern County; California","129097","42014",
"1400000US06029000914","Census Tract 9.14; Kern County; California","94935","27953",
"1400000US06029001001","Census Tract 10.01; Kern County; California","93235","8084",
"1400000US06029001002","Census Tract 10.02; Kern County; California","64332","11217",
"1400000US06029001003","Census Tract 10.03; Kern County; California","70556","15795",
"1400000US06029001101","Census Tract 11.01; Kern County; California","31303","5823",
"1400000US06029001104","Census Tract 11.04; Kern County; California","52404","44599",
"1400000US06029001105","Census Tract 11.05; Kern County; California","48438","20420",
"1400000US06029001106","Census Tract 11.06; Kern County; California","31179","7135",
"1400000US06029001107","Census Tract 11.07; Kern County; California","57127","9975",
"1400000US06029001201","Census Tract 12.01; Kern County; California","48782","12589",
"1400000US06029001202","Census Tract 12.02; Kern County; California","45054","12965",
"1400000US06029001301","Census Tract 13.01; Kern County; California","34091","9299",
"1400000US06029001302","Census Tract 13.02; Kern County; California","22644","7590",
"1400000US06029001401","Census Tract 14.01; Kern County; California","55205","21127",
"1400000US06029001402","Census Tract 14.02; Kern County; California","43713","13444",
"1400000US06029001500","Census Tract 15; Kern County; California","50000","20851",
"1400000US06029001600","Census Tract 16; Kern County; California","41845","25730",
"1400000US06029001700","Census Tract 17; Kern County; California","112820","33233",
"1400000US06029001801","Census Tract 18.01; Kern County; California","48190","9551",
"1400000US06029001803","Census Tract 18.03; Kern County; California","100064","45766",
"1400000US06029001804","Census Tract 18.04; Kern County; California","95813","16593",
"1400000US06029001901","Census Tract 19.01; Kern County; California","68015","11152",
"1400000US06029001902","Census Tract 19.02; Kern County; California","55885","13609",
"1400000US06029002001","Census Tract 20.01; Kern County; California","21377","12894",
"1400000US06029002002","Census Tract 20.02; Kern County; California","37669","10613",
"1400000US06029002100","Census Tract 21; Kern County; California","28472","7524",
"1400000US06029002201","Census Tract 22.01; Kern County; California","56100","12408",
"1400000US06029002202","Census Tract 22.02; Kern County; California","39938","4690",
"1400000US06029002302","Census Tract 23.02; Kern County; California","53203","5118",
"1400000US06029002303","Census Tract 23.03; Kern County; California","58796","13277",
"1400000US06029002304","Census Tract 23.04; Kern County; California","43456","18450",
"1400000US06029002305","Census Tract 23.05; Kern County; California","62949","13093",
"1400000US06029002401","Census Tract 24.01; Kern County; California","61957","60159",
"1400000US06029002402","Census Tract 24.02; Kern County; California","73224","9157",
"1400000US06029002403","Census Tract 24.03; Kern County; California","50337","32256",
"1400000US06029002501","Census Tract 25.01; Kern County; California","37458","16131",
"1400000US06029002502","Census Tract 25.02; Kern County; California","44422","8244",
"1400000US06029002503","Census Tract 25.03; Kern County; California","50703","26322",
"1400000US06029002600","Census Tract 26; Kern County; California","46362","11428",
"1400000US06029002701","Census Tract 27.01; Kern County; California","58667","26080",
"1400000US06029002702","Census Tract 27.02; Kern County; California","61397","13085",
"1400000US06029002804","Census Tract 28.04; Kern County; California","71000","17754",
"1400000US06029002806","Census Tract 28.06; Kern County; California","108105","13382",
"1400000US06029002807","Census Tract 28.07; Kern County; California","135750","35662",
"1400000US06029002811","Census Tract 28.11; Kern County; California","190833","60830",
"1400000US06029002813","Census Tract 28.13; Kern County; California","62121","8475",
"1400000US06029002814","Census Tract 28.14; Kern County; California","41508","4645",
"1400000US06029002815","Census Tract 28.15; Kern County; California","51530","14488",
"1400000US06029002816","Census Tract 28.16; Kern County; California","75637","15636",
"1400000US06029002817","Census Tract 28.17; Kern County; California","71875","24315",
"1400000US06029002818","Census Tract 28.18; Kern County; California","92885","17100",
"1400000US06029002819","Census Tract 28.19; Kern County; California","75469","10355",
"1400000US06029002820","Census Tract 28.20; Kern County; California","118575","31312",
"1400000US06029002821","Census Tract 28.21; Kern County; California","87450","7955",
"1400000US06029002822","Census Tract 28.22; Kern County; California","133775","67404",
"1400000US06029002823","Census Tract 28.23; Kern County; California","57885","22891",
"1400000US06029002824","Census Tract 28.24; Kern County; California","50000","23745",
"1400000US06029002825","Census Tract 28.25; Kern County; California","46699","12258",
"1400000US06029002901","Census Tract 29.01; Kern County; California","46309","8494",
"1400000US06029002902","Census Tract 29.02; Kern County; California","64318","25045",
"1400000US06029003001","Census Tract 30.01; Kern County; California","47750","22619",
"1400000US06029003002","Census Tract 30.02; Kern County; California","33060","6941",
"1400000US06029003103","Census Tract 31.03; Kern County; California","52009","7485",
"1400000US06029003112","Census Tract 31.12; Kern County; California","74948","15519",
"1400000US06029003113","Census Tract 31.13; Kern County; California","53097","10599",
"1400000US06029003124","Census Tract 31.24; Kern County; California","88750","10856",
"1400000US06029003125","Census Tract 31.25; Kern County; California","72843","30764",
"1400000US06029003126","Census Tract 31.26; Kern County; California","45625","19959",
"1400000US06029003127","Census Tract 31.27; Kern County; California","53672","14356",
"1400000US06029003128","Census Tract 31.28; Kern County; California","62743","15648",
"1400000US06029003129","Census Tract 31.29; Kern County; California","-","**",
"1400000US06029003130","Census Tract 31.30; Kern County; California","96543","78756",
"1400000US06029003131","Census Tract 31.31; Kern County; California","77375","9556",
"1400000US06029003132","Census Tract 31.32; Kern County; California","57330","31189",
"1400000US06029003133","Census Tract 31.33; Kern County; California","69625","32151",
"1400000US06029003134","Census Tract 31.34; Kern County; California","101415","12376",
"1400000US06029003135","Census Tract 31.35; Kern County; California","134164","6741",
"1400000US06029003136","Census Tract 31.36; Kern County; California","95541","32061",
"1400000US06029003137","Census Tract 31.37; Kern County; California","72857","17042",
"1400000US06029003203","Census Tract 32.03; Kern County; California","109135","14152",
"1400000US06029003207","Census Tract 32.07; Kern County; California","85664","8875",
"1400000US06029003208","Census Tract 32.08; Kern County; California","74118","23899",
"1400000US06029003209","Census Tract 32.09; Kern County; California","74234","29177",
"1400000US06029003210","Census Tract 32.10; Kern County; California","73740","16310",
"1400000US06029003211","Census Tract 32.11; Kern County; California","80909","60858",
"1400000US06029003212","Census Tract 32.12; Kern County; California","184832","32317",
"1400000US06029003213","Census Tract 32.13; Kern County; California","161188","33947",
"1400000US06029003214","Census Tract 32.14; Kern County; California","70761","53399",
"1400000US06029003215","Census Tract 32.15; Kern County; California","70215","30667",
"1400000US06029003216","Census Tract 32.16; Kern County; California","140239","54008",
"1400000US06029003217","Census Tract 32.17; Kern County; California","97092","42061",
"1400000US06029003218","Census Tract 32.18; Kern County; California","123510","51120",
"1400000US06029003219","Census Tract 32.19; Kern County; California","111036","16792",
"1400000US06029003220","Census Tract 32.20; Kern County; California","138596","15325",
"1400000US06029003221","Census Tract 32.21; Kern County; California","146731","27211",
"1400000US06029003222","Census Tract 32.22; Kern County; California","60104","29188",
"1400000US06029003303","Census Tract 33.03; Kern County; California","50917","6050",
"1400000US06029003304","Census Tract 33.04; Kern County; California","92321","16640",
"1400000US06029003305","Census Tract 33.05; Kern County; California","-","**",
"1400000US06029003307","Census Tract 33.07; Kern County; California","79583","43573",
"1400000US06029003308","Census Tract 33.08; Kern County; California","46935","24376",
"1400000US06029003400","Census Tract 34; Kern County; California","46901","13660",
"1400000US06029003500","Census Tract 35; Kern County; California","64479","19205",
"1400000US06029003600","Census Tract 36; Kern County; California","57544","14975",
"1400000US06029003806","Census Tract 38.06; Kern County; California","143579","18484",
"1400000US06029003807","Census Tract 38.07; Kern County; California","107596","21171",
"1400000US06029003808","Census Tract 38.08; Kern County; California","98179","21519",
"1400000US06029003810","Census Tract 38.10; Kern County; California","146250","55036",
"1400000US06029003811","Census Tract 38.11; Kern County; California","78683","20303",
"1400000US06029003812","Census Tract 38.12; Kern County; California","105735","11848",
"1400000US06029003814","Census Tract 38.14; Kern County; California","149409","65331",
"1400000US06029003815","Census Tract 38.15; Kern County; California","135625","17977",
"1400000US06029003816","Census Tract 38.16; Kern County; California","116374","34963",
"1400000US06029003817","Census Tract 38.17; Kern County; California","119904","43258",
"1400000US06029003818","Census Tract 38.18; Kern County; California","103564","10954",
"1400000US06029003819","Census Tract 38.19; Kern County; California","129651","52729",
"1400000US06029003820","Census Tract 38.20; Kern County; California","169914","57700",
"1400000US06029003821","Census Tract 38.21; Kern County; California","170349","29803",
"1400000US06029003822","Census Tract 38.22; Kern County; California","125758","12950",
"1400000US06029003823","Census Tract 38.23; Kern County; California","159500","67977",
"1400000US06029003824","Census Tract 38.24; Kern County; California","92222","10588",
"1400000US06029003825","Census Tract 38.25; Kern County; California","122390","28004",
"1400000US06029003826","Census Tract 38.26; Kern County; California","178663","37940",
"1400000US06029003827","Census Tract 38.27; Kern County; California","154508","27144",
"1400000US06029003900","Census Tract 39; Kern County; California","111616","6816",
"1400000US06029004001","Census Tract 40.01; Kern County; California","66106","32450",
"1400000US06029004002","Census Tract 40.02; Kern County; California","66667","24589",
"1400000US06029004101","Census Tract 41.01; Kern County; California","82965","17818",
"1400000US06029004102","Census Tract 41.02; Kern County; California","37839","3825",
"1400000US06029004302","Census Tract 43.02; Kern County; California","-","**",
"1400000US06029004303","Census Tract 43.03; Kern County; California","58377","10447",
"1400000US06029004304","Census Tract 43.04; Kern County; California","60682","31089",
"1400000US06029004305","Census Tract 43.05; Kern County; California","128550","33208",
"1400000US06029004402","Census Tract 44.02; Kern County; California","44167","10115",
"1400000US06029004403","Census Tract 44.03; Kern County; California","70281","19138",
"1400000US06029004404","Census Tract 44.04; Kern County; California","43597","15794",
"1400000US06029004500","Census Tract 45; Kern County; California","52404","4977",
"1400000US06029004601","Census Tract 46.01; Kern County; California","-","**",
"1400000US06029004603","Census Tract 46.03; Kern County; California","-","**",
"1400000US06029004605","Census Tract 46.05; Kern County; California","95173","11039",
"1400000US06029004606","Census Tract 46.06; Kern County; California","52745","24618",
"1400000US06029004607","Census Tract 46.07; Kern County; California","69311","14245",
"1400000US06029004702","Census Tract 47.02; Kern County; California","41406","10197",
"1400000US06029004703","Census Tract 47.03; Kern County; California","53750","19105",
"1400000US06029004704","Census Tract 47.04; Kern County; California","65254","13981",
"1400000US06029004801","Census Tract 48.01; Kern County; California","53876","17352",
"1400000US06029004802","Census Tract 48.02; Kern County; California","53750","8984",
"1400000US06029004901","Census Tract 49.01; Kern County; California","45639","12552",
"1400000US06029004903","Census Tract 49.03; Kern County; California","91705","23963",
"1400000US06029004904","Census Tract 49.04; Kern County; California","58750","18600",
"1400000US06029005003","Census Tract 50.03; Kern County; California","45903","9950",
"1400000US06029005005","Census Tract 50.05; Kern County; California","70083","15666",
"1400000US06029005006","Census Tract 50.06; Kern County; California","97321","9489",
"1400000US06029005103","Census Tract 51.03; Kern County; California","81719","46585",
"1400000US06029005104","Census Tract 51.04; Kern County; California","152813","32940",
"1400000US06029005203","Census Tract 52.03; Kern County; California","46396","6706",
"1400000US06029005205","Census Tract 52.05; Kern County; California","26996","3806",
"1400000US06029005206","Census Tract 52.06; Kern County; California","50500","10917",
"1400000US06029005207","Census Tract 52.07; Kern County; California","49754","37883",
"1400000US06029005208","Census Tract 52.08; Kern County; California","55701","13527",
"1400000US06029005300","Census Tract 53; Kern County; California","58368","15037",
"1400000US06029005402","Census Tract 54.02; Kern County; California","130515","25603",
"1400000US06029005405","Census Tract 54.05; Kern County; California","56743","19546",
"1400000US06029005406","Census Tract 54.06; Kern County; California","113168","10516",
"1400000US06029005407","Census Tract 54.07; Kern County; California","64926","35912",
"1400000US06029005408","Census Tract 54.08; Kern County; California","101829","21276",
"1400000US06029005409","Census Tract 54.09; Kern County; California","130377","19912",
"1400000US06029005410","Census Tract 54.10; Kern County; California","65958","35695",
"1400000US06029005508","Census Tract 55.08; Kern County; California","72993","21826",
"1400000US06029005509","Census Tract 55.09; Kern County; California","113667","33400",
"1400000US06029005510","Census Tract 55.10; Kern County; California","84708","34167",
"1400000US06029005511","Census Tract 55.11; Kern County; California","54464","10730",
"1400000US06029005512","Census Tract 55.12; Kern County; California","56354","25262",
"1400000US06029005513","Census Tract 55.13; Kern County; California","66618","19923",
"1400000US06029005514","Census Tract 55.14; Kern County; California","59496","22613",
"1400000US06029005600","Census Tract 56; Kern County; California","72750","20857",
"1400000US06029005700","Census Tract 57; Kern County; California","92011","17921",
"1400000US06029005803","Census Tract 58.03; Kern County; California","77165","30279",
"1400000US06029005804","Census Tract 58.04; Kern County; California","53971","24837",
"1400000US06029005805","Census Tract 58.05; Kern County; California","119750","26240",
"1400000US06029005806","Census Tract 58.06; Kern County; California","122950","18537",
"1400000US06029005900","Census Tract 59; Kern County; California","57126","8969",
"1400000US06029006002","Census Tract 60.02; Kern County; California","-","**",
"1400000US06029006003","Census Tract 60.03; Kern County; California","95375","69002",
"1400000US06029006004","Census Tract 60.04; Kern County; California","65809","16252",
"1400000US06029006006","Census Tract 60.06; Kern County; California","128750","33864",
"1400000US06029006009","Census Tract 60.09; Kern County; California","146250","59739",
"1400000US06029006010","Census Tract 60.10; Kern County; California","130000","12611",
"1400000US06029006011","Census Tract 60.11; Kern County; California","83977","32758",
"1400000US06029006012","Census Tract 60.12; Kern County; California","116058","55639",
"1400000US06029006101","Census Tract 61.01; Kern County; California","80181","14214",
"1400000US06029006102","Census Tract 61.02; Kern County; California","99063","21514",
"1400000US06029006201","Census Tract 62.01; Kern County; California","55962","16161",
"1400000US06029006202","Census Tract 62.02; Kern County; California","64298","10862",
"1400000US06029006301","Census Tract 63.01; Kern County; California","44813","11676",
"1400000US06029006303","Census Tract 63.03; Kern County; California","42992","11879",
"1400000US06029006304","Census Tract 63.04; Kern County; California","43045","12851",
"1400000US06029006403","Census Tract 64.03; Kern County; California","35174","15513",
"1400000US06029006404","Census Tract 64.04; Kern County; California","31103","13711",
"1400000US06029006405","Census Tract 64.05; Kern County; California","50449","7642",
"1400000US06029006406","Census Tract 64.06; Kern County; California","29070","6513",
"1400000US06029006500","Census Tract 65; Kern County; California","47813","40467",
"1400000US06029006600","Census Tract 66; Kern County; California","65037","8368",
"1400000US06031000100","Census Tract 1; Kings County; California","86530","7783",
"1400000US06031000200","Census Tract 2; Kings County; California","90536","49158",
"1400000US06031000402","Census Tract 4.02; Kings County; California","91006","5720",
"1400000US06031000403","Census Tract 4.03; Kings County; California","73997","5762",
"1400000US06031000405","Census Tract 4.05; Kings County; California","66908","18258",
"1400000US06031000406","Census Tract 4.06; Kings County; California","117783","23974",
"1400000US06031000407","Census Tract 4.07; Kings County; California","72656","16895",
"1400000US06031000500","Census Tract 5; Kings County; California","83301","23813",
"1400000US06031000602","Census Tract 6.02; Kings County; California","123015","45136",
"1400000US06031000603","Census Tract 6.03; Kings County; California","161471","34775",
"1400000US06031000604","Census Tract 6.04; Kings County; California","96737","16399",
"1400000US06031000701","Census Tract 7.01; Kings County; California","110157","11322",
"1400000US06031000702","Census Tract 7.02; Kings County; California","78548","6946",
"1400000US06031000800","Census Tract 8; Kings County; California","71707","16907",
"1400000US06031000901","Census Tract 9.01; Kings County; California","39318","14619",
"1400000US06031000902","Census Tract 9.02; Kings County; California","56957","27577",
"1400000US06031001001","Census Tract 10.01; Kings County; California","103750","18678",
"1400000US06031001002","Census Tract 10.02; Kings County; California","48380","29917",
"1400000US06031001003","Census Tract 10.03; Kings County; California","82949","31200",
"1400000US06031001100","Census Tract 11; Kings County; California","44554","11063",
"1400000US06031001200","Census Tract 12; Kings County; California","87863","13875",
"1400000US06031001300","Census Tract 13; Kings County; California","42250","28854",
"1400000US06031001401","Census Tract 14.01; Kings County; California","55192","16258",
"1400000US06031001402","Census Tract 14.02; Kings County; California","59167","10062",
"1400000US06031001500","Census Tract 15; Kings County; California","79107","20520",
"1400000US06031001601","Census Tract 16.01; Kings County; California","49408","12126",
"1400000US06031001702","Census Tract 17.02; Kings County; California","48750","5578",
"1400000US06031001703","Census Tract 17.03; Kings County; California","59049","5368",
"1400000US06031980000","Census Tract 9800; Kings County; California","66229","4213",
"1400000US06031980100","Census Tract 9801; Kings County; California","-","**",
"1400000US06031981800","Census Tract 9818; Kings County; California","-","**",
"1400000US06033000100","Census Tract 1; Lake County; California","93064","29649",
"1400000US06033000300","Census Tract 3; Lake County; California","106848","19233",
"1400000US06033000401","Census Tract 4.01; Lake County; California","141843","34873",
"1400000US06033000402","Census Tract 4.02; Lake County; California","71818","16760",
"1400000US06033000501","Census Tract 5.01; Lake County; California","49312","7727",
"1400000US06033000502","Census Tract 5.02; Lake County; California","84271","14588",
"1400000US06033000601","Census Tract 6.01; Lake County; California","61595","22125",
"1400000US06033000602","Census Tract 6.02; Lake County; California","-","**",
"1400000US06033000702","Census Tract 7.02; Lake County; California","41725","7997",
"1400000US06033000703","Census Tract 7.03; Lake County; California","-","**",
"1400000US06033000704","Census Tract 7.04; Lake County; California","67500","16844",
"1400000US06033000801","Census Tract 8.01; Lake County; California","59671","4800",
"1400000US06033000802","Census Tract 8.02; Lake County; California","49353","6257",
"1400000US06033000901","Census Tract 9.01; Lake County; California","125766","49239",
"1400000US06033000902","Census Tract 9.02; Lake County; California","115750","24169",
"1400000US06033001000","Census Tract 10; Lake County; California","66228","39054",
"1400000US06033001101","Census Tract 11.01; Lake County; California","107361","34207",
"1400000US06033001102","Census Tract 11.02; Lake County; California","112750","38033",
"1400000US06033001200","Census Tract 12; Lake County; California","92790","28610",
"1400000US06033001301","Census Tract 13.01; Lake County; California","108720","18842",
"1400000US06033001302","Census Tract 13.02; Lake County; California","99045","39936",
"1400000US06035040100","Census Tract 401; Lassen County; California","54688","38997",
"1400000US06035040200","Census Tract 402; Lassen County; California","66809","18384",
"1400000US06035040302","Census Tract 403.02; Lassen County; California","99653","7108",
"1400000US06035040303","Census Tract 403.03; Lassen County; California","62964","16724",
"1400000US06035040304","Census Tract 403.04; Lassen County; California","49063","21316",
"1400000US06035040305","Census Tract 403.05; Lassen County; California","77616","15089",
"1400000US06035040400","Census Tract 404; Lassen County; California","102083","25418",
"1400000US06035040500","Census Tract 405; Lassen County; California","80642","22225",
"1400000US06035040600","Census Tract 406; Lassen County; California","54646","15952",
"1400000US06037101110","Census Tract 1011.10; Los Angeles County; California","97455","18033",
"1400000US06037101122","Census Tract 1011.22; Los Angeles County; California","135104","46881",
"1400000US06037101220","Census Tract 1012.20; Los Angeles County; California","89417","26971",
"1400000US06037101221","Census Tract 1012.21; Los Angeles County; California","61613","21521",
"1400000US06037101222","Census Tract 1012.22; Los Angeles County; California","98676","50335",
"1400000US06037101300","Census Tract 1013; Los Angeles County; California","135203","23461",
"1400000US06037101400","Census Tract 1014; Los Angeles County; California","89559","26311",
"1400000US06037102103","Census Tract 1021.03; Los Angeles County; California","82708","44093",
"1400000US06037102104","Census Tract 1021.04; Los Angeles County; California","137569","29436",
"1400000US06037102105","Census Tract 1021.05; Los Angeles County; California","97000","21309",
"1400000US06037102107","Census Tract 1021.07; Los Angeles County; California","115972","47602",
"1400000US06037103101","Census Tract 1031.01; Los Angeles County; California","141161","19221",
"1400000US06037103102","Census Tract 1031.02; Los Angeles County; California","90825","19327",
"1400000US06037103201","Census Tract 1032.01; Los Angeles County; California","113686","24976",
"1400000US06037103202","Census Tract 1032.02; Los Angeles County; California","119430","44243",
"1400000US06037103300","Census Tract 1033; Los Angeles County; California","152478","17865",
"1400000US06037103401","Census Tract 1034.01; Los Angeles County; California","101008","16582",
"1400000US06037103402","Census Tract 1034.02; Los Angeles County; California","109128","26627",
"1400000US06037104103","Census Tract 1041.03; Los Angeles County; California","110714","24696",
"1400000US06037104105","Census Tract 1041.05; Los Angeles County; California","60313","15371",
"1400000US06037104108","Census Tract 1041.08; Los Angeles County; California","105022","13938",
"1400000US06037104124","Census Tract 1041.24; Los Angeles County; California","75313","32320",
"1400000US06037104201","Census Tract 1042.01; Los Angeles County; California","107770","28163",
"1400000US06037104203","Census Tract 1042.03; Los Angeles County; California","69574","12855",
"1400000US06037104204","Census Tract 1042.04; Los Angeles County; California","65341","11945",
"1400000US06037104310","Census Tract 1043.10; Los Angeles County; California","105081","34594",
"1400000US06037104321","Census Tract 1043.21; Los Angeles County; California","88500","10231",
"1400000US06037104322","Census Tract 1043.22; Los Angeles County; California","87000","30681",
"1400000US06037104401","Census Tract 1044.01; Los Angeles County; California","79167","27683",
"1400000US06037104403","Census Tract 1044.03; Los Angeles County; California","85179","11916",
"1400000US06037104404","Census Tract 1044.04; Los Angeles County; California","74175","7057",
"1400000US06037104500","Census Tract 1045; Los Angeles County; California","69091","35633",
"1400000US06037104610","Census Tract 1046.10; Los Angeles County; California","87165","8111",
"1400000US06037104620","Census Tract 1046.20; Los Angeles County; California","90139","19001",
"1400000US06037104701","Census Tract 1047.01; Los Angeles County; California","49764","17905",
"1400000US06037104703","Census Tract 1047.03; Los Angeles County; California","64097","47341",
"1400000US06037104704","Census Tract 1047.04; Los Angeles County; California","58200","13828",
"1400000US06037104821","Census Tract 1048.21; Los Angeles County; California","72258","20045",
"1400000US06037104822","Census Tract 1048.22; Los Angeles County; California","63750","22926",
"1400000US06037104823","Census Tract 1048.23; Los Angeles County; California","91875","22724",
"1400000US06037104824","Census Tract 1048.24; Los Angeles County; California","96983","42510",
"1400000US06037106010","Census Tract 1060.10; Los Angeles County; California","158018","23531",
"1400000US06037106020","Census Tract 1060.20; Los Angeles County; California","122069","20836",
"1400000US06037106111","Census Tract 1061.11; Los Angeles County; California","121518","32672",
"1400000US06037106112","Census Tract 1061.12; Los Angeles County; California","108696","20380",
"1400000US06037106113","Census Tract 1061.13; Los Angeles County; California","138646","21633",
"1400000US06037106114","Census Tract 1061.14; Los Angeles County; California","85250","13746",
"1400000US06037106403","Census Tract 1064.03; Los Angeles County; California","103750","15746",
"1400000US06037106405","Census Tract 1064.05; Los Angeles County; California","94338","14688",
"1400000US06037106406","Census Tract 1064.06; Los Angeles County; California","105354","15798",
"1400000US06037106407","Census Tract 1064.07; Los Angeles County; California","54271","18575",
"1400000US06037106408","Census Tract 1064.08; Los Angeles County; California","53056","11358",
"1400000US06037106510","Census Tract 1065.10; Los Angeles County; California","128095","27717",
"1400000US06037106520","Census Tract 1065.20; Los Angeles County; California","85610","29754",
"1400000US06037106603","Census Tract 1066.03; Los Angeles County; California","155313","59733",
"1400000US06037106604","Census Tract 1066.04; Los Angeles County; California","73667","12931",
"1400000US06037106641","Census Tract 1066.41; Los Angeles County; California","152614","29771",
"1400000US06037106642","Census Tract 1066.42; Los Angeles County; California","141335","15744",
"1400000US06037106643","Census Tract 1066.43; Los Angeles County; California","213158","45429",
"1400000US06037106645","Census Tract 1066.45; Los Angeles County; California","162288","19886",
"1400000US06037106646","Census Tract 1066.46; Los Angeles County; California","135781","26564",
"1400000US06037106648","Census Tract 1066.48; Los Angeles County; California","82893","10962",
"1400000US06037106649","Census Tract 1066.49; Los Angeles County; California","110833","10186",
"1400000US06037107010","Census Tract 1070.10; Los Angeles County; California","89868","14472",
"1400000US06037107020","Census Tract 1070.20; Los Angeles County; California","75197","15899",
"1400000US06037108101","Census Tract 1081.01; Los Angeles County; California","159375","37332",
"1400000US06037108102","Census Tract 1081.02; Los Angeles County; California","152361","43980",
"1400000US06037108103","Census Tract 1081.03; Los Angeles County; California","148000","22376",
"1400000US06037108104","Census Tract 1081.04; Los Angeles County; California","182083","50019",
"1400000US06037108202","Census Tract 1082.02; Los Angeles County; California","204487","21521",
"1400000US06037108203","Census Tract 1082.03; Los Angeles County; California","161974","23874",
"1400000US06037108204","Census Tract 1082.04; Los Angeles County; California","203750","43139",
"1400000US06037109100","Census Tract 1091; Los Angeles County; California","89688","19248",
"1400000US06037109200","Census Tract 1092; Los Angeles County; California","134348","22405",
"1400000US06037109300","Census Tract 1093; Los Angeles County; California","147155","19122",
"1400000US06037109400","Census Tract 1094; Los Angeles County; California","113900","11041",
"1400000US06037109500","Census Tract 1095; Los Angeles County; California","75750","22971",
"1400000US06037109601","Census Tract 1096.01; Los Angeles County; California","120694","22850",
"1400000US06037109603","Census Tract 1096.03; Los Angeles County; California","95389","10767",
"1400000US06037109604","Census Tract 1096.04; Los Angeles County; California","107463","36761",
"1400000US06037109700","Census Tract 1097; Los Angeles County; California","119930","15576",
"1400000US06037109800","Census Tract 1098; Los Angeles County; California","111375","31658",
"1400000US06037111100","Census Tract 1111; Los Angeles County; California","119167","28105",
"1400000US06037111201","Census Tract 1112.01; Los Angeles County; California","123750","36630",
"1400000US06037111202","Census Tract 1112.02; Los Angeles County; California","126962","32305",
"1400000US06037111204","Census Tract 1112.04; Los Angeles County; California","180700","22779",
"1400000US06037111205","Census Tract 1112.05; Los Angeles County; California","120300","45281",
"1400000US06037111206","Census Tract 1112.06; Los Angeles County; California","167353","32838",
"1400000US06037111302","Census Tract 1113.02; Los Angeles County; California","102147","30366",
"1400000US06037111303","Census Tract 1113.03; Los Angeles County; California","106076","30722",
"1400000US06037111304","Census Tract 1113.04; Los Angeles County; California","64844","28694",
"1400000US06037111401","Census Tract 1114.01; Los Angeles County; California","138802","35627",
"1400000US06037111402","Census Tract 1114.02; Los Angeles County; California","63750","13076",
"1400000US06037113101","Census Tract 1131.01; Los Angeles County; California","138523","8734",
"1400000US06037113102","Census Tract 1131.02; Los Angeles County; California","227500","32807",
"1400000US06037113211","Census Tract 1132.11; Los Angeles County; California","125380","28585",
"1400000US06037113212","Census Tract 1132.12; Los Angeles County; California","112656","18055",
"1400000US06037113213","Census Tract 1132.13; Los Angeles County; California","137151","22187",
"1400000US06037113231","Census Tract 1132.31; Los Angeles County; California","153958","72392",
"1400000US06037113232","Census Tract 1132.32; Los Angeles County; California","147212","28449",
"1400000US06037113234","Census Tract 1132.34; Los Angeles County; California","86439","28693",
"1400000US06037113235","Census Tract 1132.35; Los Angeles County; California","96116","15941",
"1400000US06037113237","Census Tract 1132.37; Los Angeles County; California","172381","30220",
"1400000US06037113238","Census Tract 1132.38; Los Angeles County; California","64981","27905",
"1400000US06037113239","Census Tract 1132.39; Los Angeles County; California","50824","16768",
"1400000US06037113301","Census Tract 1133.01; Los Angeles County; California","177000","41666",
"1400000US06037113303","Census Tract 1133.03; Los Angeles County; California","113854","26569",
"1400000US06037113322","Census Tract 1133.22; Los Angeles County; California","129423","17797",
"1400000US06037113323","Census Tract 1133.23; Los Angeles County; California","114722","28365",
"1400000US06037113324","Census Tract 1133.24; Los Angeles County; California","101023","4208",
"1400000US06037113423","Census Tract 1134.23; Los Angeles County; California","91448","8716",
"1400000US06037113424","Census Tract 1134.24; Los Angeles County; California","123800","35133",
"1400000US06037113425","Census Tract 1134.25; Los Angeles County; California","73681","12593",
"1400000US06037113426","Census Tract 1134.26; Los Angeles County; California","110865","53767",
"1400000US06037113427","Census Tract 1134.27; Los Angeles County; California","63333","14624",
"1400000US06037113428","Census Tract 1134.28; Los Angeles County; California","133614","66687",
"1400000US06037115101","Census Tract 1151.01; Los Angeles County; California","186667","41361",
"1400000US06037115103","Census Tract 1151.03; Los Angeles County; California","-","**",
"1400000US06037115104","Census Tract 1151.04; Los Angeles County; California","132738","39649",
"1400000US06037115202","Census Tract 1152.02; Los Angeles County; California","78843","25633",
"1400000US06037115203","Census Tract 1152.03; Los Angeles County; California","127768","89030",
"1400000US06037115204","Census Tract 1152.04; Los Angeles County; California","115739","28246",
"1400000US06037115301","Census Tract 1153.01; Los Angeles County; California","113866","30159",
"1400000US06037115302","Census Tract 1153.02; Los Angeles County; California","81750","14438",
"1400000US06037115401","Census Tract 1154.01; Los Angeles County; California","78021","22017",
"1400000US06037115403","Census Tract 1154.03; Los Angeles County; California","92917","32652",
"1400000US06037115404","Census Tract 1154.04; Los Angeles County; California","115625","21512",
"1400000US06037117101","Census Tract 1171.01; Los Angeles County; California","119219","15975",
"1400000US06037117102","Census Tract 1171.02; Los Angeles County; California","117500","20180",
"1400000US06037117201","Census Tract 1172.01; Los Angeles County; California","72700","24567",
"1400000US06037117202","Census Tract 1172.02; Los Angeles County; California","160066","21237",
"1400000US06037117301","Census Tract 1173.01; Los Angeles County; California","148482","19188",
"1400000US06037117302","Census Tract 1173.02; Los Angeles County; California","151250","33562",
"1400000US06037117303","Census Tract 1173.03; Los Angeles County; California","127152","11141",
"1400000US06037117404","Census Tract 1174.04; Los Angeles County; California","127917","13218",
"1400000US06037117405","Census Tract 1174.05; Los Angeles County; California","50500","26784",
"1400000US06037117407","Census Tract 1174.07; Los Angeles County; California","50083","9879",
"1400000US06037117408","Census Tract 1174.08; Los Angeles County; California","43333","14390",
"1400000US06037117510","Census Tract 1175.10; Los Angeles County; California","47188","27850",
"1400000US06037117520","Census Tract 1175.20; Los Angeles County; California","55600","11685",
"1400000US06037117530","Census Tract 1175.30; Los Angeles County; California","64661","22834",
"1400000US06037119001","Census Tract 1190.01; Los Angeles County; California","109200","9455",
"1400000US06037119003","Census Tract 1190.03; Los Angeles County; California","108750","10811",
"1400000US06037119004","Census Tract 1190.04; Los Angeles County; California","112712","40339",
"1400000US06037119201","Census Tract 1192.01; Los Angeles County; California","109261","18424",
"1400000US06037119202","Census Tract 1192.02; Los Angeles County; California","77305","31078",
"1400000US06037119310","Census Tract 1193.10; Los Angeles County; California","86786","26291",
"1400000US06037119320","Census Tract 1193.20; Los Angeles County; California","68929","28939",
"1400000US06037119340","Census Tract 1193.40; Los Angeles County; California","44306","12747",
"1400000US06037119341","Census Tract 1193.41; Los Angeles County; California","60250","22783",
"1400000US06037119342","Census Tract 1193.42; Los Angeles County; California","78750","12483",
"1400000US06037119400","Census Tract 1194; Los Angeles County; California","99083","21171",
"1400000US06037119700","Census Tract 1197; Los Angeles County; California","87466","12576",
"1400000US06037119801","Census Tract 1198.01; Los Angeles County; California","120144","36414",
"1400000US06037119802","Census Tract 1198.02; Los Angeles County; California","106875","26597",
"1400000US06037119900","Census Tract 1199; Los Angeles County; California","80938","13440",
"1400000US06037120010","Census Tract 1200.10; Los Angeles County; California","63438","26280",
"1400000US06037120020","Census Tract 1200.20; Los Angeles County; California","42339","18910",
"1400000US06037120030","Census Tract 1200.30; Los Angeles County; California","66645","28541",
"1400000US06037120103","Census Tract 1201.03; Los Angeles County; California","44595","8225",
"1400000US06037120104","Census Tract 1201.04; Los Angeles County; California","56141","9298",
"1400000US06037120105","Census Tract 1201.05; Los Angeles County; California","51250","9358",
"1400000US06037120106","Census Tract 1201.06; Los Angeles County; California","41150","3503",
"1400000US06037120107","Census Tract 1201.07; Los Angeles County; California","40930","15137",
"1400000US06037120108","Census Tract 1201.08; Los Angeles County; California","62024","16778",
"1400000US06037120300","Census Tract 1203; Los Angeles County; California","57750","30035",
"1400000US06037120400","Census Tract 1204; Los Angeles County; California","79239","14466",
"1400000US06037121010","Census Tract 1210.10; Los Angeles County; California","85078","24980",
"1400000US06037121020","Census Tract 1210.20; Los Angeles County; California","74306","31023",
"1400000US06037121101","Census Tract 1211.01; Los Angeles County; California","83411","22769",
"1400000US06037121102","Census Tract 1211.02; Los Angeles County; California","98295","15128",
"1400000US06037121210","Census Tract 1212.10; Los Angeles County; California","91250","24445",
"1400000US06037121221","Census Tract 1212.21; Los Angeles County; California","98438","20972",
"1400000US06037121222","Census Tract 1212.22; Los Angeles County; California","85250","32007",
"1400000US06037121600","Census Tract 1216; Los Angeles County; California","97917","31993",
"1400000US06037121801","Census Tract 1218.01; Los Angeles County; California","52262","8736",
"1400000US06037121802","Census Tract 1218.02; Los Angeles County; California","120125","20482",
"1400000US06037121900","Census Tract 1219; Los Angeles County; California","71346","17014",
"1400000US06037122000","Census Tract 1220; Los Angeles County; California","116250","31560",
"1400000US06037122120","Census Tract 1221.20; Los Angeles County; California","71008","22731",
"1400000US06037122121","Census Tract 1221.21; Los Angeles County; California","67857","29287",
"1400000US06037122122","Census Tract 1221.22; Los Angeles County; California","47532","11834",
"1400000US06037122200","Census Tract 1222; Los Angeles County; California","76429","25770",
"1400000US06037122410","Census Tract 1224.10; Los Angeles County; California","82938","23362",
"1400000US06037122420","Census Tract 1224.20; Los Angeles County; California","77222","17943",
"1400000US06037123010","Census Tract 1230.10; Los Angeles County; California","46143","13468",
"1400000US06037123020","Census Tract 1230.20; Los Angeles County; California","84444","4718",
"1400000US06037123103","Census Tract 1231.03; Los Angeles County; California","77446","21235",
"1400000US06037123104","Census Tract 1231.04; Los Angeles County; California","93723","17813",
"1400000US06037123203","Census Tract 1232.03; Los Angeles County; California","58674","25458",
"1400000US06037123204","Census Tract 1232.04; Los Angeles County; California","68750","20730",
"1400000US06037123205","Census Tract 1232.05; Los Angeles County; California","48661","29507",
"1400000US06037123206","Census Tract 1232.06; Los Angeles County; California","52857","16947",
"1400000US06037123301","Census Tract 1233.01; Los Angeles County; California","87516","6545",
"1400000US06037123303","Census Tract 1233.03; Los Angeles County; California","71641","8604",
"1400000US06037123304","Census Tract 1233.04; Los Angeles County; California","62829","14184",
"1400000US06037123410","Census Tract 1234.10; Los Angeles County; California","55848","8435",
"1400000US06037123420","Census Tract 1234.20; Los Angeles County; California","75446","32485",
"1400000US06037123510","Census Tract 1235.10; Los Angeles County; California","58250","9490",
"1400000US06037123520","Census Tract 1235.20; Los Angeles County; California","62550","10565",
"1400000US06037123601","Census Tract 1236.01; Los Angeles County; California","99821","44011",
"1400000US06037123602","Census Tract 1236.02; Los Angeles County; California","92292","31247",
"1400000US06037123700","Census Tract 1237; Los Angeles County; California","98655","15441",
"1400000US06037123800","Census Tract 1238; Los Angeles County; California","113065","48371",
"1400000US06037123901","Census Tract 1239.01; Los Angeles County; California","88676","26699",
"1400000US06037123902","Census Tract 1239.02; Los Angeles County; California","98750","21222",
"1400000US06037124000","Census Tract 1240; Los Angeles County; California","120793","57334",
"1400000US06037124102","Census Tract 1241.02; Los Angeles County; California","76736","31558",
"1400000US06037124103","Census Tract 1241.03; Los Angeles County; California","83333","22806",
"1400000US06037124104","Census Tract 1241.04; Los Angeles County; California","54192","6922",
"1400000US06037124105","Census Tract 1241.05; Los Angeles County; California","90156","29418",
"1400000US06037124201","Census Tract 1242.01; Los Angeles County; California","73994","36018",
"1400000US06037124203","Census Tract 1242.03; Los Angeles County; California","89750","14154",
"1400000US06037124204","Census Tract 1242.04; Los Angeles County; California","47807","4774",
"1400000US06037124300","Census Tract 1243; Los Angeles County; California","95260","34493",
"1400000US06037124400","Census Tract 1244; Los Angeles County; California","97958","34046",
"1400000US06037124500","Census Tract 1245; Los Angeles County; California","81591","57592",
"1400000US06037124600","Census Tract 1246; Los Angeles County; California","100234","30666",
"1400000US06037124700","Census Tract 1247; Los Angeles County; California","192311","73075",
"1400000US06037124902","Census Tract 1249.02; Los Angeles County; California","92955","32481",
"1400000US06037124903","Census Tract 1249.03; Los Angeles County; California","82760","31486",
"1400000US06037125101","Census Tract 1251.01; Los Angeles County; California","87644","33172",
"1400000US06037125102","Census Tract 1251.02; Los Angeles County; California","238672","31614",
"1400000US06037125200","Census Tract 1252; Los Angeles County; California","93198","41495",
"1400000US06037125310","Census Tract 1253.10; Los Angeles County; California","60714","37102",
"1400000US06037125321","Census Tract 1253.21; Los Angeles County; California","72222","67248",
"1400000US06037125322","Census Tract 1253.22; Los Angeles County; California","-","**",
"1400000US06037125402","Census Tract 1254.02; Los Angeles County; California","97339","43714",
"1400000US06037125403","Census Tract 1254.03; Los Angeles County; California","88606","27148",
"1400000US06037125404","Census Tract 1254.04; Los Angeles County; California","-","**",
"1400000US06037125501","Census Tract 1255.01; Los Angeles County; California","111042","13933",
"1400000US06037125502","Census Tract 1255.02; Los Angeles County; California","108239","35327",
"1400000US06037125600","Census Tract 1256; Los Angeles County; California","165333","44250",
"1400000US06037127102","Census Tract 1271.02; Los Angeles County; California","60441","23686",
"1400000US06037127103","Census Tract 1271.03; Los Angeles County; California","61154","21913",
"1400000US06037127104","Census Tract 1271.04; Los Angeles County; California","62973","26571",
"1400000US06037127210","Census Tract 1272.10; Los Angeles County; California","70221","19868",
"1400000US06037127220","Census Tract 1272.20; Los Angeles County; California","46843","6266",
"1400000US06037127300","Census Tract 1273; Los Angeles County; California","101458","47590",
"1400000US06037127400","Census Tract 1274; Los Angeles County; California","73263","12035",
"1400000US06037127520","Census Tract 1275.20; Los Angeles County; California","51186","3846",
"1400000US06037127603","Census Tract 1276.03; Los Angeles County; California","45885","15149",
"1400000US06037127604","Census Tract 1276.04; Los Angeles County; California","56510","14790",
"1400000US06037127605","Census Tract 1276.05; Los Angeles County; California","72500","23558",
"1400000US06037127606","Census Tract 1276.06; Los Angeles County; California","64345","36261",
"1400000US06037127711","Census Tract 1277.11; Los Angeles County; California","99896","18485",
"1400000US06037127712","Census Tract 1277.12; Los Angeles County; California","66336","32825",
"1400000US06037127803","Census Tract 1278.03; Los Angeles County; California","99375","45658",
"1400000US06037127804","Census Tract 1278.04; Los Angeles County; California","70148","13083",
"1400000US06037127805","Census Tract 1278.05; Los Angeles County; California","64038","19308",
"1400000US06037127806","Census Tract 1278.06; Los Angeles County; California","87745","20832",
"1400000US06037127910","Census Tract 1279.10; Los Angeles County; California","72964","18767",
"1400000US06037127920","Census Tract 1279.20; Los Angeles County; California","76050","16019",
"1400000US06037128101","Census Tract 1281.01; Los Angeles County; California","100000","10124",
"1400000US06037128102","Census Tract 1281.02; Los Angeles County; California","59315","11402",
"1400000US06037128210","Census Tract 1282.10; Los Angeles County; California","43851","16783",
"1400000US06037128220","Census Tract 1282.20; Los Angeles County; California","57159","13406",
"1400000US06037128302","Census Tract 1283.02; Los Angeles County; California","44615","11599",
"1400000US06037128303","Census Tract 1283.03; Los Angeles County; California","32472","17356",
"1400000US06037128400","Census Tract 1284; Los Angeles County; California","137447","51711",
"1400000US06037128500","Census Tract 1285; Los Angeles County; California","127440","30922",
"1400000US06037128601","Census Tract 1286.01; Los Angeles County; California","80060","12168",
"1400000US06037128602","Census Tract 1286.02; Los Angeles County; California","150833","28236",
"1400000US06037128703","Census Tract 1287.03; Los Angeles County; California","136102","15809",
"1400000US06037128704","Census Tract 1287.04; Los Angeles County; California","170917","34162",
"1400000US06037128801","Census Tract 1288.01; Los Angeles County; California","150202","39557",
"1400000US06037128802","Census Tract 1288.02; Los Angeles County; California","148897","61983",
"1400000US06037128910","Census Tract 1289.10; Los Angeles County; California","144479","29379",
"1400000US06037131021","Census Tract 1310.21; Los Angeles County; California","61890","14722",
"1400000US06037131022","Census Tract 1310.22; Los Angeles County; California","85500","32907",
"1400000US06037131023","Census Tract 1310.23; Los Angeles County; California","84063","54437",
"1400000US06037131024","Census Tract 1310.24; Los Angeles County; California","105000","37469",
"1400000US06037131100","Census Tract 1311; Los Angeles County; California","120594","27078",
"1400000US06037131200","Census Tract 1312; Los Angeles County; California","177785","42616",
"1400000US06037131300","Census Tract 1313; Los Angeles County; California","108125","35951",
"1400000US06037131400","Census Tract 1314; Los Angeles County; California","115956","28816",
"1400000US06037131600","Census Tract 1316; Los Angeles County; California","88295","23585",
"1400000US06037131701","Census Tract 1317.01; Los Angeles County; California","75988","34786",
"1400000US06037131702","Census Tract 1317.02; Los Angeles County; California","76082","5223",
"1400000US06037131801","Census Tract 1318.01; Los Angeles County; California","60653","6609",
"1400000US06037131802","Census Tract 1318.02; Los Angeles County; California","100075","25067",
"1400000US06037131900","Census Tract 1319; Los Angeles County; California","138424","37449",
"1400000US06037132001","Census Tract 1320.01; Los Angeles County; California","134500","22808",
"1400000US06037132002","Census Tract 1320.02; Los Angeles County; California","102428","11597",
"1400000US06037132101","Census Tract 1321.01; Los Angeles County; California","70850","66683",
"1400000US06037132102","Census Tract 1321.02; Los Angeles County; California","98500","23790",
"1400000US06037132301","Census Tract 1323.01; Los Angeles County; California","62684","8802",
"1400000US06037132302","Census Tract 1323.02; Los Angeles County; California","108725","26070",
"1400000US06037132501","Census Tract 1325.01; Los Angeles County; California","92425","6919",
"1400000US06037132502","Census Tract 1325.02; Los Angeles County; California","73097","20865",
"1400000US06037132700","Census Tract 1327; Los Angeles County; California","90750","24714",
"1400000US06037132900","Census Tract 1329; Los Angeles County; California","131161","58154",
"1400000US06037133000","Census Tract 1330; Los Angeles County; California","109167","19725",
"1400000US06037133101","Census Tract 1331.01; Los Angeles County; California","112019","11889",
"1400000US06037133102","Census Tract 1331.02; Los Angeles County; California","83173","12808",
"1400000US06037134001","Census Tract 1340.01; Los Angeles County; California","88708","14352",
"1400000US06037134002","Census Tract 1340.02; Los Angeles County; California","91786","42528",
"1400000US06037134101","Census Tract 1341.01; Los Angeles County; California","112723","69924",
"1400000US06037134103","Census Tract 1341.03; Los Angeles County; California","97721","26384",
"1400000US06037134104","Census Tract 1341.04; Los Angeles County; California","73250","16885",
"1400000US06037134201","Census Tract 1342.01; Los Angeles County; California","111875","25590",
"1400000US06037134302","Census Tract 1343.02; Los Angeles County; California","142031","53897",
"1400000US06037134303","Census Tract 1343.03; Los Angeles County; California","131161","25904",
"1400000US06037134304","Census Tract 1343.04; Los Angeles County; California","79375","30996",
"1400000US06037134305","Census Tract 1343.05; Los Angeles County; California","62105","24655",
"1400000US06037134306","Census Tract 1343.06; Los Angeles County; California","65708","27323",
"1400000US06037134421","Census Tract 1344.21; Los Angeles County; California","152000","39435",
"1400000US06037134422","Census Tract 1344.22; Los Angeles County; California","181705","24677",
"1400000US06037134423","Census Tract 1344.23; Los Angeles County; California","167857","25818",
"1400000US06037134424","Census Tract 1344.24; Los Angeles County; California","155978","46564",
"1400000US06037134520","Census Tract 1345.20; Los Angeles County; California","52450","9790",
"1400000US06037134521","Census Tract 1345.21; Los Angeles County; California","46635","11275",
"1400000US06037134522","Census Tract 1345.22; Los Angeles County; California","67891","20313",
"1400000US06037134710","Census Tract 1347.10; Los Angeles County; California","54801","13433",
"1400000US06037134720","Census Tract 1347.20; Los Angeles County; California","122213","6995",
"1400000US06037134801","Census Tract 1348.01; Los Angeles County; California","121667","31523",
"1400000US06037134802","Census Tract 1348.02; Los Angeles County; California","74243","23426",
"1400000US06037134901","Census Tract 1349.01; Los Angeles County; California","86563","28534",
"1400000US06037134904","Census Tract 1349.04; Los Angeles County; California","101719","42711",
"1400000US06037134905","Census Tract 1349.05; Los Angeles County; California","150357","29249",
"1400000US06037134906","Census Tract 1349.06; Los Angeles County; California","87083","49617",
"1400000US06037134907","Census Tract 1349.07; Los Angeles County; California","108182","66542",
"1400000US06037135102","Census Tract 1351.02; Los Angeles County; California","158162","14769",
"1400000US06037135111","Census Tract 1351.11; Los Angeles County; California","110240","24065",
"1400000US06037135113","Census Tract 1351.13; Los Angeles County; California","157070","35323",
"1400000US06037135115","Census Tract 1351.15; Los Angeles County; California","113554","21374",
"1400000US06037135116","Census Tract 1351.16; Los Angeles County; California","59450","25629",
"1400000US06037135201","Census Tract 1352.01; Los Angeles County; California","129448","24934",
"1400000US06037135202","Census Tract 1352.02; Los Angeles County; California","159412","37847",
"1400000US06037135204","Census Tract 1352.04; Los Angeles County; California","141065","21271",
"1400000US06037135205","Census Tract 1352.05; Los Angeles County; California","151207","57262",
"1400000US06037137000","Census Tract 1370; Los Angeles County; California","149313","78403",
"1400000US06037137103","Census Tract 1371.03; Los Angeles County; California","105655","34122",
"1400000US06037137104","Census Tract 1371.04; Los Angeles County; California","138902","31643",
"1400000US06037137202","Census Tract 1372.02; Los Angeles County; California","104375","52684",
"1400000US06037137203","Census Tract 1372.03; Los Angeles County; California","161231","20803",
"1400000US06037137301","Census Tract 1373.01; Los Angeles County; California","192750","14079",
"1400000US06037137302","Census Tract 1373.02; Los Angeles County; California","192344","35997",
"1400000US06037137401","Census Tract 1374.01; Los Angeles County; California","183333","67089",
"1400000US06037137402","Census Tract 1374.02; Los Angeles County; California","173465","44392",
"1400000US06037137501","Census Tract 1375.01; Los Angeles County; California","126250","21293",
"1400000US06037137502","Census Tract 1375.02; Los Angeles County; California","162153","54590",
"1400000US06037137504","Census Tract 1375.04; Los Angeles County; California","236750","55798",
"1400000US06037138000","Census Tract 1380; Los Angeles County; California","144688","41045",
"1400000US06037139001","Census Tract 1390.01; Los Angeles County; California","143257","63326",
"1400000US06037139200","Census Tract 1392; Los Angeles County; California","104564","48936",
"1400000US06037139301","Census Tract 1393.01; Los Angeles County; California","183674","32383",
"1400000US06037139302","Census Tract 1393.02; Los Angeles County; California","80439","9120",
"1400000US06037139303","Census Tract 1393.03; Los Angeles County; California","73309","20660",
"1400000US06037139401","Census Tract 1394.01; Los Angeles County; California","100625","51996",
"1400000US06037139402","Census Tract 1394.02; Los Angeles County; California","192500","69807",
"1400000US06037139502","Census Tract 1395.02; Los Angeles County; California","162969","16427",
"1400000US06037139504","Census Tract 1395.04; Los Angeles County; California","75424","20346",
"1400000US06037139505","Census Tract 1395.05; Los Angeles County; California","77301","18021",
"1400000US06037139506","Census Tract 1395.06; Los Angeles County; California","72103","51842",
"1400000US06037139600","Census Tract 1396; Los Angeles County; California","126615","25210",
"1400000US06037139701","Census Tract 1397.01; Los Angeles County; California","250,000+","***",
"1400000US06037139703","Census Tract 1397.03; Los Angeles County; California","242417","66371",
"1400000US06037139704","Census Tract 1397.04; Los Angeles County; California","146705","49803",
"1400000US06037139705","Census Tract 1397.05; Los Angeles County; California","250,000+","***",
"1400000US06037139801","Census Tract 1398.01; Los Angeles County; California","225583","20095",
"1400000US06037139802","Census Tract 1398.02; Los Angeles County; California","231010","17977",
"1400000US06037141101","Census Tract 1411.01; Los Angeles County; California","158000","67353",
"1400000US06037141102","Census Tract 1411.02; Los Angeles County; California","163547","69132",
"1400000US06037141201","Census Tract 1412.01; Los Angeles County; California","123409","33532",
"1400000US06037141202","Census Tract 1412.02; Los Angeles County; California","152222","108083",
"1400000US06037141303","Census Tract 1413.03; Los Angeles County; California","90278","48079",
"1400000US06037141304","Census Tract 1413.04; Los Angeles County; California","159063","98016",
"1400000US06037141305","Census Tract 1413.05; Los Angeles County; California","136652","22450",
"1400000US06037141306","Census Tract 1413.06; Los Angeles County; California","118081","29077",
"1400000US06037141400","Census Tract 1414; Los Angeles County; California","141563","130152",
"1400000US06037141500","Census Tract 1415; Los Angeles County; California","215785","41054",
"1400000US06037141600","Census Tract 1416; Los Angeles County; California","250,000+","***",
"1400000US06037141700","Census Tract 1417; Los Angeles County; California","250,000+","***",
"1400000US06037143101","Census Tract 1431.01; Los Angeles County; California","-","**",
"1400000US06037143102","Census Tract 1431.02; Los Angeles County; California","176039","26598",
"1400000US06037143200","Census Tract 1432; Los Angeles County; California","114675","34884",
"1400000US06037143301","Census Tract 1433.01; Los Angeles County; California","131731","85138",
"1400000US06037143302","Census Tract 1433.02; Los Angeles County; California","196816","14362",
"1400000US06037143401","Census Tract 1434.01; Los Angeles County; California","174135","91494",
"1400000US06037143402","Census Tract 1434.02; Los Angeles County; California","192237","86811",
"1400000US06037143500","Census Tract 1435; Los Angeles County; California","216136","37499",
"1400000US06037143602","Census Tract 1436.02; Los Angeles County; California","250,000+","***",
"1400000US06037143603","Census Tract 1436.03; Los Angeles County; California","140697","27229",
"1400000US06037143605","Census Tract 1436.05; Los Angeles County; California","118640","26981",
"1400000US06037143606","Census Tract 1436.06; Los Angeles County; California","127083","61982",
"1400000US06037143700","Census Tract 1437; Los Angeles County; California","227333","93353",
"1400000US06037143801","Census Tract 1438.01; Los Angeles County; California","231648","78145",
"1400000US06037143802","Census Tract 1438.02; Los Angeles County; California","164177","49756",
"1400000US06037143901","Census Tract 1439.01; Los Angeles County; California","179476","62151",
"1400000US06037143902","Census Tract 1439.02; Los Angeles County; California","216705","74989",
"1400000US06037181000","Census Tract 1810; Los Angeles County; California","193029","78064",
"1400000US06037181300","Census Tract 1813; Los Angeles County; California","152237","20649",
"1400000US06037181400","Census Tract 1814; Los Angeles County; California","131458","33896",
"1400000US06037181500","Census Tract 1815; Los Angeles County; California","150517","34210",
"1400000US06037181600","Census Tract 1816; Los Angeles County; California","147688","50388",
"1400000US06037183101","Census Tract 1831.01; Los Angeles County; California","143889","128436",
"1400000US06037183103","Census Tract 1831.03; Los Angeles County; California","109861","29223",
"1400000US06037183104","Census Tract 1831.04; Los Angeles County; California","112072","31952",
"1400000US06037183220","Census Tract 1832.20; Los Angeles County; California","103542","35686",
"1400000US06037183221","Census Tract 1832.21; Los Angeles County; California","165608","49267",
"1400000US06037183222","Census Tract 1832.22; Los Angeles County; California","140848","29415",
"1400000US06037183300","Census Tract 1833; Los Angeles County; California","111563","30660",
"1400000US06037183401","Census Tract 1834.01; Los Angeles County; California","106719","20009",
"1400000US06037183402","Census Tract 1834.02; Los Angeles County; California","122708","25794",
"1400000US06037183510","Census Tract 1835.10; Los Angeles County; California","113843","19271",
"1400000US06037183520","Census Tract 1835.20; Los Angeles County; California","70262","10109",
"1400000US06037183610","Census Tract 1836.10; Los Angeles County; California","93125","35095",
"1400000US06037183620","Census Tract 1836.20; Los Angeles County; California","105234","31337",
"1400000US06037183701","Census Tract 1837.01; Los Angeles County; California","58929","24480",
"1400000US06037183702","Census Tract 1837.02; Los Angeles County; California","110087","17472",
"1400000US06037183810","Census Tract 1838.10; Los Angeles County; California","56319","29360",
"1400000US06037183820","Census Tract 1838.20; Los Angeles County; California","77862","12663",
"1400000US06037185101","Census Tract 1851.01; Los Angeles County; California","63889","43260",
"1400000US06037185102","Census Tract 1851.02; Los Angeles County; California","178372","119022",
"1400000US06037185202","Census Tract 1852.02; Los Angeles County; California","145906","44285",
"1400000US06037185203","Census Tract 1852.03; Los Angeles County; California","85947","7968",
"1400000US06037185204","Census Tract 1852.04; Los Angeles County; California","167500","43671",
"1400000US06037185310","Census Tract 1853.10; Los Angeles County; California","85000","24334",
"1400000US06037185320","Census Tract 1853.20; Los Angeles County; California","71635","50240",
"1400000US06037186100","Census Tract 1861; Los Angeles County; California","130139","42114",
"1400000US06037186201","Census Tract 1862.01; Los Angeles County; California","148851","49542",
"1400000US06037186202","Census Tract 1862.02; Los Angeles County; California","103313","21532",
"1400000US06037186203","Census Tract 1862.03; Los Angeles County; California","155000","37967",
"1400000US06037186301","Census Tract 1863.01; Los Angeles County; California","71208","4736",
"1400000US06037186302","Census Tract 1863.02; Los Angeles County; California","107632","42079",
"1400000US06037186401","Census Tract 1864.01; Los Angeles County; California","62857","10425",
"1400000US06037186403","Census Tract 1864.03; Los Angeles County; California","104625","20381",
"1400000US06037186404","Census Tract 1864.04; Los Angeles County; California","73315","18299",
"1400000US06037187101","Census Tract 1871.01; Los Angeles County; California","81181","18767",
"1400000US06037187102","Census Tract 1871.02; Los Angeles County; California","86667","25681",
"1400000US06037187200","Census Tract 1872; Los Angeles County; California","80481","25588",
"1400000US06037187300","Census Tract 1873; Los Angeles County; California","137147","38467",
"1400000US06037188100","Census Tract 1881; Los Angeles County; California","92422","37138",
"1400000US06037188201","Census Tract 1882.01; Los Angeles County; California","136094","59336",
"1400000US06037188202","Census Tract 1882.02; Los Angeles County; California","250,000+","***",
"1400000US06037188300","Census Tract 1883; Los Angeles County; California","123832","13569",
"1400000US06037189101","Census Tract 1891.01; Los Angeles County; California","148182","32727",
"1400000US06037189102","Census Tract 1891.02; Los Angeles County; California","173235","29482",
"1400000US06037189201","Census Tract 1892.01; Los Angeles County; California","100750","58776",
"1400000US06037189202","Census Tract 1892.02; Los Angeles County; California","208649","29722",
"1400000US06037189300","Census Tract 1893; Los Angeles County; California","250,000+","***",
"1400000US06037189400","Census Tract 1894; Los Angeles County; California","151230","13684",
"1400000US06037189501","Census Tract 1895.01; Los Angeles County; California","193333","93388",
"1400000US06037189502","Census Tract 1895.02; Los Angeles County; California","77014","60087",
"1400000US06037189600","Census Tract 1896; Los Angeles County; California","171548","78847",
"1400000US06037189702","Census Tract 1897.02; Los Angeles County; California","94337","42324",
"1400000US06037189703","Census Tract 1897.03; Los Angeles County; California","103636","95167",
"1400000US06037189704","Census Tract 1897.04; Los Angeles County; California","156250","143904",
"1400000US06037189801","Census Tract 1898.01; Los Angeles County; California","130000","122752",
"1400000US06037189802","Census Tract 1898.02; Los Angeles County; California","-","**",
"1400000US06037189903","Census Tract 1899.03; Los Angeles County; California","92917","50176",
"1400000US06037189904","Census Tract 1899.04; Los Angeles County; California","39870","12099",
"1400000US06037189905","Census Tract 1899.05; Los Angeles County; California","-","**",
"1400000US06037189906","Census Tract 1899.06; Los Angeles County; California","95762","59097",
"1400000US06037189907","Census Tract 1899.07; Los Angeles County; California","93882","21033",
"1400000US06037190101","Census Tract 1901.01; Los Angeles County; California","76417","27177",
"1400000US06037190102","Census Tract 1901.02; Los Angeles County; California","85714","57215",
"1400000US06037190201","Census Tract 1902.01; Los Angeles County; California","51708","22921",
"1400000US06037190202","Census Tract 1902.02; Los Angeles County; California","-","**",
"1400000US06037190302","Census Tract 1903.02; Los Angeles County; California","87224","83034",
"1400000US06037190303","Census Tract 1903.03; Los Angeles County; California","87047","21106",
"1400000US06037190401","Census Tract 1904.01; Los Angeles County; California","69696","38009",
"1400000US06037190402","Census Tract 1904.02; Los Angeles County; California","87628","23740",
"1400000US06037190510","Census Tract 1905.10; Los Angeles County; California","56477","24329",
"1400000US06037190520","Census Tract 1905.20; Los Angeles County; California","55594","23755",
"1400000US06037190701","Census Tract 1907.01; Los Angeles County; California","62422","32534",
"1400000US06037190702","Census Tract 1907.02; Los Angeles County; California","132292","65502",
"1400000US06037190801","Census Tract 1908.01; Los Angeles County; California","59692","13659",
"1400000US06037190802","Census Tract 1908.02; Los Angeles County; California","71205","15121",
"1400000US06037190901","Census Tract 1909.01; Los Angeles County; California","44858","17337",
"1400000US06037190902","Census Tract 1909.02; Los Angeles County; California","99773","42447",
"1400000US06037191000","Census Tract 1910; Los Angeles County; California","112340","24242",
"1400000US06037191110","Census Tract 1911.10; Los Angeles County; California","62200","21515",
"1400000US06037191120","Census Tract 1911.20; Los Angeles County; California","62250","16648",
"1400000US06037191201","Census Tract 1912.01; Los Angeles County; California","41863","12584",
"1400000US06037191203","Census Tract 1912.03; Los Angeles County; California","76250","38722",
"1400000US06037191204","Census Tract 1912.04; Los Angeles County; California","71691","18877",
"1400000US06037191301","Census Tract 1913.01; Los Angeles County; California","89250","22744",
"1400000US06037191302","Census Tract 1913.02; Los Angeles County; California","42297","19393",
"1400000US06037191410","Census Tract 1914.10; Los Angeles County; California","57297","6904",
"1400000US06037191420","Census Tract 1914.20; Los Angeles County; California","75948","11750",
"1400000US06037191500","Census Tract 1915; Los Angeles County; California","73125","18178",
"1400000US06037191610","Census Tract 1916.10; Los Angeles County; California","61331","12298",
"1400000US06037191620","Census Tract 1916.20; Los Angeles County; California","59545","20228",
"1400000US06037191710","Census Tract 1917.10; Los Angeles County; California","29985","20484",
"1400000US06037191720","Census Tract 1917.20; Los Angeles County; California","64238","11990",
"1400000US06037191810","Census Tract 1918.10; Los Angeles County; California","69343","10011",
"1400000US06037191820","Census Tract 1918.20; Los Angeles County; California","-","**",
"1400000US06037191901","Census Tract 1919.01; Los Angeles County; California","-","**",
"1400000US06037191902","Census Tract 1919.02; Los Angeles County; California","145000","56698",
"1400000US06037192001","Census Tract 1920.01; Los Angeles County; California","119375","20224",
"1400000US06037192002","Census Tract 1920.02; Los Angeles County; California","158958","81535",
"1400000US06037192300","Census Tract 1923; Los Angeles County; California","146250","81677",
"1400000US06037192410","Census Tract 1924.10; Los Angeles County; California","250,000+","***",
"1400000US06037192420","Census Tract 1924.20; Los Angeles County; California","112500","35987",
"1400000US06037192510","Census Tract 1925.10; Los Angeles County; California","61382","36041",
"1400000US06037192520","Census Tract 1925.20; Los Angeles County; California","64472","7848",
"1400000US06037192610","Census Tract 1926.10; Los Angeles County; California","51458","20019",
"1400000US06037192620","Census Tract 1926.20; Los Angeles County; California","48865","4430",
"1400000US06037192700","Census Tract 1927; Los Angeles County; California","74922","18034",
"1400000US06037194101","Census Tract 1941.01; Los Angeles County; California","138750","68477",
"1400000US06037194102","Census Tract 1941.02; Los Angeles County; California","250,000+","***",
"1400000US06037194200","Census Tract 1942; Los Angeles County; California","250,000+","***",
"1400000US06037194300","Census Tract 1943; Los Angeles County; California","250,000+","***",
"1400000US06037194401","Census Tract 1944.01; Los Angeles County; California","-","**",
"1400000US06037194402","Census Tract 1944.02; Los Angeles County; California","132120","96695",
"1400000US06037194500","Census Tract 1945; Los Angeles County; California","221250","45733",
"1400000US06037195100","Census Tract 1951; Los Angeles County; California","250,000+","***",
"1400000US06037195201","Census Tract 1952.01; Los Angeles County; California","121923","43647",
"1400000US06037195202","Census Tract 1952.02; Los Angeles County; California","223250","33198",
"1400000US06037195300","Census Tract 1953; Los Angeles County; California","117981","8093",
"1400000US06037195400","Census Tract 1954; Los Angeles County; California","166316","127694",
"1400000US06037195500","Census Tract 1955; Los Angeles County; California","161992","89570",
"1400000US06037195600","Census Tract 1956; Los Angeles County; California","76905","23001",
"1400000US06037195710","Census Tract 1957.10; Los Angeles County; California","62639","12065",
"1400000US06037195720","Census Tract 1957.20; Los Angeles County; California","65921","20573",
"1400000US06037195802","Census Tract 1958.02; Los Angeles County; California","116375","42213",
"1400000US06037195803","Census Tract 1958.03; Los Angeles County; California","78068","56916",
"1400000US06037195804","Census Tract 1958.04; Los Angeles County; California","98140","17749",
"1400000US06037195901","Census Tract 1959.01; Los Angeles County; California","99489","51268",
"1400000US06037195902","Census Tract 1959.02; Los Angeles County; California","154816","67810",
"1400000US06037195903","Census Tract 1959.03; Los Angeles County; California","99712","42187",
"1400000US06037197200","Census Tract 1972; Los Angeles County; California","112209","19865",
"1400000US06037197300","Census Tract 1973; Los Angeles County; California","120556","16454",
"1400000US06037197410","Census Tract 1974.10; Los Angeles County; California","142917","42420",
"1400000US06037197420","Census Tract 1974.20; Los Angeles County; California","66776","27804",
"1400000US06037197500","Census Tract 1975; Los Angeles County; California","65656","17801",
"1400000US06037197600","Census Tract 1976; Los Angeles County; California","88269","72184",
"1400000US06037197700","Census Tract 1977; Los Angeles County; California","52969","17894",
"1400000US06037199001","Census Tract 1990.01; Los Angeles County; California","54950","12004",
"1400000US06037199002","Census Tract 1990.02; Los Angeles County; California","71875","25754",
"1400000US06037199110","Census Tract 1991.10; Los Angeles County; California","80463","30012",
"1400000US06037199120","Census Tract 1991.20; Los Angeles County; California","41404","14612",
"1400000US06037199201","Census Tract 1992.01; Los Angeles County; California","55900","13510",
"1400000US06037199202","Census Tract 1992.02; Los Angeles County; California","101207","15609",
"1400000US06037199300","Census Tract 1993; Los Angeles County; California","130313","45095",
"1400000US06037199400","Census Tract 1994; Los Angeles County; California","42372","26279",
"1400000US06037199700","Census Tract 1997; Los Angeles County; California","53371","5093",
"1400000US06037199801","Census Tract 1998.01; Los Angeles County; California","62253","13228",
"1400000US06037199802","Census Tract 1998.02; Los Angeles County; California","59375","16045",
"1400000US06037199900","Census Tract 1999; Los Angeles County; California","55438","24127",
"1400000US06037201110","Census Tract 2011.10; Los Angeles County; California","104620","30112",
"1400000US06037201120","Census Tract 2011.20; Los Angeles County; California","118700","52041",
"1400000US06037201200","Census Tract 2012; Los Angeles County; California","103690","7758",
"1400000US06037201301","Census Tract 2013.01; Los Angeles County; California","117500","70904",
"1400000US06037201302","Census Tract 2013.02; Los Angeles County; California","121222","9805",
"1400000US06037201401","Census Tract 2014.01; Los Angeles County; California","69583","20711",
"1400000US06037201402","Census Tract 2014.02; Los Angeles County; California","73750","27834",
"1400000US06037201501","Census Tract 2015.01; Los Angeles County; California","72344","24012",
"1400000US06037201503","Census Tract 2015.03; Los Angeles County; California","70917","15258",
"1400000US06037201504","Census Tract 2015.04; Los Angeles County; California","107717","24017",
"1400000US06037201601","Census Tract 2016.01; Los Angeles County; California","89659","32526",
"1400000US06037201602","Census Tract 2016.02; Los Angeles County; California","92857","24239",
"1400000US06037201700","Census Tract 2017; Los Angeles County; California","74773","16095",
"1400000US06037203100","Census Tract 2031; Los Angeles County; California","66536","19473",
"1400000US06037203200","Census Tract 2032; Los Angeles County; California","58695","12022",
"1400000US06037203300","Census Tract 2033; Los Angeles County; California","45245","6042",
"1400000US06037203500","Census Tract 2035; Los Angeles County; California","57097","14826",
"1400000US06037203601","Census Tract 2036.01; Los Angeles County; California","53953","22031",
"1400000US06037203602","Census Tract 2036.02; Los Angeles County; California","73321","41838",
"1400000US06037203710","Census Tract 2037.10; Los Angeles County; California","78977","13489",
"1400000US06037203720","Census Tract 2037.20; Los Angeles County; California","73646","26880",
"1400000US06037203800","Census Tract 2038; Los Angeles County; California","67951","11222",
"1400000US06037203900","Census Tract 2039; Los Angeles County; California","76875","20889",
"1400000US06037204110","Census Tract 2041.10; Los Angeles County; California","73438","18549",
"1400000US06037204120","Census Tract 2041.20; Los Angeles County; California","76528","35128",
"1400000US06037204200","Census Tract 2042; Los Angeles County; California","44261","10068",
"1400000US06037204300","Census Tract 2043; Los Angeles County; California","66327","10745",
"1400000US06037204410","Census Tract 2044.10; Los Angeles County; California","68594","50061",
"1400000US06037204420","Census Tract 2044.20; Los Angeles County; California","49211","8099",
"1400000US06037204600","Census Tract 2046; Los Angeles County; California","66699","6226",
"1400000US06037204700","Census Tract 2047; Los Angeles County; California","69250","25793",
"1400000US06037204810","Census Tract 2048.10; Los Angeles County; California","55791","8856",
"1400000US06037204820","Census Tract 2048.20; Los Angeles County; California","75114","20260",
"1400000US06037204910","Census Tract 2049.10; Los Angeles County; California","58710","16734",
"1400000US06037204920","Census Tract 2049.20; Los Angeles County; California","76193","15689",
"1400000US06037205110","Census Tract 2051.10; Los Angeles County; California","50587","5186",
"1400000US06037205120","Census Tract 2051.20; Los Angeles County; California","30057","12812",
"1400000US06037206010","Census Tract 2060.10; Los Angeles County; California","34119","29265",
"1400000US06037206020","Census Tract 2060.20; Los Angeles County; California","153281","5400",
"1400000US06037206050","Census Tract 2060.50; Los Angeles County; California","67067","17463",
"1400000US06037206051","Census Tract 2060.51; Los Angeles County; California","-","**",
"1400000US06037206052","Census Tract 2060.52; Los Angeles County; California","144375","45473",
"1400000US06037206053","Census Tract 2060.53; Los Angeles County; California","43348","13199",
"1400000US06037206054","Census Tract 2060.54; Los Angeles County; California","44875","43145",
"1400000US06037206201","Census Tract 2062.01; Los Angeles County; California","-","**",
"1400000US06037206202","Census Tract 2062.02; Los Angeles County; California","24161","18091",
"1400000US06037206301","Census Tract 2063.01; Los Angeles County; California","-","**",
"1400000US06037206302","Census Tract 2063.02; Los Angeles County; California","-","**",
"1400000US06037206303","Census Tract 2063.03; Los Angeles County; California","-","**",
"1400000US06037207101","Census Tract 2071.01; Los Angeles County; California","85096","32225",
"1400000US06037207102","Census Tract 2071.02; Los Angeles County; California","39647","11586",
"1400000US06037207103","Census Tract 2071.03; Los Angeles County; California","61042","38271",
"1400000US06037207303","Census Tract 2073.03; Los Angeles County; California","-","**",
"1400000US06037207304","Census Tract 2073.04; Los Angeles County; California","145175","69756",
"1400000US06037207305","Census Tract 2073.05; Los Angeles County; California","-","**",
"1400000US06037207306","Census Tract 2073.06; Los Angeles County; California","250,000+","***",
"1400000US06037207307","Census Tract 2073.07; Los Angeles County; California","180365","140804",
"1400000US06037207308","Census Tract 2073.08; Los Angeles County; California","138939","44190",
"1400000US06037207400","Census Tract 2074; Los Angeles County; California","110909","18992",
"1400000US06037207501","Census Tract 2075.01; Los Angeles County; California","128750","73497",
"1400000US06037207502","Census Tract 2075.02; Los Angeles County; California","39107","18338",
"1400000US06037207711","Census Tract 2077.11; Los Angeles County; California","204063","98207",
"1400000US06037207712","Census Tract 2077.12; Los Angeles County; California","103986","39865",
"1400000US06037207901","Census Tract 2079.01; Los Angeles County; California","96458","89714",
"1400000US06037207902","Census Tract 2079.02; Los Angeles County; California","190390","96515",
"1400000US06037208001","Census Tract 2080.01; Los Angeles County; California","91951","45802",
"1400000US06037208002","Census Tract 2080.02; Los Angeles County; California","51156","32142",
"1400000US06037208301","Census Tract 2083.01; Los Angeles County; California","40303","4126",
"1400000US06037208302","Census Tract 2083.02; Los Angeles County; California","60023","11819",
"1400000US06037208401","Census Tract 2084.01; Los Angeles County; California","41574","6763",
"1400000US06037208402","Census Tract 2084.02; Los Angeles County; California","78182","12332",
"1400000US06037208501","Census Tract 2085.01; Los Angeles County; California","89007","15203",
"1400000US06037208502","Census Tract 2085.02; Los Angeles County; California","61563","7217",
"1400000US06037208610","Census Tract 2086.10; Los Angeles County; California","65472","18551",
"1400000US06037208620","Census Tract 2086.20; Los Angeles County; California","64048","15221",
"1400000US06037208710","Census Tract 2087.10; Los Angeles County; California","69805","21507",
"1400000US06037208720","Census Tract 2087.20; Los Angeles County; California","39194","19379",
"1400000US06037208801","Census Tract 2088.01; Los Angeles County; California","49505","9098",
"1400000US06037208802","Census Tract 2088.02; Los Angeles County; California","64954","34118",
"1400000US06037208902","Census Tract 2089.02; Los Angeles County; California","35059","5567",
"1400000US06037208903","Census Tract 2089.03; Los Angeles County; California","27261","14281",
"1400000US06037208904","Census Tract 2089.04; Los Angeles County; California","29977","5980",
"1400000US06037209103","Census Tract 2091.03; Los Angeles County; California","32943","4557",
"1400000US06037209104","Census Tract 2091.04; Los Angeles County; California","47862","10642",
"1400000US06037209105","Census Tract 2091.05; Los Angeles County; California","34583","12181",
"1400000US06037209106","Census Tract 2091.06; Los Angeles County; California","70208","32997",
"1400000US06037209201","Census Tract 2092.01; Los Angeles County; California","97865","71990",
"1400000US06037209202","Census Tract 2092.02; Los Angeles County; California","28964","3802",
"1400000US06037209300","Census Tract 2093; Los Angeles County; California","29952","25124",
"1400000US06037209401","Census Tract 2094.01; Los Angeles County; California","48967","9251",
"1400000US06037209402","Census Tract 2094.02; Los Angeles County; California","40176","5316",
"1400000US06037209403","Census Tract 2094.03; Los Angeles County; California","36052","9620",
"1400000US06037209510","Census Tract 2095.10; Los Angeles County; California","41862","4410",
"1400000US06037209520","Census Tract 2095.20; Los Angeles County; California","44234","18326",
"1400000US06037209810","Census Tract 2098.10; Los Angeles County; California","36597","10997",
"1400000US06037209820","Census Tract 2098.20; Los Angeles County; California","64135","17258",
"1400000US06037210010","Census Tract 2100.10; Los Angeles County; California","41850","23335",
"1400000US06037211000","Census Tract 2110; Los Angeles County; California","211082","38267",
"1400000US06037211121","Census Tract 2111.21; Los Angeles County; California","54444","27965",
"1400000US06037211122","Census Tract 2111.22; Los Angeles County; California","75417","44522",
"1400000US06037211123","Census Tract 2111.23; Los Angeles County; California","78750","53569",
"1400000US06037211124","Census Tract 2111.24; Los Angeles County; California","58841","32304",
"1400000US06037211201","Census Tract 2112.01; Los Angeles County; California","75366","24022",
"1400000US06037211202","Census Tract 2112.02; Los Angeles County; California","51250","20809",
"1400000US06037211310","Census Tract 2113.10; Los Angeles County; California","45423","5126",
"1400000US06037211320","Census Tract 2113.20; Los Angeles County; California","61932","32870",
"1400000US06037211410","Census Tract 2114.10; Los Angeles County; California","57527","10384",
"1400000US06037211420","Census Tract 2114.20; Los Angeles County; California","71000","12839",
"1400000US06037211500","Census Tract 2115; Los Angeles County; California","102325","38809",
"1400000US06037211701","Census Tract 2117.01; Los Angeles County; California","132589","59509",
"1400000US06037211703","Census Tract 2117.03; Los Angeles County; California","73043","13707",
"1400000US06037211704","Census Tract 2117.04; Los Angeles County; California","92802","36694",
"1400000US06037211802","Census Tract 2118.02; Los Angeles County; California","51387","9690",
"1400000US06037211803","Census Tract 2118.03; Los Angeles County; California","62500","12713",
"1400000US06037211804","Census Tract 2118.04; Los Angeles County; California","52500","30876",
"1400000US06037211910","Census Tract 2119.10; Los Angeles County; California","59889","18490",
"1400000US06037211921","Census Tract 2119.21; Los Angeles County; California","50023","4336",
"1400000US06037211922","Census Tract 2119.22; Los Angeles County; California","51276","18252",
"1400000US06037212101","Census Tract 2121.01; Los Angeles County; California","60260","31813",
"1400000US06037212102","Census Tract 2121.02; Los Angeles County; California","41875","23460",
"1400000US06037212202","Census Tract 2122.02; Los Angeles County; California","60387","11805",
"1400000US06037212203","Census Tract 2122.03; Los Angeles County; California","53221","41363",
"1400000US06037212204","Census Tract 2122.04; Los Angeles County; California","57645","21691",
"1400000US06037212303","Census Tract 2123.03; Los Angeles County; California","48208","26405",
"1400000US06037212304","Census Tract 2123.04; Los Angeles County; California","44886","14686",
"1400000US06037212305","Census Tract 2123.05; Los Angeles County; California","52283","12319",
"1400000US06037212306","Census Tract 2123.06; Los Angeles County; California","54145","19946",
"1400000US06037212410","Census Tract 2124.10; Los Angeles County; California","51357","10951",
"1400000US06037212420","Census Tract 2124.20; Los Angeles County; California","51712","10338",
"1400000US06037212501","Census Tract 2125.01; Los Angeles County; California","70417","23774",
"1400000US06037212502","Census Tract 2125.02; Los Angeles County; California","88750","24584",
"1400000US06037212610","Census Tract 2126.10; Los Angeles County; California","71808","21207",
"1400000US06037212620","Census Tract 2126.20; Los Angeles County; California","64700","20371",
"1400000US06037212701","Census Tract 2127.01; Los Angeles County; California","91842","42345",
"1400000US06037212702","Census Tract 2127.02; Los Angeles County; California","144375","50241",
"1400000US06037212800","Census Tract 2128; Los Angeles County; California","130204","54535",
"1400000US06037212900","Census Tract 2129; Los Angeles County; California","70216","46964",
"1400000US06037213100","Census Tract 2131; Los Angeles County; California","67000","18999",
"1400000US06037213201","Census Tract 2132.01; Los Angeles County; California","42788","8899",
"1400000US06037213202","Census Tract 2132.02; Los Angeles County; California","66267","3132",
"1400000US06037213310","Census Tract 2133.10; Los Angeles County; California","68438","24885",
"1400000US06037213320","Census Tract 2133.20; Los Angeles County; California","50523","22347",
"1400000US06037213401","Census Tract 2134.01; Los Angeles County; California","51806","20158",
"1400000US06037213402","Census Tract 2134.02; Los Angeles County; California","54464","21811",
"1400000US06037214000","Census Tract 2140; Los Angeles County; California","210638","45412",
"1400000US06037214100","Census Tract 2141; Los Angeles County; California","209250","23781",
"1400000US06037214400","Census Tract 2144; Los Angeles County; California","150404","25194",
"1400000US06037214501","Census Tract 2145.01; Los Angeles County; California","114103","32555",
"1400000US06037214503","Census Tract 2145.03; Los Angeles County; California","108750","30081",
"1400000US06037214504","Census Tract 2145.04; Los Angeles County; California","69519","49427",
"1400000US06037214505","Census Tract 2145.05; Los Angeles County; California","106917","58915",
"1400000US06037214600","Census Tract 2146; Los Angeles County; California","179667","51278",
"1400000US06037214700","Census Tract 2147; Los Angeles County; California","149000","48278",
"1400000US06037214800","Census Tract 2148; Los Angeles County; California","170000","36954",
"1400000US06037214902","Census Tract 2149.02; Los Angeles County; California","160646","61728",
"1400000US06037214903","Census Tract 2149.03; Los Angeles County; California","103080","42663",
"1400000US06037214904","Census Tract 2149.04; Los Angeles County; California","250,000+","***",
"1400000US06037215101","Census Tract 2151.01; Los Angeles County; California","166750","70034",
"1400000US06037215102","Census Tract 2151.02; Los Angeles County; California","115572","3817",
"1400000US06037216100","Census Tract 2161; Los Angeles County; California","162529","18158",
"1400000US06037216201","Census Tract 2162.01; Los Angeles County; California","-","**",
"1400000US06037216202","Census Tract 2162.02; Los Angeles County; California","119861","106385",
"1400000US06037216301","Census Tract 2163.01; Los Angeles County; California","250,000+","***",
"1400000US06037216302","Census Tract 2163.02; Los Angeles County; California","130625","42416",
"1400000US06037216401","Census Tract 2164.01; Los Angeles County; California","110625","79421",
"1400000US06037216402","Census Tract 2164.02; Los Angeles County; California","104737","9027",
"1400000US06037216700","Census Tract 2167; Los Angeles County; California","139737","31746",
"1400000US06037216800","Census Tract 2168; Los Angeles County; California","176375","37758",
"1400000US06037216901","Census Tract 2169.01; Los Angeles County; California","174844","40338",
"1400000US06037216902","Census Tract 2169.02; Los Angeles County; California","-","**",
"1400000US06037217001","Census Tract 2170.01; Los Angeles County; California","137500","57426",
"1400000US06037217002","Census Tract 2170.02; Los Angeles County; California","104359","64921",
"1400000US06037217101","Census Tract 2171.01; Los Angeles County; California","129630","93871",
"1400000US06037217102","Census Tract 2171.02; Los Angeles County; California","112232","19349",
"1400000US06037217200","Census Tract 2172; Los Angeles County; California","87679","39600",
"1400000US06037218110","Census Tract 2181.10; Los Angeles County; California","59097","44944",
"1400000US06037218120","Census Tract 2181.20; Los Angeles County; California","47241","16959",
"1400000US06037218210","Census Tract 2182.10; Los Angeles County; California","58036","9857",
"1400000US06037218220","Census Tract 2182.20; Los Angeles County; California","77198","11544",
"1400000US06037218300","Census Tract 2183; Los Angeles County; California","79568","17391",
"1400000US06037218400","Census Tract 2184; Los Angeles County; California","98393","31649",
"1400000US06037218500","Census Tract 2185; Los Angeles County; California","93913","30512",
"1400000US06037218600","Census Tract 2186; Los Angeles County; California","78913","18437",
"1400000US06037218701","Census Tract 2187.01; Los Angeles County; California","100263","55043",
"1400000US06037218702","Census Tract 2187.02; Los Angeles County; California","61737","3429",
"1400000US06037218800","Census Tract 2188; Los Angeles County; California","52731","11413",
"1400000US06037218900","Census Tract 2189; Los Angeles County; California","76250","13361",
"1400000US06037219010","Census Tract 2190.10; Los Angeles County; California","118849","37031",
"1400000US06037219020","Census Tract 2190.20; Los Angeles County; California","69659","26099",
"1400000US06037219300","Census Tract 2193; Los Angeles County; California","68088","19412",
"1400000US06037219500","Census Tract 2195; Los Angeles County; California","124702","31663",
"1400000US06037219700","Census Tract 2197; Los Angeles County; California","86250","52300",
"1400000US06037219800","Census Tract 2198; Los Angeles County; California","73244","9082",
"1400000US06037219901","Census Tract 2199.01; Los Angeles County; California","69668","17087",
"1400000US06037219902","Census Tract 2199.02; Los Angeles County; California","126433","62534",
"1400000US06037220000","Census Tract 2200; Los Angeles County; California","66057","53974",
"1400000US06037220100","Census Tract 2201; Los Angeles County; California","98125","37570",
"1400000US06037221110","Census Tract 2211.10; Los Angeles County; California","48784","11313",
"1400000US06037221120","Census Tract 2211.20; Los Angeles County; California","48088","7250",
"1400000US06037221210","Census Tract 2212.10; Los Angeles County; California","67143","23373",
"1400000US06037221220","Census Tract 2212.20; Los Angeles County; California","40455","12887",
"1400000US06037221302","Census Tract 2213.02; Los Angeles County; California","50950","34827",
"1400000US06037221303","Census Tract 2213.03; Los Angeles County; California","55455","14509",
"1400000US06037221304","Census Tract 2213.04; Los Angeles County; California","62824","12452",
"1400000US06037221401","Census Tract 2214.01; Los Angeles County; California","62649","14516",
"1400000US06037221402","Census Tract 2214.02; Los Angeles County; California","77061","34128",
"1400000US06037221500","Census Tract 2215; Los Angeles County; California","56950","11947",
"1400000US06037221601","Census Tract 2216.01; Los Angeles County; California","70556","22173",
"1400000US06037221602","Census Tract 2216.02; Los Angeles County; California","56711","20403",
"1400000US06037221710","Census Tract 2217.10; Los Angeles County; California","56154","17010",
"1400000US06037221810","Census Tract 2218.10; Los Angeles County; California","33438","8288",
"1400000US06037221820","Census Tract 2218.20; Los Angeles County; California","86500","40856",
"1400000US06037221900","Census Tract 2219; Los Angeles County; California","43092","25940",
"1400000US06037222001","Census Tract 2220.01; Los Angeles County; California","78194","19243",
"1400000US06037222002","Census Tract 2220.02; Los Angeles County; California","72500","11608",
"1400000US06037222100","Census Tract 2221; Los Angeles County; California","59411","12613",
"1400000US06037222200","Census Tract 2222; Los Angeles County; California","85959","18709",
"1400000US06037222500","Census Tract 2225; Los Angeles County; California","83176","9004",
"1400000US06037222600","Census Tract 2226; Los Angeles County; California","68482","17239",
"1400000US06037222700","Census Tract 2227; Los Angeles County; California","112891","101440",
"1400000US06037224010","Census Tract 2240.10; Los Angeles County; California","43939","14302",
"1400000US06037224020","Census Tract 2240.20; Los Angeles County; California","36528","16359",
"1400000US06037224200","Census Tract 2242; Los Angeles County; California","53854","6685",
"1400000US06037224310","Census Tract 2243.10; Los Angeles County; California","57120","35608",
"1400000US06037224320","Census Tract 2243.20; Los Angeles County; California","36690","16718",
"1400000US06037224410","Census Tract 2244.10; Los Angeles County; California","46125","19355",
"1400000US06037224420","Census Tract 2244.20; Los Angeles County; California","28521","3734",
"1400000US06037224600","Census Tract 2246; Los Angeles County; California","52857","8564",
"1400000US06037224701","Census Tract 2247.01; Los Angeles County; California","-","**",
"1400000US06037224702","Census Tract 2247.02; Los Angeles County; California","-","**",
"1400000US06037226001","Census Tract 2260.01; Los Angeles County; California","32357","6966",
"1400000US06037226002","Census Tract 2260.02; Los Angeles County; California","94792","50806",
"1400000US06037226410","Census Tract 2264.10; Los Angeles County; California","45930","11914",
"1400000US06037226420","Census Tract 2264.20; Los Angeles County; California","51541","13563",
"1400000US06037226701","Census Tract 2267.01; Los Angeles County; California","42685","31913",
"1400000US06037226702","Census Tract 2267.02; Los Angeles County; California","57426","31377",
"1400000US06037227010","Census Tract 2270.10; Los Angeles County; California","49313","17632",
"1400000US06037227020","Census Tract 2270.20; Los Angeles County; California","68500","9034",
"1400000US06037228100","Census Tract 2281; Los Angeles County; California","46689","7694",
"1400000US06037228210","Census Tract 2282.10; Los Angeles County; California","70913","10443",
"1400000US06037228220","Census Tract 2282.20; Los Angeles County; California","51131","24861",
"1400000US06037228310","Census Tract 2283.10; Los Angeles County; California","47375","12662",
"1400000US06037228320","Census Tract 2283.20; Los Angeles County; California","50733","8345",
"1400000US06037228410","Census Tract 2284.10; Los Angeles County; California","53542","15011",
"1400000US06037228420","Census Tract 2284.20; Los Angeles County; California","53810","39233",
"1400000US06037228500","Census Tract 2285; Los Angeles County; California","35068","16747",
"1400000US06037228600","Census Tract 2286; Los Angeles County; California","50333","16468",
"1400000US06037228710","Census Tract 2287.10; Los Angeles County; California","69340","15961",
"1400000US06037228720","Census Tract 2287.20; Los Angeles County; California","52813","13717",
"1400000US06037228800","Census Tract 2288; Los Angeles County; California","52321","11885",
"1400000US06037228900","Census Tract 2289; Los Angeles County; California","39950","20164",
"1400000US06037229100","Census Tract 2291; Los Angeles County; California","69306","18053",
"1400000US06037229200","Census Tract 2292; Los Angeles County; California","52480","13826",
"1400000US06037229300","Census Tract 2293; Los Angeles County; California","59481","5002",
"1400000US06037229410","Census Tract 2294.10; Los Angeles County; California","54531","13609",
"1400000US06037229420","Census Tract 2294.20; Los Angeles County; California","61765","24225",
"1400000US06037231100","Census Tract 2311; Los Angeles County; California","49141","17187",
"1400000US06037231210","Census Tract 2312.10; Los Angeles County; California","44588","7670",
"1400000US06037231220","Census Tract 2312.20; Los Angeles County; California","41576","26387",
"1400000US06037231301","Census Tract 2313.01; Los Angeles County; California","49029","5185",
"1400000US06037231302","Census Tract 2313.02; Los Angeles County; California","58848","17288",
"1400000US06037231400","Census Tract 2314; Los Angeles County; California","78469","24380",
"1400000US06037231500","Census Tract 2315; Los Angeles County; California","104063","35588",
"1400000US06037231601","Census Tract 2316.01; Los Angeles County; California","91000","34364",
"1400000US06037231602","Census Tract 2316.02; Los Angeles County; California","74205","30795",
"1400000US06037231603","Census Tract 2316.03; Los Angeles County; California","71042","23095",
"1400000US06037231710","Census Tract 2317.10; Los Angeles County; California","50197","16986",
"1400000US06037231720","Census Tract 2317.20; Los Angeles County; California","52273","20743",
"1400000US06037231800","Census Tract 2318; Los Angeles County; California","45170","10571",
"1400000US06037231901","Census Tract 2319.01; Los Angeles County; California","76579","41075",
"1400000US06037231902","Census Tract 2319.02; Los Angeles County; California","33493","12294",
"1400000US06037232110","Census Tract 2321.10; Los Angeles County; California","67240","17909",
"1400000US06037232120","Census Tract 2321.20; Los Angeles County; California","55701","13034",
"1400000US06037232200","Census Tract 2322; Los Angeles County; California","87924","27077",
"1400000US06037232300","Census Tract 2323; Los Angeles County; California","101094","53684",
"1400000US06037232401","Census Tract 2324.01; Los Angeles County; California","64141","12950",
"1400000US06037232402","Census Tract 2324.02; Los Angeles County; California","72092","16272",
"1400000US06037232500","Census Tract 2325; Los Angeles County; California","75615","20000",
"1400000US06037232601","Census Tract 2326.01; Los Angeles County; California","61923","58749",
"1400000US06037232602","Census Tract 2326.02; Los Angeles County; California","75556","24282",
"1400000US06037232701","Census Tract 2327.01; Los Angeles County; California","76364","47424",
"1400000US06037232702","Census Tract 2327.02; Los Angeles County; California","69917","30907",
"1400000US06037232800","Census Tract 2328; Los Angeles County; California","55694","25898",
"1400000US06037234001","Census Tract 2340.01; Los Angeles County; California","93603","21537",
"1400000US06037234002","Census Tract 2340.02; Los Angeles County; California","71635","20467",
"1400000US06037234200","Census Tract 2342; Los Angeles County; California","114830","13642",
"1400000US06037234301","Census Tract 2343.01; Los Angeles County; California","118750","48000",
"1400000US06037234302","Census Tract 2343.02; Los Angeles County; California","82622","47154",
"1400000US06037234501","Census Tract 2345.01; Los Angeles County; California","83077","24685",
"1400000US06037234502","Census Tract 2345.02; Los Angeles County; California","44286","17832",
"1400000US06037234600","Census Tract 2346; Los Angeles County; California","97244","15873",
"1400000US06037234700","Census Tract 2347; Los Angeles County; California","96696","17689",
"1400000US06037234800","Census Tract 2348; Los Angeles County; California","85208","27221",
"1400000US06037234901","Census Tract 2349.01; Los Angeles County; California","51692","1512",
"1400000US06037234902","Census Tract 2349.02; Los Angeles County; California","46534","12053",
"1400000US06037235100","Census Tract 2351; Los Angeles County; California","120313","31706",
"1400000US06037235201","Census Tract 2352.01; Los Angeles County; California","68333","11910",
"1400000US06037235202","Census Tract 2352.02; Los Angeles County; California","56250","19150",
"1400000US06037236001","Census Tract 2360.01; Los Angeles County; California","176587","19408",
"1400000US06037236101","Census Tract 2361.01; Los Angeles County; California","105388","23693",
"1400000US06037236102","Census Tract 2361.02; Los Angeles County; California","82619","65891",
"1400000US06037236203","Census Tract 2362.03; Los Angeles County; California","48643","6520",
"1400000US06037236204","Census Tract 2362.04; Los Angeles County; California","64523","13977",
"1400000US06037236205","Census Tract 2362.05; Los Angeles County; California","-","**",
"1400000US06037236206","Census Tract 2362.06; Los Angeles County; California","81520","35477",
"1400000US06037236400","Census Tract 2364; Los Angeles County; California","114643","51114",
"1400000US06037237101","Census Tract 2371.01; Los Angeles County; California","66360","10503",
"1400000US06037237102","Census Tract 2371.02; Los Angeles County; California","54118","9535",
"1400000US06037237201","Census Tract 2372.01; Los Angeles County; California","57105","20599",
"1400000US06037237202","Census Tract 2372.02; Los Angeles County; California","45885","44926",
"1400000US06037237300","Census Tract 2373; Los Angeles County; California","102321","17212",
"1400000US06037237401","Census Tract 2374.01; Los Angeles County; California","86850","15670",
"1400000US06037237402","Census Tract 2374.02; Los Angeles County; California","83590","16080",
"1400000US06037237500","Census Tract 2375; Los Angeles County; California","46383","7166",
"1400000US06037237600","Census Tract 2376; Los Angeles County; California","60339","12461",
"1400000US06037237710","Census Tract 2377.10; Los Angeles County; California","50720","13962",
"1400000US06037237720","Census Tract 2377.20; Los Angeles County; California","57135","20193",
"1400000US06037237800","Census Tract 2378; Los Angeles County; California","75000","41202",
"1400000US06037237900","Census Tract 2379; Los Angeles County; California","69265","15395",
"1400000US06037238000","Census Tract 2380; Los Angeles County; California","90240","24018",
"1400000US06037238100","Census Tract 2381; Los Angeles County; California","101716","27442",
"1400000US06037238200","Census Tract 2382; Los Angeles County; California","61595","18035",
"1400000US06037238310","Census Tract 2383.10; Los Angeles County; California","57771","12111",
"1400000US06037238320","Census Tract 2383.20; Los Angeles County; California","34816","26211",
"1400000US06037238400","Census Tract 2384; Los Angeles County; California","115841","23212",
"1400000US06037239201","Census Tract 2392.01; Los Angeles County; California","46215","16623",
"1400000US06037239202","Census Tract 2392.02; Los Angeles County; California","52157","24286",
"1400000US06037239310","Census Tract 2393.10; Los Angeles County; California","52553","14326",
"1400000US06037239320","Census Tract 2393.20; Los Angeles County; California","60972","18175",
"1400000US06037239330","Census Tract 2393.30; Los Angeles County; California","72292","19974",
"1400000US06037239501","Census Tract 2395.01; Los Angeles County; California","62047","7434",
"1400000US06037239502","Census Tract 2395.02; Los Angeles County; California","60300","17451",
"1400000US06037239601","Census Tract 2396.01; Los Angeles County; California","57367","14317",
"1400000US06037239602","Census Tract 2396.02; Los Angeles County; California","44712","15299",
"1400000US06037239701","Census Tract 2397.01; Los Angeles County; California","42817","18195",
"1400000US06037239702","Census Tract 2397.02; Los Angeles County; California","71824","21341",
"1400000US06037239801","Census Tract 2398.01; Los Angeles County; California","75625","14311",
"1400000US06037239802","Census Tract 2398.02; Los Angeles County; California","59826","11785",
"1400000US06037240010","Census Tract 2400.10; Los Angeles County; California","46667","23178",
"1400000US06037240020","Census Tract 2400.20; Los Angeles County; California","49316","21496",
"1400000US06037240200","Census Tract 2402; Los Angeles County; California","63587","22619",
"1400000US06037240301","Census Tract 2403.01; Los Angeles County; California","62949","21859",
"1400000US06037240302","Census Tract 2403.02; Los Angeles County; California","62548","21599",
"1400000US06037240401","Census Tract 2404.01; Los Angeles County; California","46875","17828",
"1400000US06037240402","Census Tract 2404.02; Los Angeles County; California","79036","34493",
"1400000US06037240500","Census Tract 2405; Los Angeles County; California","64134","3812",
"1400000US06037240600","Census Tract 2406; Los Angeles County; California","63884","5462",
"1400000US06037240700","Census Tract 2407; Los Angeles County; California","61548","11900",
"1400000US06037240800","Census Tract 2408; Los Angeles County; California","67574","21488",
"1400000US06037240901","Census Tract 2409.01; Los Angeles County; California","58167","43222",
"1400000US06037240902","Census Tract 2409.02; Los Angeles County; California","50000","31490",
"1400000US06037241001","Census Tract 2410.01; Los Angeles County; California","91150","21804",
"1400000US06037241002","Census Tract 2410.02; Los Angeles County; California","66078","21321",
"1400000US06037241110","Census Tract 2411.10; Los Angeles County; California","68214","8473",
"1400000US06037241120","Census Tract 2411.20; Los Angeles County; California","54408","25184",
"1400000US06037241201","Census Tract 2412.01; Los Angeles County; California","61896","14283",
"1400000US06037241202","Census Tract 2412.02; Los Angeles County; California","70375","32384",
"1400000US06037241300","Census Tract 2413; Los Angeles County; California","65446","34842",
"1400000US06037241400","Census Tract 2414; Los Angeles County; California","79712","38567",
"1400000US06037242000","Census Tract 2420; Los Angeles County; California","53382","9497",
"1400000US06037242100","Census Tract 2421; Los Angeles County; California","34479","12447",
"1400000US06037242201","Census Tract 2422.01; Los Angeles County; California","73333","33894",
"1400000US06037242202","Census Tract 2422.02; Los Angeles County; California","57750","19387",
"1400000US06037242300","Census Tract 2423; Los Angeles County; California","55616","11509",
"1400000US06037242600","Census Tract 2426; Los Angeles County; California","28509","9577",
"1400000US06037242700","Census Tract 2427; Los Angeles County; California","57353","18231",
"1400000US06037243001","Census Tract 2430.01; Los Angeles County; California","57292","18812",
"1400000US06037243002","Census Tract 2430.02; Los Angeles County; California","78648","8639",
"1400000US06037243100","Census Tract 2431; Los Angeles County; California","38802","15343",
"1400000US06037261102","Census Tract 2611.02; Los Angeles County; California","250,000+","***",
"1400000US06037261103","Census Tract 2611.03; Los Angeles County; California","230741","34355",
"1400000US06037261104","Census Tract 2611.04; Los Angeles County; California","250,000+","***",
"1400000US06037261200","Census Tract 2612; Los Angeles County; California","225625","51843",
"1400000US06037262100","Census Tract 2621; Los Angeles County; California","250,000+","***",
"1400000US06037262200","Census Tract 2622; Los Angeles County; California","226591","56152",
"1400000US06037262301","Census Tract 2623.01; Los Angeles County; California","250,000+","***",
"1400000US06037262302","Census Tract 2623.02; Los Angeles County; California","250,000+","***",
"1400000US06037262303","Census Tract 2623.03; Los Angeles County; California","250,000+","***",
"1400000US06037262400","Census Tract 2624; Los Angeles County; California","250,000+","***",
"1400000US06037262501","Census Tract 2625.01; Los Angeles County; California","250,000+","***",
"1400000US06037262601","Census Tract 2626.01; Los Angeles County; California","250,000+","***",
"1400000US06037262604","Census Tract 2626.04; Los Angeles County; California","250,000+","***",
"1400000US06037262704","Census Tract 2627.04; Los Angeles County; California","247885","35551",
"1400000US06037262706","Census Tract 2627.06; Los Angeles County; California","250,000+","***",
"1400000US06037262802","Census Tract 2628.02; Los Angeles County; California","196544","64331",
"1400000US06037264000","Census Tract 2640; Los Angeles County; California","250,000+","***",
"1400000US06037264102","Census Tract 2641.02; Los Angeles County; California","250,000+","***",
"1400000US06037264103","Census Tract 2641.03; Los Angeles County; California","203264","36184",
"1400000US06037264303","Census Tract 2643.03; Los Angeles County; California","208750","78805",
"1400000US06037264304","Census Tract 2643.04; Los Angeles County; California","144306","87635",
"1400000US06037264305","Census Tract 2643.05; Los Angeles County; California","133000","67432",
"1400000US06037264306","Census Tract 2643.06; Los Angeles County; California","248125","155375",
"1400000US06037265100","Census Tract 2651; Los Angeles County; California","236750","58646",
"1400000US06037265201","Census Tract 2652.01; Los Angeles County; California","250,000+","***",
"1400000US06037265203","Census Tract 2652.03; Los Angeles County; California","209022","54718",
"1400000US06037265204","Census Tract 2652.04; Los Angeles County; California","163750","158046",
"1400000US06037265301","Census Tract 2653.01; Los Angeles County; California","-","**",
"1400000US06037265303","Census Tract 2653.03; Los Angeles County; California","-","**",
"1400000US06037265304","Census Tract 2653.04; Los Angeles County; California","-","**",
"1400000US06037265306","Census Tract 2653.06; Los Angeles County; California","-","**",
"1400000US06037265307","Census Tract 2653.07; Los Angeles County; California","202847","47075",
"1400000US06037265410","Census Tract 2654.10; Los Angeles County; California","250,000+","***",
"1400000US06037265420","Census Tract 2654.20; Los Angeles County; California","250,000+","***",
"1400000US06037265521","Census Tract 2655.21; Los Angeles County; California","215114","28701",
"1400000US06037265522","Census Tract 2655.22; Los Angeles County; California","-","**",
"1400000US06037265523","Census Tract 2655.23; Los Angeles County; California","167039","42038",
"1400000US06037265524","Census Tract 2655.24; Los Angeles County; California","106829","67039",
"1400000US06037265601","Census Tract 2656.01; Los Angeles County; California","151167","93420",
"1400000US06037265602","Census Tract 2656.02; Los Angeles County; California","153875","81573",
"1400000US06037265701","Census Tract 2657.01; Los Angeles County; California","250,000+","***",
"1400000US06037265702","Census Tract 2657.02; Los Angeles County; California","-","**",
"1400000US06037267101","Census Tract 2671.01; Los Angeles County; California","140313","35921",
"1400000US06037267102","Census Tract 2671.02; Los Angeles County; California","239500","70971",
"1400000US06037267201","Census Tract 2672.01; Los Angeles County; California","211172","55762",
"1400000US06037267202","Census Tract 2672.02; Los Angeles County; California","129950","43697",
"1400000US06037267300","Census Tract 2673; Los Angeles County; California","250,000+","***",
"1400000US06037267403","Census Tract 2674.03; Los Angeles County; California","99375","25114",
"1400000US06037267404","Census Tract 2674.04; Los Angeles County; California","80477","26237",
"1400000US06037267405","Census Tract 2674.05; Los Angeles County; California","172841","53634",
"1400000US06037267406","Census Tract 2674.06; Los Angeles County; California","130192","75853",
"1400000US06037267502","Census Tract 2675.02; Los Angeles County; California","124342","73790",
"1400000US06037267503","Census Tract 2675.03; Los Angeles County; California","-","**",
"1400000US06037267504","Census Tract 2675.04; Los Angeles County; California","138583","64399",
"1400000US06037267600","Census Tract 2676; Los Angeles County; California","77292","73580",
"1400000US06037267700","Census Tract 2677; Los Angeles County; California","205913","84709",
"1400000US06037267800","Census Tract 2678; Los Angeles County; California","201563","59574",
"1400000US06037267901","Census Tract 2679.01; Los Angeles County; California","154907","74553",
"1400000US06037267902","Census Tract 2679.02; Los Angeles County; California","250,000+","***",
"1400000US06037269000","Census Tract 2690; Los Angeles County; California","250,000+","***",
"1400000US06037269100","Census Tract 2691; Los Angeles County; California","130865","38210",
"1400000US06037269300","Census Tract 2693; Los Angeles County; California","250,000+","***",
"1400000US06037269500","Census Tract 2695; Los Angeles County; California","250,000+","***",
"1400000US06037269601","Census Tract 2696.01; Los Angeles County; California","52308","27912",
"1400000US06037269602","Census Tract 2696.02; Los Angeles County; California","91132","36070",
"1400000US06037269700","Census Tract 2697; Los Angeles County; California","122330","56169",
"1400000US06037269800","Census Tract 2698; Los Angeles County; California","188375","92857",
"1400000US06037269903","Census Tract 2699.03; Los Angeles County; California","83056","22856",
"1400000US06037269905","Census Tract 2699.05; Los Angeles County; California","173403","69976",
"1400000US06037269906","Census Tract 2699.06; Los Angeles County; California","152599","32710",
"1400000US06037269907","Census Tract 2699.07; Los Angeles County; California","136471","28710",
"1400000US06037269908","Census Tract 2699.08; Los Angeles County; California","130121","84852",
"1400000US06037269909","Census Tract 2699.09; Los Angeles County; California","103864","2935",
"1400000US06037270101","Census Tract 2701.01; Los Angeles County; California","115156","16277",
"1400000US06037270102","Census Tract 2701.02; Los Angeles County; California","106736","41208",
"1400000US06037270200","Census Tract 2702; Los Angeles County; California","71607","60773",
"1400000US06037270300","Census Tract 2703; Los Angeles County; California","133594","34638",
"1400000US06037271100","Census Tract 2711; Los Angeles County; California","165156","39044",
"1400000US06037271200","Census Tract 2712; Los Angeles County; California","192143","33509",
"1400000US06037271300","Census Tract 2713; Los Angeles County; California","149063","67918",
"1400000US06037271400","Census Tract 2714; Los Angeles County; California","192972","17658",
"1400000US06037271500","Census Tract 2715; Los Angeles County; California","137125","70769",
"1400000US06037271600","Census Tract 2716; Los Angeles County; California","119044","32284",
"1400000US06037271702","Census Tract 2717.02; Los Angeles County; California","128938","49822",
"1400000US06037271703","Census Tract 2717.03; Los Angeles County; California","134297","36324",
"1400000US06037271704","Census Tract 2717.04; Los Angeles County; California","240825","48630",
"1400000US06037271801","Census Tract 2718.01; Los Angeles County; California","103750","15253",
"1400000US06037271803","Census Tract 2718.03; Los Angeles County; California","88935","34803",
"1400000US06037271804","Census Tract 2718.04; Los Angeles County; California","105625","34022",
"1400000US06037271901","Census Tract 2719.01; Los Angeles County; California","120060","23217",
"1400000US06037271902","Census Tract 2719.02; Los Angeles County; California","148688","31483",
"1400000US06037272100","Census Tract 2721; Los Angeles County; California","148487","63399",
"1400000US06037272201","Census Tract 2722.01; Los Angeles County; California","153409","41993",
"1400000US06037272202","Census Tract 2722.02; Los Angeles County; California","119758","22285",
"1400000US06037272301","Census Tract 2723.01; Los Angeles County; California","179554","84201",
"1400000US06037272302","Census Tract 2723.02; Los Angeles County; California","96250","23002",
"1400000US06037273100","Census Tract 2731; Los Angeles County; California","243547","42233",
"1400000US06037273200","Census Tract 2732; Los Angeles County; California","142212","36321",
"1400000US06037273300","Census Tract 2733; Los Angeles County; California","124258","77785",
"1400000US06037273403","Census Tract 2734.03; Los Angeles County; California","-","**",
"1400000US06037273404","Census Tract 2734.04; Los Angeles County; California","250,000+","***",
"1400000US06037273502","Census Tract 2735.02; Los Angeles County; California","250,000+","***",
"1400000US06037273600","Census Tract 2736; Los Angeles County; California","192292","120715",
"1400000US06037273700","Census Tract 2737; Los Angeles County; California","172031","62725",
"1400000US06037273800","Census Tract 2738; Los Angeles County; California","151458","39222",
"1400000US06037273902","Census Tract 2739.02; Los Angeles County; California","223861","62172",
"1400000US06037274100","Census Tract 2741; Los Angeles County; California","-","**",
"1400000US06037274202","Census Tract 2742.02; Los Angeles County; California","204922","100744",
"1400000US06037275101","Census Tract 2751.01; Los Angeles County; California","109432","37813",
"1400000US06037275102","Census Tract 2751.02; Los Angeles County; California","73387","18333",
"1400000US06037275200","Census Tract 2752; Los Angeles County; California","116313","16014",
"1400000US06037275311","Census Tract 2753.11; Los Angeles County; California","121848","43667",
"1400000US06037275312","Census Tract 2753.12; Los Angeles County; California","201163","45353",
"1400000US06037275313","Census Tract 2753.13; Los Angeles County; California","199167","161327",
"1400000US06037275400","Census Tract 2754; Los Angeles County; California","237885","95359",
"1400000US06037275500","Census Tract 2755; Los Angeles County; California","70066","23187",
"1400000US06037275603","Census Tract 2756.03; Los Angeles County; California","147857","52551",
"1400000US06037275604","Census Tract 2756.04; Los Angeles County; California","218241","57569",
"1400000US06037275605","Census Tract 2756.05; Los Angeles County; California","158421","147185",
"1400000US06037276000","Census Tract 2760; Los Angeles County; California","183466","47167",
"1400000US06037276101","Census Tract 2761.01; Los Angeles County; California","134474","53385",
"1400000US06037276102","Census Tract 2761.02; Los Angeles County; California","121583","56946",
"1400000US06037276400","Census Tract 2764; Los Angeles County; California","250,000+","***",
"1400000US06037276500","Census Tract 2765; Los Angeles County; California","183472","34678",
"1400000US06037276601","Census Tract 2766.01; Los Angeles County; California","241226","27946",
"1400000US06037276605","Census Tract 2766.05; Los Angeles County; California","91897","36644",
"1400000US06037276606","Census Tract 2766.06; Los Angeles County; California","146033","50709",
"1400000US06037276607","Census Tract 2766.07; Los Angeles County; California","129299","87899",
"1400000US06037276608","Census Tract 2766.08; Los Angeles County; California","116979","55196",
"1400000US06037277000","Census Tract 2770; Los Angeles County; California","222386","68671",
"1400000US06037277100","Census Tract 2771; Los Angeles County; California","193906","73822",
"1400000US06037277200","Census Tract 2772; Los Angeles County; California","-","**",
"1400000US06037277400","Census Tract 2774; Los Angeles County; California","-","**",
"1400000US06037278001","Census Tract 2780.01; Los Angeles County; California","157206","117975",
"1400000US06037278102","Census Tract 2781.02; Los Angeles County; California","250,000+","***",
"1400000US06037291110","Census Tract 2911.10; Los Angeles County; California","58477","24784",
"1400000US06037291120","Census Tract 2911.20; Los Angeles County; California","83151","17375",
"1400000US06037291130","Census Tract 2911.30; Los Angeles County; California","105109","15467",
"1400000US06037291210","Census Tract 2912.10; Los Angeles County; California","71750","37988",
"1400000US06037291220","Census Tract 2912.20; Los Angeles County; California","77160","49165",
"1400000US06037291300","Census Tract 2913; Los Angeles County; California","115671","31544",
"1400000US06037292001","Census Tract 2920.01; Los Angeles County; California","43363","16004",
"1400000US06037292002","Census Tract 2920.02; Los Angeles County; California","116250","15573",
"1400000US06037293203","Census Tract 2932.03; Los Angeles County; California","84726","28026",
"1400000US06037293204","Census Tract 2932.04; Los Angeles County; California","113661","61626",
"1400000US06037293205","Census Tract 2932.05; Los Angeles County; California","63583","20429",
"1400000US06037293206","Census Tract 2932.06; Los Angeles County; California","71250","22644",
"1400000US06037293301","Census Tract 2933.01; Los Angeles County; California","124099","9244",
"1400000US06037293302","Census Tract 2933.02; Los Angeles County; California","107500","28187",
"1400000US06037293304","Census Tract 2933.04; Los Angeles County; California","73208","17533",
"1400000US06037293306","Census Tract 2933.06; Los Angeles County; California","125809","11796",
"1400000US06037293307","Census Tract 2933.07; Los Angeles County; California","50817","39153",
"1400000US06037294110","Census Tract 2941.10; Los Angeles County; California","86118","12866",
"1400000US06037294120","Census Tract 2941.20; Los Angeles County; California","79091","24683",
"1400000US06037294200","Census Tract 2942; Los Angeles County; California","85614","22346",
"1400000US06037294301","Census Tract 2943.01; Los Angeles County; California","99732","26604",
"1400000US06037294302","Census Tract 2943.02; Los Angeles County; California","90789","23536",
"1400000US06037294410","Census Tract 2944.10; Los Angeles County; California","82782","11524",
"1400000US06037294421","Census Tract 2944.21; Los Angeles County; California","59330","26053",
"1400000US06037294510","Census Tract 2945.10; Los Angeles County; California","70600","16687",
"1400000US06037294520","Census Tract 2945.20; Los Angeles County; California","63839","20971",
"1400000US06037294610","Census Tract 2946.10; Los Angeles County; California","82431","8975",
"1400000US06037294620","Census Tract 2946.20; Los Angeles County; California","63068","16464",
"1400000US06037294701","Census Tract 2947.01; Los Angeles County; California","36895","15036",
"1400000US06037294810","Census Tract 2948.10; Los Angeles County; California","62165","9901",
"1400000US06037294820","Census Tract 2948.20; Los Angeles County; California","30313","6268",
"1400000US06037294830","Census Tract 2948.30; Los Angeles County; California","70714","29157",
"1400000US06037294900","Census Tract 2949; Los Angeles County; California","49565","12608",
"1400000US06037295103","Census Tract 2951.03; Los Angeles County; California","134489","9998",
"1400000US06037296210","Census Tract 2962.10; Los Angeles County; California","66487","13046",
"1400000US06037296220","Census Tract 2962.20; Los Angeles County; California","40653","13024",
"1400000US06037296300","Census Tract 2963; Los Angeles County; California","89531","19370",
"1400000US06037296401","Census Tract 2964.01; Los Angeles County; California","118715","36410",
"1400000US06037296402","Census Tract 2964.02; Los Angeles County; California","139844","35665",
"1400000US06037296500","Census Tract 2965; Los Angeles County; California","97567","36200",
"1400000US06037296600","Census Tract 2966; Los Angeles County; California","70122","20257",
"1400000US06037296901","Census Tract 2969.01; Los Angeles County; California","70848","49602",
"1400000US06037296902","Census Tract 2969.02; Los Angeles County; California","72585","26151",
"1400000US06037297001","Census Tract 2970.01; Los Angeles County; California","210809","47545",
"1400000US06037297002","Census Tract 2970.02; Los Angeles County; California","154236","40734",
"1400000US06037297110","Census Tract 2971.10; Los Angeles County; California","51354","6285",
"1400000US06037297120","Census Tract 2971.20; Los Angeles County; California","115027","38399",
"1400000US06037297201","Census Tract 2972.01; Los Angeles County; California","59944","23913",
"1400000US06037297202","Census Tract 2972.02; Los Angeles County; California","86037","9676",
"1400000US06037297300","Census Tract 2973; Los Angeles County; California","129167","29351",
"1400000US06037297400","Census Tract 2974; Los Angeles County; California","204924","31076",
"1400000US06037297501","Census Tract 2975.01; Los Angeles County; California","193359","55246",
"1400000US06037297502","Census Tract 2975.02; Los Angeles County; California","84726","66002",
"1400000US06037297601","Census Tract 2976.01; Los Angeles County; California","93523","36320",
"1400000US06037297602","Census Tract 2976.02; Los Angeles County; California","110284","11324",
"1400000US06037300100","Census Tract 3001; Los Angeles County; California","181208","49641",
"1400000US06037300200","Census Tract 3002; Los Angeles County; California","175953","25042",
"1400000US06037300301","Census Tract 3003.01; Los Angeles County; California","133920","60519",
"1400000US06037300400","Census Tract 3004; Los Angeles County; California","147222","40887",
"1400000US06037300501","Census Tract 3005.01; Los Angeles County; California","161250","36880",
"1400000US06037300503","Census Tract 3005.03; Los Angeles County; California","111677","28754",
"1400000US06037300601","Census Tract 3006.01; Los Angeles County; California","119706","25711",
"1400000US06037300602","Census Tract 3006.02; Los Angeles County; California","141399","34440",
"1400000US06037300701","Census Tract 3007.01; Los Angeles County; California","176447","52345",
"1400000US06037300702","Census Tract 3007.02; Los Angeles County; California","150533","14033",
"1400000US06037300800","Census Tract 3008; Los Angeles County; California","150500","39372",
"1400000US06037300901","Census Tract 3009.01; Los Angeles County; California","164154","17584",
"1400000US06037300902","Census Tract 3009.02; Los Angeles County; California","171250","52449",
"1400000US06037301000","Census Tract 3010; Los Angeles County; California","118102","21332",
"1400000US06037301100","Census Tract 3011; Los Angeles County; California","113160","52936",
"1400000US06037301203","Census Tract 3012.03; Los Angeles County; California","95972","23582",
"1400000US06037301204","Census Tract 3012.04; Los Angeles County; California","71730","8951",
"1400000US06037301205","Census Tract 3012.05; Los Angeles County; California","127250","34576",
"1400000US06037301206","Census Tract 3012.06; Los Angeles County; California","102652","18475",
"1400000US06037301300","Census Tract 3013; Los Angeles County; California","221250","52912",
"1400000US06037301400","Census Tract 3014; Los Angeles County; California","167841","60142",
"1400000US06037301501","Census Tract 3015.01; Los Angeles County; California","131042","63186",
"1400000US06037301502","Census Tract 3015.02; Los Angeles County; California","79761","6596",
"1400000US06037301601","Census Tract 3016.01; Los Angeles County; California","49247","13106",
"1400000US06037301602","Census Tract 3016.02; Los Angeles County; California","97902","21437",
"1400000US06037301701","Census Tract 3017.01; Los Angeles County; California","138269","53084",
"1400000US06037301702","Census Tract 3017.02; Los Angeles County; California","92685","32647",
"1400000US06037301801","Census Tract 3018.01; Los Angeles County; California","64561","21041",
"1400000US06037301802","Census Tract 3018.02; Los Angeles County; California","84975","21307",
"1400000US06037301901","Census Tract 3019.01; Los Angeles County; California","94659","43310",
"1400000US06037301902","Census Tract 3019.02; Los Angeles County; California","97699","35245",
"1400000US06037302002","Census Tract 3020.02; Los Angeles County; California","58125","31843",
"1400000US06037302003","Census Tract 3020.03; Los Angeles County; California","71328","13539",
"1400000US06037302004","Census Tract 3020.04; Los Angeles County; California","65667","25044",
"1400000US06037302102","Census Tract 3021.02; Los Angeles County; California","113750","63630",
"1400000US06037302103","Census Tract 3021.03; Los Angeles County; California","54202","24882",
"1400000US06037302104","Census Tract 3021.04; Los Angeles County; California","83448","16388",
"1400000US06037302201","Census Tract 3022.01; Los Angeles County; California","59531","33338",
"1400000US06037302202","Census Tract 3022.02; Los Angeles County; California","52273","9530",
"1400000US06037302301","Census Tract 3023.01; Los Angeles County; California","100729","11513",
"1400000US06037302302","Census Tract 3023.02; Los Angeles County; California","61337","13843",
"1400000US06037302401","Census Tract 3024.01; Los Angeles County; California","61786","23176",
"1400000US06037302503","Census Tract 3025.03; Los Angeles County; California","64890","29531",
"1400000US06037302504","Census Tract 3025.04; Los Angeles County; California","50385","10170",
"1400000US06037302505","Census Tract 3025.05; Los Angeles County; California","80417","18617",
"1400000US06037302506","Census Tract 3025.06; Los Angeles County; California","84250","22048",
"1400000US06037310100","Census Tract 3101; Los Angeles County; California","215441","87219",
"1400000US06037310201","Census Tract 3102.01; Los Angeles County; California","138333","47233",
"1400000US06037310202","Census Tract 3102.02; Los Angeles County; California","119417","31061",
"1400000US06037310300","Census Tract 3103; Los Angeles County; California","183015","101967",
"1400000US06037310400","Census Tract 3104; Los Angeles County; California","140625","39264",
"1400000US06037310501","Census Tract 3105.01; Los Angeles County; California","75877","15385",
"1400000US06037310601","Census Tract 3106.01; Los Angeles County; California","93235","20953",
"1400000US06037310602","Census Tract 3106.02; Los Angeles County; California","117102","33842",
"1400000US06037310701","Census Tract 3107.01; Los Angeles County; California","35526","15948",
"1400000US06037310703","Census Tract 3107.03; Los Angeles County; California","84464","29892",
"1400000US06037310704","Census Tract 3107.04; Los Angeles County; California","68468","15094",
"1400000US06037310705","Census Tract 3107.05; Los Angeles County; California","-","**",
"1400000US06037310800","Census Tract 3108; Los Angeles County; California","124361","61198",
"1400000US06037310900","Census Tract 3109; Los Angeles County; California","149667","26145",
"1400000US06037311000","Census Tract 3110; Los Angeles County; California","132367","22189",
"1400000US06037311100","Census Tract 3111; Los Angeles County; California","125391","34246",
"1400000US06037311200","Census Tract 3112; Los Angeles County; California","99478","19389",
"1400000US06037311300","Census Tract 3113; Los Angeles County; California","116531","14244",
"1400000US06037311400","Census Tract 3114; Los Angeles County; California","151902","26632",
"1400000US06037311500","Census Tract 3115; Los Angeles County; California","168352","11494",
"1400000US06037311601","Census Tract 3116.01; Los Angeles County; California","106422","44817",
"1400000US06037311602","Census Tract 3116.02; Los Angeles County; California","138780","13524",
"1400000US06037311700","Census Tract 3117; Los Angeles County; California","140948","35919",
"1400000US06037311801","Census Tract 3118.01; Los Angeles County; California","92574","49429",
"1400000US06037311802","Census Tract 3118.02; Los Angeles County; California","104821","33142",
"1400000US06037320101","Census Tract 3201.01; Los Angeles County; California","101420","43765",
"1400000US06037320102","Census Tract 3201.02; Los Angeles County; California","97321","46566",
"1400000US06037320201","Census Tract 3202.01; Los Angeles County; California","73935","15318",
"1400000US06037320202","Census Tract 3202.02; Los Angeles County; California","126447","35211",
"1400000US06037320300","Census Tract 3203; Los Angeles County; California","79982","5453",
"1400000US06037400205","Census Tract 4002.05; Los Angeles County; California","212500","39508",
"1400000US06037400206","Census Tract 4002.06; Los Angeles County; California","185451","27949",
"1400000US06037400207","Census Tract 4002.07; Los Angeles County; California","167237","36077",
"1400000US06037400208","Census Tract 4002.08; Los Angeles County; California","154390","10584",
"1400000US06037400209","Census Tract 4002.09; Los Angeles County; California","163438","44202",
"1400000US06037400304","Census Tract 4003.04; Los Angeles County; California","95395","41873",
"1400000US06037400402","Census Tract 4004.02; Los Angeles County; California","154083","20640",
"1400000US06037400403","Census Tract 4004.03; Los Angeles County; California","162500","34577",
"1400000US06037400404","Census Tract 4004.04; Los Angeles County; California","199750","60808",
"1400000US06037400501","Census Tract 4005.01; Los Angeles County; California","163625","116827",
"1400000US06037400602","Census Tract 4006.02; Los Angeles County; California","87132","11876",
"1400000US06037400603","Census Tract 4006.03; Los Angeles County; California","98235","9378",
"1400000US06037400605","Census Tract 4006.05; Los Angeles County; California","128545","9346",
"1400000US06037400801","Census Tract 4008.01; Los Angeles County; California","134875","29605",
"1400000US06037401001","Census Tract 4010.01; Los Angeles County; California","164375","17044",
"1400000US06037401002","Census Tract 4010.02; Los Angeles County; California","102045","72344",
"1400000US06037401101","Census Tract 4011.01; Los Angeles County; California","92813","18464",
"1400000US06037401102","Census Tract 4011.02; Los Angeles County; California","95417","19014",
"1400000US06037401201","Census Tract 4012.01; Los Angeles County; California","163646","28592",
"1400000US06037401202","Census Tract 4012.02; Los Angeles County; California","134063","22933",
"1400000US06037401203","Census Tract 4012.03; Los Angeles County; California","122828","33192",
"1400000US06037401303","Census Tract 4013.03; Los Angeles County; California","184375","33962",
"1400000US06037401304","Census Tract 4013.04; Los Angeles County; California","181186","41863",
"1400000US06037401311","Census Tract 4013.11; Los Angeles County; California","114583","25558",
"1400000US06037401312","Census Tract 4013.12; Los Angeles County; California","109440","28426",
"1400000US06037401500","Census Tract 4015; Los Angeles County; California","95641","19194",
"1400000US06037401601","Census Tract 4016.01; Los Angeles County; California","116719","16110",
"1400000US06037401602","Census Tract 4016.02; Los Angeles County; California","108693","41863",
"1400000US06037401705","Census Tract 4017.05; Los Angeles County; California","160313","34399",
"1400000US06037401706","Census Tract 4017.06; Los Angeles County; California","115331","13212",
"1400000US06037401707","Census Tract 4017.07; Los Angeles County; California","75400","17272",
"1400000US06037401801","Census Tract 4018.01; Los Angeles County; California","158818","9162",
"1400000US06037401802","Census Tract 4018.02; Los Angeles County; California","159327","32825",
"1400000US06037401901","Census Tract 4019.01; Los Angeles County; California","110000","48084",
"1400000US06037401902","Census Tract 4019.02; Los Angeles County; California","156352","32872",
"1400000US06037402001","Census Tract 4020.01; Los Angeles County; California","96000","40253",
"1400000US06037402002","Census Tract 4020.02; Los Angeles County; California","134813","21810",
"1400000US06037402101","Census Tract 4021.01; Los Angeles County; California","104395","18135",
"1400000US06037402102","Census Tract 4021.02; Los Angeles County; California","102574","7522",
"1400000US06037402200","Census Tract 4022; Los Angeles County; California","84063","22646",
"1400000US06037402301","Census Tract 4023.01; Los Angeles County; California","87396","35132",
"1400000US06037402303","Census Tract 4023.03; Los Angeles County; California","68653","9335",
"1400000US06037402304","Census Tract 4023.04; Los Angeles County; California","52813","18137",
"1400000US06037402403","Census Tract 4024.03; Los Angeles County; California","86066","3243",
"1400000US06037402404","Census Tract 4024.04; Los Angeles County; California","-","**",
"1400000US06037402405","Census Tract 4024.05; Los Angeles County; California","108281","23963",
"1400000US06037402406","Census Tract 4024.06; Los Angeles County; California","95929","13949",
"1400000US06037402501","Census Tract 4025.01; Los Angeles County; California","65196","13568",
"1400000US06037402503","Census Tract 4025.03; Los Angeles County; California","67000","19476",
"1400000US06037402504","Census Tract 4025.04; Los Angeles County; California","46157","7651",
"1400000US06037402601","Census Tract 4026.01; Los Angeles County; California","92708","70031",
"1400000US06037402602","Census Tract 4026.02; Los Angeles County; California","119675","50872",
"1400000US06037402702","Census Tract 4027.02; Los Angeles County; California","44318","14776",
"1400000US06037402703","Census Tract 4027.03; Los Angeles County; California","90417","21054",
"1400000US06037402705","Census Tract 4027.05; Los Angeles County; California","103162","27316",
"1400000US06037402706","Census Tract 4027.06; Los Angeles County; California","92000","33247",
"1400000US06037402801","Census Tract 4028.01; Los Angeles County; California","69537","32593",
"1400000US06037402803","Census Tract 4028.03; Los Angeles County; California","76078","11375",
"1400000US06037402804","Census Tract 4028.04; Los Angeles County; California","63226","11302",
"1400000US06037402902","Census Tract 4029.02; Los Angeles County; California","83345","13493",
"1400000US06037402903","Census Tract 4029.03; Los Angeles County; California","70750","35695",
"1400000US06037402904","Census Tract 4029.04; Los Angeles County; California","82292","14458",
"1400000US06037403000","Census Tract 4030; Los Angeles County; California","95953","13652",
"1400000US06037403305","Census Tract 4033.05; Los Angeles County; California","137632","26221",
"1400000US06037403316","Census Tract 4033.16; Los Angeles County; California","118383","21465",
"1400000US06037403317","Census Tract 4033.17; Los Angeles County; California","123263","11289",
"1400000US06037403318","Census Tract 4033.18; Los Angeles County; California","142738","35200",
"1400000US06037403319","Census Tract 4033.19; Los Angeles County; California","96758","20036",
"1400000US06037403320","Census Tract 4033.20; Los Angeles County; California","182695","45729",
"1400000US06037403321","Census Tract 4033.21; Los Angeles County; California","113716","32537",
"1400000US06037403323","Census Tract 4033.23; Los Angeles County; California","100146","24895",
"1400000US06037403324","Census Tract 4033.24; Los Angeles County; California","110938","22376",
"1400000US06037403325","Census Tract 4033.25; Los Angeles County; California","130264","19456",
"1400000US06037403326","Census Tract 4033.26; Los Angeles County; California","147552","37014",
"1400000US06037403327","Census Tract 4033.27; Los Angeles County; California","133523","5997",
"1400000US06037403328","Census Tract 4033.28; Los Angeles County; California","107750","24939",
"1400000US06037403401","Census Tract 4034.01; Los Angeles County; California","122917","30926",
"1400000US06037403402","Census Tract 4034.02; Los Angeles County; California","115978","23121",
"1400000US06037403403","Census Tract 4034.03; Los Angeles County; California","152917","28257",
"1400000US06037403404","Census Tract 4034.04; Los Angeles County; California","155962","35746",
"1400000US06037403407","Census Tract 4034.07; Los Angeles County; California","162833","47214",
"1400000US06037403408","Census Tract 4034.08; Los Angeles County; California","147708","16081",
"1400000US06037403409","Census Tract 4034.09; Los Angeles County; California","139318","19824",
"1400000US06037403500","Census Tract 4035; Los Angeles County; California","153313","45982",
"1400000US06037403601","Census Tract 4036.01; Los Angeles County; California","144418","21493",
"1400000US06037403702","Census Tract 4037.02; Los Angeles County; California","122198","25445",
"1400000US06037403703","Census Tract 4037.03; Los Angeles County; California","173276","60834",
"1400000US06037403721","Census Tract 4037.21; Los Angeles County; California","94196","25582",
"1400000US06037403722","Census Tract 4037.22; Los Angeles County; California","72039","8637",
"1400000US06037403801","Census Tract 4038.01; Los Angeles County; California","85972","22691",
"1400000US06037403802","Census Tract 4038.02; Los Angeles County; California","90280","11679",
"1400000US06037403901","Census Tract 4039.01; Los Angeles County; California","125833","14950",
"1400000US06037403902","Census Tract 4039.02; Los Angeles County; California","105789","38617",
"1400000US06037404000","Census Tract 4040; Los Angeles County; California","118603","9011",
"1400000US06037404100","Census Tract 4041; Los Angeles County; California","80625","26623",
"1400000US06037404201","Census Tract 4042.01; Los Angeles County; California","75086","8222",
"1400000US06037404203","Census Tract 4042.03; Los Angeles County; California","84600","22734",
"1400000US06037404301","Census Tract 4043.01; Los Angeles County; California","78947","17319",
"1400000US06037404302","Census Tract 4043.02; Los Angeles County; California","71111","26330",
"1400000US06037404401","Census Tract 4044.01; Los Angeles County; California","85625","22421",
"1400000US06037404402","Census Tract 4044.02; Los Angeles County; California","95804","15475",
"1400000US06037404501","Census Tract 4045.01; Los Angeles County; California","70701","10950",
"1400000US06037404503","Census Tract 4045.03; Los Angeles County; California","101313","16193",
"1400000US06037404504","Census Tract 4045.04; Los Angeles County; California","75893","14337",
"1400000US06037404600","Census Tract 4046; Los Angeles County; California","121548","13374",
"1400000US06037404701","Census Tract 4047.01; Los Angeles County; California","89766","23008",
"1400000US06037404702","Census Tract 4047.02; Los Angeles County; California","75523","13870",
"1400000US06037404703","Census Tract 4047.03; Los Angeles County; California","90750","19580",
"1400000US06037404804","Census Tract 4048.04; Los Angeles County; California","74917","10355",
"1400000US06037404805","Census Tract 4048.05; Los Angeles County; California","63947","5843",
"1400000US06037404806","Census Tract 4048.06; Los Angeles County; California","69063","7282",
"1400000US06037404901","Census Tract 4049.01; Los Angeles County; California","99726","21730",
"1400000US06037404902","Census Tract 4049.02; Los Angeles County; California","82366","27252",
"1400000US06037404903","Census Tract 4049.03; Los Angeles County; California","79962","10229",
"1400000US06037405001","Census Tract 4050.01; Los Angeles County; California","79173","7388",
"1400000US06037405002","Census Tract 4050.02; Los Angeles County; California","72667","31119",
"1400000US06037405101","Census Tract 4051.01; Los Angeles County; California","69402","25827",
"1400000US06037405102","Census Tract 4051.02; Los Angeles County; California","83234","11934",
"1400000US06037405201","Census Tract 4052.01; Los Angeles County; California","64846","13681",
"1400000US06037405202","Census Tract 4052.02; Los Angeles County; California","73824","18662",
"1400000US06037405203","Census Tract 4052.03; Los Angeles County; California","78092","21775",
"1400000US06037405301","Census Tract 4053.01; Los Angeles County; California","90071","12737",
"1400000US06037405302","Census Tract 4053.02; Los Angeles County; California","99489","18616",
"1400000US06037405400","Census Tract 4054; Los Angeles County; California","102321","24595",
"1400000US06037405500","Census Tract 4055; Los Angeles County; California","101667","21049",
"1400000US06037405600","Census Tract 4056; Los Angeles County; California","128710","34498",
"1400000US06037405701","Census Tract 4057.01; Los Angeles County; California","85789","39947",
"1400000US06037405702","Census Tract 4057.02; Los Angeles County; California","99018","30469",
"1400000US06037405800","Census Tract 4058; Los Angeles County; California","114063","24021",
"1400000US06037405900","Census Tract 4059; Los Angeles County; California","101964","29081",
"1400000US06037406000","Census Tract 4060; Los Angeles County; California","111071","34412",
"1400000US06037406101","Census Tract 4061.01; Los Angeles County; California","110357","43183",
"1400000US06037406103","Census Tract 4061.03; Los Angeles County; California","119276","21535",
"1400000US06037406201","Census Tract 4062.01; Los Angeles County; California","77500","27269",
"1400000US06037406300","Census Tract 4063; Los Angeles County; California","134531","37548",
"1400000US06037406413","Census Tract 4064.13; Los Angeles County; California","107266","31811",
"1400000US06037406500","Census Tract 4065; Los Angeles County; California","94808","24917",
"1400000US06037406601","Census Tract 4066.01; Los Angeles County; California","128250","19101",
"1400000US06037406602","Census Tract 4066.02; Los Angeles County; California","107200","25946",
"1400000US06037406701","Census Tract 4067.01; Los Angeles County; California","108250","37674",
"1400000US06037406702","Census Tract 4067.02; Los Angeles County; California","110119","27765",
"1400000US06037406801","Census Tract 4068.01; Los Angeles County; California","109276","18882",
"1400000US06037406903","Census Tract 4069.03; Los Angeles County; California","91875","18560",
"1400000US06037407001","Census Tract 4070.01; Los Angeles County; California","86788","9999",
"1400000US06037407002","Census Tract 4070.02; Los Angeles County; California","106600","30976",
"1400000US06037407101","Census Tract 4071.01; Los Angeles County; California","83319","23364",
"1400000US06037407102","Census Tract 4071.02; Los Angeles County; California","91192","24664",
"1400000US06037407201","Census Tract 4072.01; Los Angeles County; California","92250","54719",
"1400000US06037407202","Census Tract 4072.02; Los Angeles County; California","95074","34456",
"1400000US06037407301","Census Tract 4073.01; Los Angeles County; California","86107","21366",
"1400000US06037407302","Census Tract 4073.02; Los Angeles County; California","92188","24657",
"1400000US06037407400","Census Tract 4074; Los Angeles County; California","129375","35036",
"1400000US06037407501","Census Tract 4075.01; Los Angeles County; California","77716","15960",
"1400000US06037407502","Census Tract 4075.02; Los Angeles County; California","109722","14790",
"1400000US06037407601","Census Tract 4076.01; Los Angeles County; California","94623","7617",
"1400000US06037407602","Census Tract 4076.02; Los Angeles County; California","113542","31412",
"1400000US06037407701","Census Tract 4077.01; Los Angeles County; California","83239","24517",
"1400000US06037407702","Census Tract 4077.02; Los Angeles County; California","108184","26979",
"1400000US06037407801","Census Tract 4078.01; Los Angeles County; California","104536","25418",
"1400000US06037407802","Census Tract 4078.02; Los Angeles County; California","121218","15551",
"1400000US06037407901","Census Tract 4079.01; Los Angeles County; California","101842","15858",
"1400000US06037407902","Census Tract 4079.02; Los Angeles County; California","86000","23529",
"1400000US06037408003","Census Tract 4080.03; Los Angeles County; California","102446","8749",
"1400000US06037408004","Census Tract 4080.04; Los Angeles County; California","106786","8213",
"1400000US06037408005","Census Tract 4080.05; Los Angeles County; California","128060","15144",
"1400000US06037408006","Census Tract 4080.06; Los Angeles County; California","96563","29641",
"1400000US06037408133","Census Tract 4081.33; Los Angeles County; California","110391","14569",
"1400000US06037408134","Census Tract 4081.34; Los Angeles County; California","133194","36881",
"1400000US06037408135","Census Tract 4081.35; Los Angeles County; California","83469","26185",
"1400000US06037408136","Census Tract 4081.36; Los Angeles County; California","121250","19980",
"1400000US06037408137","Census Tract 4081.37; Los Angeles County; California","88631","18847",
"1400000US06037408138","Census Tract 4081.38; Los Angeles County; California","91158","8847",
"1400000US06037408139","Census Tract 4081.39; Los Angeles County; California","102196","18041",
"1400000US06037408140","Census Tract 4081.40; Los Angeles County; California","71094","18883",
"1400000US06037408141","Census Tract 4081.41; Los Angeles County; California","109400","17797",
"1400000US06037408212","Census Tract 4082.12; Los Angeles County; California","82540","18805",
"1400000US06037408213","Census Tract 4082.13; Los Angeles County; California","70020","12024",
"1400000US06037408301","Census Tract 4083.01; Los Angeles County; California","83341","13742",
"1400000US06037408302","Census Tract 4083.02; Los Angeles County; California","90139","29812",
"1400000US06037408303","Census Tract 4083.03; Los Angeles County; California","134625","25476",
"1400000US06037408401","Census Tract 4084.01; Los Angeles County; California","101544","29708",
"1400000US06037408402","Census Tract 4084.02; Los Angeles County; California","105395","26637",
"1400000US06037408503","Census Tract 4085.03; Los Angeles County; California","137578","24805",
"1400000US06037408504","Census Tract 4085.04; Los Angeles County; California","108152","25566",
"1400000US06037408505","Census Tract 4085.05; Los Angeles County; California","129583","30152",
"1400000US06037408623","Census Tract 4086.23; Los Angeles County; California","102100","13143",
"1400000US06037408624","Census Tract 4086.24; Los Angeles County; California","140583","45879",
"1400000US06037408625","Census Tract 4086.25; Los Angeles County; California","131393","19714",
"1400000US06037408626","Census Tract 4086.26; Los Angeles County; California","109474","12028",
"1400000US06037408627","Census Tract 4086.27; Los Angeles County; California","117583","31729",
"1400000US06037408628","Census Tract 4086.28; Los Angeles County; California","103964","11017",
"1400000US06037408629","Census Tract 4086.29; Los Angeles County; California","143313","8118",
"1400000US06037408631","Census Tract 4086.31; Los Angeles County; California","103571","26148",
"1400000US06037408703","Census Tract 4087.03; Los Angeles County; California","155694","52563",
"1400000US06037408705","Census Tract 4087.05; Los Angeles County; California","81500","20018",
"1400000US06037408707","Census Tract 4087.07; Los Angeles County; California","142158","11853",
"1400000US06037408722","Census Tract 4087.22; Los Angeles County; California","126111","22632",
"1400000US06037408724","Census Tract 4087.24; Los Angeles County; California","68281","12058",
"1400000US06037408725","Census Tract 4087.25; Los Angeles County; California","91369","21993",
"1400000US06037408800","Census Tract 4088; Los Angeles County; California","53427","23913",
"1400000US06037408900","Census Tract 4089; Los Angeles County; California","117283","43895",
"1400000US06037409000","Census Tract 4090; Los Angeles County; California","64218","6794",
"1400000US06037409100","Census Tract 4091; Los Angeles County; California","97273","11306",
"1400000US06037430003","Census Tract 4300.03; Los Angeles County; California","151000","20160",
"1400000US06037430004","Census Tract 4300.04; Los Angeles County; California","103618","24548",
"1400000US06037430005","Census Tract 4300.05; Los Angeles County; California","127615","27890",
"1400000US06037430101","Census Tract 4301.01; Los Angeles County; California","94766","27212",
"1400000US06037430102","Census Tract 4301.02; Los Angeles County; California","92865","21375",
"1400000US06037430200","Census Tract 4302; Los Angeles County; California","142292","61747",
"1400000US06037430301","Census Tract 4303.01; Los Angeles County; California","173147","48942",
"1400000US06037430302","Census Tract 4303.02; Los Angeles County; California","153768","32969",
"1400000US06037430400","Census Tract 4304; Los Angeles County; California","206071","50126",
"1400000US06037430501","Census Tract 4305.01; Los Angeles County; California","189963","38597",
"1400000US06037430502","Census Tract 4305.02; Los Angeles County; California","175806","32027",
"1400000US06037430600","Census Tract 4306; Los Angeles County; California","190951","41389",
"1400000US06037430701","Census Tract 4307.01; Los Angeles County; California","126384","36004",
"1400000US06037430721","Census Tract 4307.21; Los Angeles County; California","137121","7667",
"1400000US06037430723","Census Tract 4307.23; Los Angeles County; California","92740","35636",
"1400000US06037430724","Census Tract 4307.24; Los Angeles County; California","133125","30316",
"1400000US06037430801","Census Tract 4308.01; Los Angeles County; California","74967","64605",
"1400000US06037430802","Census Tract 4308.02; Los Angeles County; California","163523","24782",
"1400000US06037430803","Census Tract 4308.03; Los Angeles County; California","127031","36793",
"1400000US06037430901","Census Tract 4309.01; Los Angeles County; California","121413","30825",
"1400000US06037430902","Census Tract 4309.02; Los Angeles County; California","98073","16777",
"1400000US06037431002","Census Tract 4310.02; Los Angeles County; California","107583","37826",
"1400000US06037431003","Census Tract 4310.03; Los Angeles County; California","96607","56220",
"1400000US06037431004","Census Tract 4310.04; Los Angeles County; California","99226","14484",
"1400000US06037431100","Census Tract 4311; Los Angeles County; California","101471","28254",
"1400000US06037431200","Census Tract 4312; Los Angeles County; California","101667","13770",
"1400000US06037431300","Census Tract 4313; Los Angeles County; California","125500","20093",
"1400000US06037431400","Census Tract 4314; Los Angeles County; California","118750","38539",
"1400000US06037431501","Census Tract 4315.01; Los Angeles County; California","89688","32489",
"1400000US06037431502","Census Tract 4315.02; Los Angeles County; California","103606","36221",
"1400000US06037431600","Census Tract 4316; Los Angeles County; California","119934","48219",
"1400000US06037431701","Census Tract 4317.01; Los Angeles County; California","135625","67682",
"1400000US06037431800","Census Tract 4318; Los Angeles County; California","111563","59955",
"1400000US06037431900","Census Tract 4319; Los Angeles County; California","114107","31739",
"1400000US06037432001","Census Tract 4320.01; Los Angeles County; California","114279","27340",
"1400000US06037432002","Census Tract 4320.02; Los Angeles County; California","107344","29181",
"1400000US06037432101","Census Tract 4321.01; Los Angeles County; California","131321","11831",
"1400000US06037432102","Census Tract 4321.02; Los Angeles County; California","119939","21599",
"1400000US06037432201","Census Tract 4322.01; Los Angeles County; California","134079","27716",
"1400000US06037432202","Census Tract 4322.02; Los Angeles County; California","87759","22852",
"1400000US06037432300","Census Tract 4323; Los Angeles County; California","110758","18108",
"1400000US06037432401","Census Tract 4324.01; Los Angeles County; California","78516","5539",
"1400000US06037432402","Census Tract 4324.02; Los Angeles County; California","59783","9256",
"1400000US06037432501","Census Tract 4325.01; Los Angeles County; California","84920","31898",
"1400000US06037432502","Census Tract 4325.02; Los Angeles County; California","122537","29814",
"1400000US06037432601","Census Tract 4326.01; Los Angeles County; California","85516","37310",
"1400000US06037432602","Census Tract 4326.02; Los Angeles County; California","80032","22517",
"1400000US06037432700","Census Tract 4327; Los Angeles County; California","63656","18726",
"1400000US06037432801","Census Tract 4328.01; Los Angeles County; California","44022","26628",
"1400000US06037432802","Census Tract 4328.02; Los Angeles County; California","61028","15176",
"1400000US06037432901","Census Tract 4329.01; Los Angeles County; California","74583","27801",
"1400000US06037432902","Census Tract 4329.02; Los Angeles County; California","88750","28836",
"1400000US06037433103","Census Tract 4331.03; Los Angeles County; California","67632","13434",
"1400000US06037433200","Census Tract 4332; Los Angeles County; California","76840","17885",
"1400000US06037433302","Census Tract 4333.02; Los Angeles County; California","61613","15395",
"1400000US06037433304","Census Tract 4333.04; Los Angeles County; California","47917","19730",
"1400000US06037433305","Census Tract 4333.05; Los Angeles County; California","57879","11470",
"1400000US06037433306","Census Tract 4333.06; Los Angeles County; California","70089","12112",
"1400000US06037433307","Census Tract 4333.07; Los Angeles County; California","79423","17573",
"1400000US06037433402","Census Tract 4334.02; Los Angeles County; California","72727","26937",
"1400000US06037433403","Census Tract 4334.03; Los Angeles County; California","57894","12192",
"1400000US06037433505","Census Tract 4335.05; Los Angeles County; California","68165","12140",
"1400000US06037433506","Census Tract 4335.06; Los Angeles County; California","45769","12113",
"1400000US06037433601","Census Tract 4336.01; Los Angeles County; California","74855","12347",
"1400000US06037433602","Census Tract 4336.02; Los Angeles County; California","67604","24450",
"1400000US06037433803","Census Tract 4338.03; Los Angeles County; California","85517","21830",
"1400000US06037433804","Census Tract 4338.04; Los Angeles County; California","54325","13845",
"1400000US06037433901","Census Tract 4339.01; Los Angeles County; California","69022","11411",
"1400000US06037433903","Census Tract 4339.03; Los Angeles County; California","65167","17451",
"1400000US06037434001","Census Tract 4340.01; Los Angeles County; California","83441","8923",
"1400000US06037434003","Census Tract 4340.03; Los Angeles County; California","73218","7736",
"1400000US06037434004","Census Tract 4340.04; Los Angeles County; California","99750","13313",
"1400000US06037434100","Census Tract 4341; Los Angeles County; California","79327","14985",
"1400000US06037460001","Census Tract 4600.01; Los Angeles County; California","250,000+","***",
"1400000US06037460002","Census Tract 4600.02; Los Angeles County; California","212024","21359",
"1400000US06037460101","Census Tract 4601.01; Los Angeles County; California","249715","27669",
"1400000US06037460200","Census Tract 4602; Los Angeles County; California","181146","53286",
"1400000US06037460301","Census Tract 4603.01; Los Angeles County; California","177313","40097",
"1400000US06037460302","Census Tract 4603.02; Los Angeles County; California","78333","46155",
"1400000US06037460401","Census Tract 4604.01; Los Angeles County; California","125625","39855",
"1400000US06037460501","Census Tract 4605.01; Los Angeles County; California","250,000+","***",
"1400000US06037460502","Census Tract 4605.02; Los Angeles County; California","250,000+","***",
"1400000US06037460601","Census Tract 4606.01; Los Angeles County; California","229250","40779",
"1400000US06037460700","Census Tract 4607; Los Angeles County; California","196667","20389",
"1400000US06037460800","Census Tract 4608; Los Angeles County; California","250,000+","***",
"1400000US06037460900","Census Tract 4609; Los Angeles County; California","84625","33588",
"1400000US06037461000","Census Tract 4610; Los Angeles County; California","134219","22892",
"1400000US06037461100","Census Tract 4611; Los Angeles County; California","145049","17953",
"1400000US06037461200","Census Tract 4612; Los Angeles County; California","196842","26451",
"1400000US06037461300","Census Tract 4613; Los Angeles County; California","119883","44591",
"1400000US06037461400","Census Tract 4614; Los Angeles County; California","140049","59680",
"1400000US06037461501","Census Tract 4615.01; Los Angeles County; California","125893","20137",
"1400000US06037461502","Census Tract 4615.02; Los Angeles County; California","79266","18424",
"1400000US06037461600","Census Tract 4616; Los Angeles County; California","80813","26474",
"1400000US06037461700","Census Tract 4617; Los Angeles County; California","191957","22160",
"1400000US06037461901","Census Tract 4619.01; Los Angeles County; California","55179","27583",
"1400000US06037461902","Census Tract 4619.02; Los Angeles County; California","133413","21295",
"1400000US06037462001","Census Tract 4620.01; Los Angeles County; California","90494","10965",
"1400000US06037462002","Census Tract 4620.02; Los Angeles County; California","47933","11445",
"1400000US06037462100","Census Tract 4621; Los Angeles County; California","117391","33768",
"1400000US06037462201","Census Tract 4622.01; Los Angeles County; California","56375","33500",
"1400000US06037462202","Census Tract 4622.02; Los Angeles County; California","140521","70303",
"1400000US06037462301","Census Tract 4623.01; Los Angeles County; California","87328","6474",
"1400000US06037462302","Census Tract 4623.02; Los Angeles County; California","45048","40111",
"1400000US06037462400","Census Tract 4624; Los Angeles County; California","170227","27582",
"1400000US06037462500","Census Tract 4625; Los Angeles County; California","167604","19150",
"1400000US06037462600","Census Tract 4626; Los Angeles County; California","153355","64493",
"1400000US06037462700","Census Tract 4627; Los Angeles County; California","64778","44102",
"1400000US06037462800","Census Tract 4628; Los Angeles County; California","138464","37151",
"1400000US06037462900","Census Tract 4629; Los Angeles County; California","136750","10952",
"1400000US06037463000","Census Tract 4630; Los Angeles County; California","150341","53569",
"1400000US06037463103","Census Tract 4631.03; Los Angeles County; California","125188","14413",
"1400000US06037463200","Census Tract 4632; Los Angeles County; California","163393","40702",
"1400000US06037463300","Census Tract 4633; Los Angeles County; California","213385","40647",
"1400000US06037463400","Census Tract 4634; Los Angeles County; California","160625","60929",
"1400000US06037463500","Census Tract 4635; Los Angeles County; California","180043","49458",
"1400000US06037463601","Census Tract 4636.01; Los Angeles County; California","145052","49722",
"1400000US06037463602","Census Tract 4636.02; Los Angeles County; California","172944","61667",
"1400000US06037463700","Census Tract 4637; Los Angeles County; California","219375","54389",
"1400000US06037463800","Census Tract 4638; Los Angeles County; California","250,000+","***",
"1400000US06037463900","Census Tract 4639; Los Angeles County; California","165556","37758",
"1400000US06037464000","Census Tract 4640; Los Angeles County; California","192292","61163",
"1400000US06037464101","Census Tract 4641.01; Los Angeles County; California","250,000+","***",
"1400000US06037464102","Census Tract 4641.02; Los Angeles County; California","241250","62874",
"1400000US06037464200","Census Tract 4642; Los Angeles County; California","198580","44953",
"1400000US06037480002","Census Tract 4800.02; Los Angeles County; California","137134","25629",
"1400000US06037480011","Census Tract 4800.11; Los Angeles County; California","108409","40537",
"1400000US06037480012","Census Tract 4800.12; Los Angeles County; California","114534","10419",
"1400000US06037480101","Census Tract 4801.01; Los Angeles County; California","100287","10779",
"1400000US06037480102","Census Tract 4801.02; Los Angeles County; California","144375","62761",
"1400000US06037480201","Census Tract 4802.01; Los Angeles County; California","171389","26950",
"1400000US06037480202","Census Tract 4802.02; Los Angeles County; California","163571","43549",
"1400000US06037480302","Census Tract 4803.02; Los Angeles County; California","137500","46590",
"1400000US06037480303","Census Tract 4803.03; Los Angeles County; California","94288","5771",
"1400000US06037480304","Census Tract 4803.04; Los Angeles County; California","81625","17015",
"1400000US06037480400","Census Tract 4804; Los Angeles County; California","89623","18764",
"1400000US06037480500","Census Tract 4805; Los Angeles County; California","196016","62835",
"1400000US06037480601","Census Tract 4806.01; Los Angeles County; California","136151","34523",
"1400000US06037480602","Census Tract 4806.02; Los Angeles County; California","154887","41830",
"1400000US06037480702","Census Tract 4807.02; Los Angeles County; California","167404","47046",
"1400000US06037480703","Census Tract 4807.03; Los Angeles County; California","191295","18847",
"1400000US06037480704","Census Tract 4807.04; Los Angeles County; California","146205","13306",
"1400000US06037480802","Census Tract 4808.02; Los Angeles County; California","118809","18649",
"1400000US06037480803","Census Tract 4808.03; Los Angeles County; California","111563","23879",
"1400000US06037480804","Census Tract 4808.04; Los Angeles County; California","94844","18244",
"1400000US06037480901","Census Tract 4809.01; Los Angeles County; California","75642","17717",
"1400000US06037480902","Census Tract 4809.02; Los Angeles County; California","60881","23943",
"1400000US06037480903","Census Tract 4809.03; Los Angeles County; California","85208","19526",
"1400000US06037481001","Census Tract 4810.01; Los Angeles County; California","73013","17461",
"1400000US06037481002","Census Tract 4810.02; Los Angeles County; California","71775","11038",
"1400000US06037481101","Census Tract 4811.01; Los Angeles County; California","100417","27396",
"1400000US06037481102","Census Tract 4811.02; Los Angeles County; California","72457","21221",
"1400000US06037481103","Census Tract 4811.03; Los Angeles County; California","72122","12959",
"1400000US06037481201","Census Tract 4812.01; Los Angeles County; California","81667","23370",
"1400000US06037481203","Census Tract 4812.03; Los Angeles County; California","81750","20649",
"1400000US06037481300","Census Tract 4813; Los Angeles County; California","75893","14677",
"1400000US06037481401","Census Tract 4814.01; Los Angeles County; California","79196","19938",
"1400000US06037481403","Census Tract 4814.03; Los Angeles County; California","82140","4846",
"1400000US06037481404","Census Tract 4814.04; Los Angeles County; California","88980","55125",
"1400000US06037481500","Census Tract 4815; Los Angeles County; California","91250","35592",
"1400000US06037481603","Census Tract 4816.03; Los Angeles County; California","83438","30647",
"1400000US06037481604","Census Tract 4816.04; Los Angeles County; California","91071","37679",
"1400000US06037481605","Census Tract 4816.05; Los Angeles County; California","90021","34824",
"1400000US06037481606","Census Tract 4816.06; Los Angeles County; California","74344","11063",
"1400000US06037481711","Census Tract 4817.11; Los Angeles County; California","55349","6337",
"1400000US06037481712","Census Tract 4817.12; Los Angeles County; California","40208","8341",
"1400000US06037481713","Census Tract 4817.13; Los Angeles County; California","73144","29326",
"1400000US06037481714","Census Tract 4817.14; Los Angeles County; California","43958","9550",
"1400000US06037481800","Census Tract 4818; Los Angeles County; California","155972","27783",
"1400000US06037481901","Census Tract 4819.01; Los Angeles County; California","135469","27656",
"1400000US06037481902","Census Tract 4819.02; Los Angeles County; California","84512","12035",
"1400000US06037482001","Census Tract 4820.01; Los Angeles County; California","156167","23103",
"1400000US06037482002","Census Tract 4820.02; Los Angeles County; California","141515","36117",
"1400000US06037482101","Census Tract 4821.01; Los Angeles County; California","94394","14284",
"1400000US06037482102","Census Tract 4821.02; Los Angeles County; California","95714","28785",
"1400000US06037482201","Census Tract 4822.01; Los Angeles County; California","60156","11444",
"1400000US06037482202","Census Tract 4822.02; Los Angeles County; California","57849","12388",
"1400000US06037482301","Census Tract 4823.01; Los Angeles County; California","87083","18696",
"1400000US06037482303","Census Tract 4823.03; Los Angeles County; California","77500","12368",
"1400000US06037482304","Census Tract 4823.04; Los Angeles County; California","49650","9371",
"1400000US06037482401","Census Tract 4824.01; Los Angeles County; California","70000","19831",
"1400000US06037482403","Census Tract 4824.03; Los Angeles County; California","66875","32922",
"1400000US06037482404","Census Tract 4824.04; Los Angeles County; California","105075","61638",
"1400000US06037482502","Census Tract 4825.02; Los Angeles County; California","75625","11625",
"1400000US06037482503","Census Tract 4825.03; Los Angeles County; California","84274","28505",
"1400000US06037482521","Census Tract 4825.21; Los Angeles County; California","81717","4341",
"1400000US06037482522","Census Tract 4825.22; Los Angeles County; California","95750","26072",
"1400000US06037482600","Census Tract 4826; Los Angeles County; California","110476","22621",
"1400000US06037482701","Census Tract 4827.01; Los Angeles County; California","95417","11403",
"1400000US06037482702","Census Tract 4827.02; Los Angeles County; California","112946","14538",
"1400000US06037482801","Census Tract 4828.01; Los Angeles County; California","117778","27767",
"1400000US06037500100","Census Tract 5001; Los Angeles County; California","233417","40181",
"1400000US06037500202","Census Tract 5002.02; Los Angeles County; California","146196","55246",
"1400000US06037500203","Census Tract 5002.03; Los Angeles County; California","170417","59039",
"1400000US06037500204","Census Tract 5002.04; Los Angeles County; California","197546","83910",
"1400000US06037500300","Census Tract 5003; Los Angeles County; California","124455","43660",
"1400000US06037500402","Census Tract 5004.02; Los Angeles County; California","76683","20710",
"1400000US06037500403","Census Tract 5004.03; Los Angeles County; California","103676","35947",
"1400000US06037500404","Census Tract 5004.04; Los Angeles County; California","103906","19786",
"1400000US06037500500","Census Tract 5005; Los Angeles County; California","71719","17901",
"1400000US06037500600","Census Tract 5006; Los Angeles County; California","110776","25590",
"1400000US06037500700","Census Tract 5007; Los Angeles County; California","91685","30354",
"1400000US06037500800","Census Tract 5008; Los Angeles County; California","107969","32770",
"1400000US06037500900","Census Tract 5009; Los Angeles County; California","94394","16825",
"1400000US06037501001","Census Tract 5010.01; Los Angeles County; California","93750","27196",
"1400000US06037501002","Census Tract 5010.02; Los Angeles County; California","114389","16025",
"1400000US06037501200","Census Tract 5012; Los Angeles County; California","97361","16016",
"1400000US06037501301","Census Tract 5013.01; Los Angeles County; California","96818","25104",
"1400000US06037501302","Census Tract 5013.02; Los Angeles County; California","106563","16503",
"1400000US06037501400","Census Tract 5014; Los Angeles County; California","96349","34117",
"1400000US06037501501","Census Tract 5015.01; Los Angeles County; California","145764","24339",
"1400000US06037501503","Census Tract 5015.03; Los Angeles County; California","84857","20062",
"1400000US06037501504","Census Tract 5015.04; Los Angeles County; California","66513","11457",
"1400000US06037501600","Census Tract 5016; Los Angeles County; California","126563","48728",
"1400000US06037501700","Census Tract 5017; Los Angeles County; California","136333","29941",
"1400000US06037501802","Census Tract 5018.02; Los Angeles County; California","108295","23204",
"1400000US06037501803","Census Tract 5018.03; Los Angeles County; California","61997","6358",
"1400000US06037501804","Census Tract 5018.04; Los Angeles County; California","60972","13515",
"1400000US06037501900","Census Tract 5019; Los Angeles County; California","104476","23141",
"1400000US06037502003","Census Tract 5020.03; Los Angeles County; California","77647","20980",
"1400000US06037502004","Census Tract 5020.04; Los Angeles County; California","77321","27300",
"1400000US06037502005","Census Tract 5020.05; Los Angeles County; California","91658","23765",
"1400000US06037502100","Census Tract 5021; Los Angeles County; California","94955","24433",
"1400000US06037502200","Census Tract 5022; Los Angeles County; California","114665","13998",
"1400000US06037502303","Census Tract 5023.03; Los Angeles County; California","80000","25901",
"1400000US06037502401","Census Tract 5024.01; Los Angeles County; California","99000","18886",
"1400000US06037502402","Census Tract 5024.02; Los Angeles County; California","102396","19924",
"1400000US06037502500","Census Tract 5025; Los Angeles County; California","88382","33975",
"1400000US06037502602","Census Tract 5026.02; Los Angeles County; California","85813","13299",
"1400000US06037502603","Census Tract 5026.03; Los Angeles County; California","124662","29624",
"1400000US06037502604","Census Tract 5026.04; Los Angeles County; California","125064","33320",
"1400000US06037502700","Census Tract 5027; Los Angeles County; California","91125","22607",
"1400000US06037502801","Census Tract 5028.01; Los Angeles County; California","104297","19316",
"1400000US06037502901","Census Tract 5029.01; Los Angeles County; California","124679","25367",
"1400000US06037503000","Census Tract 5030; Los Angeles County; California","106984","24119",
"1400000US06037503103","Census Tract 5031.03; Los Angeles County; California","109950","10669",
"1400000US06037503104","Census Tract 5031.04; Los Angeles County; California","85438","6932",
"1400000US06037503105","Census Tract 5031.05; Los Angeles County; California","121080","11053",
"1400000US06037503106","Census Tract 5031.06; Los Angeles County; California","98750","19931",
"1400000US06037503201","Census Tract 5032.01; Los Angeles County; California","102083","14277",
"1400000US06037503202","Census Tract 5032.02; Los Angeles County; California","118125","41245",
"1400000US06037503301","Census Tract 5033.01; Los Angeles County; California","134583","28133",
"1400000US06037503302","Census Tract 5033.02; Los Angeles County; California","97180","6433",
"1400000US06037503401","Census Tract 5034.01; Los Angeles County; California","121616","30151",
"1400000US06037503402","Census Tract 5034.02; Los Angeles County; California","102500","35019",
"1400000US06037503501","Census Tract 5035.01; Los Angeles County; California","102750","17064",
"1400000US06037503502","Census Tract 5035.02; Los Angeles County; California","103207","46378",
"1400000US06037503601","Census Tract 5036.01; Los Angeles County; California","115917","31301",
"1400000US06037503602","Census Tract 5036.02; Los Angeles County; California","154605","28742",
"1400000US06037503701","Census Tract 5037.01; Los Angeles County; California","115938","20260",
"1400000US06037503702","Census Tract 5037.02; Los Angeles County; California","127109","16566",
"1400000US06037503704","Census Tract 5037.04; Los Angeles County; California","113723","54628",
"1400000US06037503705","Census Tract 5037.05; Los Angeles County; California","126750","32255",
"1400000US06037503801","Census Tract 5038.01; Los Angeles County; California","106067","14108",
"1400000US06037503802","Census Tract 5038.02; Los Angeles County; California","106814","9255",
"1400000US06037503901","Census Tract 5039.01; Los Angeles County; California","153583","25850",
"1400000US06037503902","Census Tract 5039.02; Los Angeles County; California","122679","11315",
"1400000US06037504001","Census Tract 5040.01; Los Angeles County; California","138667","12745",
"1400000US06037504002","Census Tract 5040.02; Los Angeles County; California","152763","23039",
"1400000US06037504101","Census Tract 5041.01; Los Angeles County; California","94875","23435",
"1400000US06037504200","Census Tract 5042; Los Angeles County; California","80217","14075",
"1400000US06037530005","Census Tract 5300.05; Los Angeles County; California","122396","35696",
"1400000US06037530006","Census Tract 5300.06; Los Angeles County; California","77310","14751",
"1400000US06037530007","Census Tract 5300.07; Los Angeles County; California","93859","44316",
"1400000US06037530101","Census Tract 5301.01; Los Angeles County; California","54504","18995",
"1400000US06037530102","Census Tract 5301.02; Los Angeles County; California","85313","18278",
"1400000US06037530202","Census Tract 5302.02; Los Angeles County; California","113450","44989",
"1400000US06037530203","Census Tract 5302.03; Los Angeles County; California","51341","17085",
"1400000US06037530204","Census Tract 5302.04; Los Angeles County; California","72727","16321",
"1400000US06037530301","Census Tract 5303.01; Los Angeles County; California","68036","24285",
"1400000US06037530302","Census Tract 5303.02; Los Angeles County; California","69926","31916",
"1400000US06037530400","Census Tract 5304; Los Angeles County; California","42326","19809",
"1400000US06037530500","Census Tract 5305; Los Angeles County; California","71642","8877",
"1400000US06037530603","Census Tract 5306.03; Los Angeles County; California","94375","19917",
"1400000US06037530700","Census Tract 5307; Los Angeles County; California","100685","30537",
"1400000US06037530801","Census Tract 5308.01; Los Angeles County; California","72669","14772",
"1400000US06037530802","Census Tract 5308.02; Los Angeles County; California","71100","17015",
"1400000US06037530901","Census Tract 5309.01; Los Angeles County; California","63409","20001",
"1400000US06037530902","Census Tract 5309.02; Los Angeles County; California","42250","6550",
"1400000US06037531000","Census Tract 5310; Los Angeles County; California","84534","21039",
"1400000US06037531101","Census Tract 5311.01; Los Angeles County; California","75050","23014",
"1400000US06037531102","Census Tract 5311.02; Los Angeles County; California","66250","26433",
"1400000US06037531201","Census Tract 5312.01; Los Angeles County; California","75000","16099",
"1400000US06037531202","Census Tract 5312.02; Los Angeles County; California","61905","16985",
"1400000US06037531301","Census Tract 5313.01; Los Angeles County; California","68464","15254",
"1400000US06037531302","Census Tract 5313.02; Los Angeles County; California","58814","10690",
"1400000US06037531502","Census Tract 5315.02; Los Angeles County; California","53594","12934",
"1400000US06037531503","Census Tract 5315.03; Los Angeles County; California","80283","23446",
"1400000US06037531504","Census Tract 5315.04; Los Angeles County; California","64167","21675",
"1400000US06037531602","Census Tract 5316.02; Los Angeles County; California","64960","21124",
"1400000US06037531603","Census Tract 5316.03; Los Angeles County; California","77656","16367",
"1400000US06037531604","Census Tract 5316.04; Los Angeles County; California","46620","16236",
"1400000US06037531701","Census Tract 5317.01; Los Angeles County; California","68542","12659",
"1400000US06037531702","Census Tract 5317.02; Los Angeles County; California","78981","20149",
"1400000US06037531800","Census Tract 5318; Los Angeles County; California","102028","29268",
"1400000US06037531901","Census Tract 5319.01; Los Angeles County; California","66625","13733",
"1400000US06037531902","Census Tract 5319.02; Los Angeles County; California","85733","17904",
"1400000US06037532001","Census Tract 5320.01; Los Angeles County; California","83125","20615",
"1400000US06037532002","Census Tract 5320.02; Los Angeles County; California","85375","9621",
"1400000US06037532101","Census Tract 5321.01; Los Angeles County; California","66886","14183",
"1400000US06037532102","Census Tract 5321.02; Los Angeles County; California","106875","26603",
"1400000US06037532200","Census Tract 5322; Los Angeles County; California","78794","22793",
"1400000US06037532302","Census Tract 5323.02; Los Angeles County; California","62596","12395",
"1400000US06037532303","Census Tract 5323.03; Los Angeles County; California","79578","6098",
"1400000US06037532304","Census Tract 5323.04; Los Angeles County; California","121765","29411",
"1400000US06037532500","Census Tract 5325; Los Angeles County; California","64188","10921",
"1400000US06037532605","Census Tract 5326.05; Los Angeles County; California","62500","27841",
"1400000US06037532606","Census Tract 5326.06; Los Angeles County; California","57692","21880",
"1400000US06037532607","Census Tract 5326.07; Los Angeles County; California","55536","10914",
"1400000US06037532700","Census Tract 5327; Los Angeles County; California","62083","13891",
"1400000US06037532800","Census Tract 5328; Los Angeles County; California","46627","9256",
"1400000US06037532900","Census Tract 5329; Los Angeles County; California","43109","4132",
"1400000US06037533001","Census Tract 5330.01; Los Angeles County; California","78063","18749",
"1400000US06037533002","Census Tract 5330.02; Los Angeles County; California","58500","10267",
"1400000US06037533103","Census Tract 5331.03; Los Angeles County; California","48313","10951",
"1400000US06037533104","Census Tract 5331.04; Los Angeles County; California","44333","13950",
"1400000US06037533105","Census Tract 5331.05; Los Angeles County; California","42000","9154",
"1400000US06037533108","Census Tract 5331.08; Los Angeles County; California","51000","8124",
"1400000US06037533201","Census Tract 5332.01; Los Angeles County; California","51797","34699",
"1400000US06037533204","Census Tract 5332.04; Los Angeles County; California","70756","10096",
"1400000US06037533300","Census Tract 5333; Los Angeles County; California","48869","17617",
"1400000US06037533401","Census Tract 5334.01; Los Angeles County; California","60250","15343",
"1400000US06037533402","Census Tract 5334.02; Los Angeles County; California","58258","8164",
"1400000US06037533403","Census Tract 5334.03; Los Angeles County; California","68750","1863",
"1400000US06037533501","Census Tract 5335.01; Los Angeles County; California","85469","32726",
"1400000US06037533504","Census Tract 5335.04; Los Angeles County; California","61895","7090",
"1400000US06037533601","Census Tract 5336.01; Los Angeles County; California","66786","11898",
"1400000US06037533602","Census Tract 5336.02; Los Angeles County; California","60568","9663",
"1400000US06037533603","Census Tract 5336.03; Los Angeles County; California","50598","8977",
"1400000US06037533701","Census Tract 5337.01; Los Angeles County; California","73750","11406",
"1400000US06037533702","Census Tract 5337.02; Los Angeles County; California","71250","7953",
"1400000US06037533703","Census Tract 5337.03; Los Angeles County; California","58125","19761",
"1400000US06037533803","Census Tract 5338.03; Los Angeles County; California","51875","14743",
"1400000US06037533804","Census Tract 5338.04; Los Angeles County; California","75759","16757",
"1400000US06037533805","Census Tract 5338.05; Los Angeles County; California","60558","10659",
"1400000US06037533806","Census Tract 5338.06; Los Angeles County; California","70493","18947",
"1400000US06037533901","Census Tract 5339.01; Los Angeles County; California","55139","13691",
"1400000US06037533902","Census Tract 5339.02; Los Angeles County; California","61250","13123",
"1400000US06037534001","Census Tract 5340.01; Los Angeles County; California","60040","13432",
"1400000US06037534002","Census Tract 5340.02; Los Angeles County; California","75444","18556",
"1400000US06037534101","Census Tract 5341.01; Los Angeles County; California","56406","8954",
"1400000US06037534102","Census Tract 5341.02; Los Angeles County; California","46443","4947",
"1400000US06037534201","Census Tract 5342.01; Los Angeles County; California","54674","19335",
"1400000US06037534202","Census Tract 5342.02; Los Angeles County; California","41657","11745",
"1400000US06037534203","Census Tract 5342.03; Los Angeles County; California","52580","5872",
"1400000US06037534301","Census Tract 5343.01; Los Angeles County; California","43646","21406",
"1400000US06037534302","Census Tract 5343.02; Los Angeles County; California","58654","25189",
"1400000US06037534403","Census Tract 5344.03; Los Angeles County; California","51154","28624",
"1400000US06037534404","Census Tract 5344.04; Los Angeles County; California","61750","13760",
"1400000US06037534405","Census Tract 5344.05; Los Angeles County; California","57368","14774",
"1400000US06037534406","Census Tract 5344.06; Los Angeles County; California","52538","8973",
"1400000US06037534501","Census Tract 5345.01; Los Angeles County; California","67556","19112",
"1400000US06037534502","Census Tract 5345.02; Los Angeles County; California","72050","23262",
"1400000US06037534700","Census Tract 5347; Los Angeles County; California","83571","13218",
"1400000US06037534802","Census Tract 5348.02; Los Angeles County; California","57750","12888",
"1400000US06037534803","Census Tract 5348.03; Los Angeles County; California","72159","17943",
"1400000US06037534804","Census Tract 5348.04; Los Angeles County; California","74688","14909",
"1400000US06037534900","Census Tract 5349; Los Angeles County; California","85767","14774",
"1400000US06037535001","Census Tract 5350.01; Los Angeles County; California","58125","18722",
"1400000US06037535002","Census Tract 5350.02; Los Angeles County; California","49395","17171",
"1400000US06037535101","Census Tract 5351.01; Los Angeles County; California","67029","10987",
"1400000US06037535102","Census Tract 5351.02; Los Angeles County; California","65896","12970",
"1400000US06037535200","Census Tract 5352; Los Angeles County; California","68516","14038",
"1400000US06037535300","Census Tract 5353; Los Angeles County; California","59849","9969",
"1400000US06037535400","Census Tract 5354; Los Angeles County; California","50536","12361",
"1400000US06037535501","Census Tract 5355.01; Los Angeles County; California","59236","12405",
"1400000US06037535502","Census Tract 5355.02; Los Angeles County; California","76000","13781",
"1400000US06037535503","Census Tract 5355.03; Los Angeles County; California","85455","25383",
"1400000US06037535603","Census Tract 5356.03; Los Angeles County; California","64063","26425",
"1400000US06037535604","Census Tract 5356.04; Los Angeles County; California","78056","13480",
"1400000US06037535605","Census Tract 5356.05; Los Angeles County; California","72460","7331",
"1400000US06037535606","Census Tract 5356.06; Los Angeles County; California","66618","20558",
"1400000US06037535607","Census Tract 5356.07; Los Angeles County; California","66842","15835",
"1400000US06037535701","Census Tract 5357.01; Los Angeles County; California","90269","27369",
"1400000US06037535702","Census Tract 5357.02; Los Angeles County; California","72470","25662",
"1400000US06037535802","Census Tract 5358.02; Los Angeles County; California","93819","6928",
"1400000US06037535803","Census Tract 5358.03; Los Angeles County; California","56059","5591",
"1400000US06037535804","Census Tract 5358.04; Los Angeles County; California","68000","20295",
"1400000US06037535901","Census Tract 5359.01; Los Angeles County; California","53795","29783",
"1400000US06037535902","Census Tract 5359.02; Los Angeles County; California","87033","15196",
"1400000US06037536000","Census Tract 5360; Los Angeles County; California","56855","12416",
"1400000US06037536102","Census Tract 5361.02; Los Angeles County; California","79157","8528",
"1400000US06037536103","Census Tract 5361.03; Los Angeles County; California","72102","8158",
"1400000US06037536104","Census Tract 5361.04; Los Angeles County; California","78438","17948",
"1400000US06037536201","Census Tract 5362.01; Los Angeles County; California","102586","38224",
"1400000US06037536202","Census Tract 5362.02; Los Angeles County; California","72165","8693",
"1400000US06037540000","Census Tract 5400; Los Angeles County; California","59631","3808",
"1400000US06037540101","Census Tract 5401.01; Los Angeles County; California","79102","17880",
"1400000US06037540102","Census Tract 5401.02; Los Angeles County; California","125455","26263",
"1400000US06037540201","Census Tract 5402.01; Los Angeles County; California","54375","10669",
"1400000US06037540202","Census Tract 5402.02; Los Angeles County; California","61625","12428",
"1400000US06037540203","Census Tract 5402.03; Los Angeles County; California","60085","20390",
"1400000US06037540300","Census Tract 5403; Los Angeles County; California","73977","24126",
"1400000US06037540400","Census Tract 5404; Los Angeles County; California","83438","13882",
"1400000US06037540501","Census Tract 5405.01; Los Angeles County; California","81813","20467",
"1400000US06037540502","Census Tract 5405.02; Los Angeles County; California","53250","12679",
"1400000US06037540600","Census Tract 5406; Los Angeles County; California","54042","23895",
"1400000US06037540700","Census Tract 5407; Los Angeles County; California","76847","14928",
"1400000US06037540800","Census Tract 5408; Los Angeles County; California","81618","28393",
"1400000US06037540901","Census Tract 5409.01; Los Angeles County; California","77756","36335",
"1400000US06037540902","Census Tract 5409.02; Los Angeles County; California","96161","15621",
"1400000US06037541003","Census Tract 5410.03; Los Angeles County; California","98250","18371",
"1400000US06037541100","Census Tract 5411; Los Angeles County; California","92244","15357",
"1400000US06037541200","Census Tract 5412; Los Angeles County; California","105054","29616",
"1400000US06037541300","Census Tract 5413; Los Angeles County; California","108542","30202",
"1400000US06037541401","Census Tract 5414.01; Los Angeles County; California","68641","19775",
"1400000US06037541402","Census Tract 5414.02; Los Angeles County; California","95547","39240",
"1400000US06037541500","Census Tract 5415; Los Angeles County; California","75085","33196",
"1400000US06037541603","Census Tract 5416.03; Los Angeles County; California","70804","12108",
"1400000US06037541604","Census Tract 5416.04; Los Angeles County; California","54259","10348",
"1400000US06037541605","Census Tract 5416.05; Los Angeles County; California","63555","6692",
"1400000US06037541606","Census Tract 5416.06; Los Angeles County; California","47604","14761",
"1400000US06037541700","Census Tract 5417; Los Angeles County; California","79625","28562",
"1400000US06037541801","Census Tract 5418.01; Los Angeles County; California","67295","15822",
"1400000US06037541802","Census Tract 5418.02; Los Angeles County; California","70718","10864",
"1400000US06037542000","Census Tract 5420; Los Angeles County; California","102111","9368",
"1400000US06037542103","Census Tract 5421.03; Los Angeles County; California","73843","16863",
"1400000US06037542104","Census Tract 5421.04; Los Angeles County; California","76375","18551",
"1400000US06037542105","Census Tract 5421.05; Los Angeles County; California","63970","4832",
"1400000US06037542106","Census Tract 5421.06; Los Angeles County; California","57500","15612",
"1400000US06037542200","Census Tract 5422; Los Angeles County; California","74167","18475",
"1400000US06037542401","Census Tract 5424.01; Los Angeles County; California","70568","14634",
"1400000US06037542402","Census Tract 5424.02; Los Angeles County; California","85857","19660",
"1400000US06037542501","Census Tract 5425.01; Los Angeles County; California","87604","14240",
"1400000US06037542502","Census Tract 5425.02; Los Angeles County; California","73650","21964",
"1400000US06037542601","Census Tract 5426.01; Los Angeles County; California","77891","16103",
"1400000US06037542602","Census Tract 5426.02; Los Angeles County; California","80125","27258",
"1400000US06037542700","Census Tract 5427; Los Angeles County; California","85756","9416",
"1400000US06037542800","Census Tract 5428; Los Angeles County; California","73819","18722",
"1400000US06037542900","Census Tract 5429; Los Angeles County; California","77625","17961",
"1400000US06037543000","Census Tract 5430; Los Angeles County; California","67365","35410",
"1400000US06037543100","Census Tract 5431; Los Angeles County; California","83068","20249",
"1400000US06037543201","Census Tract 5432.01; Los Angeles County; California","112083","42584",
"1400000US06037543203","Census Tract 5432.03; Los Angeles County; California","44248","6990",
"1400000US06037543304","Census Tract 5433.04; Los Angeles County; California","124464","29788",
"1400000US06037543305","Census Tract 5433.05; Los Angeles County; California","87366","8952",
"1400000US06037543306","Census Tract 5433.06; Los Angeles County; California","105739","11267",
"1400000US06037543321","Census Tract 5433.21; Los Angeles County; California","129536","65503",
"1400000US06037543322","Census Tract 5433.22; Los Angeles County; California","126350","16105",
"1400000US06037543400","Census Tract 5434; Los Angeles County; California","91810","25988",
"1400000US06037543501","Census Tract 5435.01; Los Angeles County; California","116089","17795",
"1400000US06037543502","Census Tract 5435.02; Los Angeles County; California","143977","14826",
"1400000US06037543503","Census Tract 5435.03; Los Angeles County; California","103365","43294",
"1400000US06037543601","Census Tract 5436.01; Los Angeles County; California","108349","32253",
"1400000US06037543603","Census Tract 5436.03; Los Angeles County; California","99583","43695",
"1400000US06037543605","Census Tract 5436.05; Los Angeles County; California","106897","28520",
"1400000US06037543606","Census Tract 5436.06; Los Angeles County; California","81190","32097",
"1400000US06037543607","Census Tract 5436.07; Los Angeles County; California","111765","23912",
"1400000US06037543701","Census Tract 5437.01; Los Angeles County; California","122692","27876",
"1400000US06037543703","Census Tract 5437.03; Los Angeles County; California","138281","25987",
"1400000US06037543704","Census Tract 5437.04; Los Angeles County; California","117500","66572",
"1400000US06037543705","Census Tract 5437.05; Los Angeles County; California","103871","16050",
"1400000US06037543801","Census Tract 5438.01; Los Angeles County; California","115750","24146",
"1400000US06037543803","Census Tract 5438.03; Los Angeles County; California","101852","32210",
"1400000US06037543804","Census Tract 5438.04; Los Angeles County; California","116295","55585",
"1400000US06037543903","Census Tract 5439.03; Los Angeles County; California","119038","22695",
"1400000US06037543905","Census Tract 5439.05; Los Angeles County; California","80875","12519",
"1400000US06037544001","Census Tract 5440.01; Los Angeles County; California","81923","24805",
"1400000US06037544002","Census Tract 5440.02; Los Angeles County; California","111161","12342",
"1400000US06037550101","Census Tract 5501.01; Los Angeles County; California","115556","13939",
"1400000US06037550201","Census Tract 5502.01; Los Angeles County; California","87154","11818",
"1400000US06037550202","Census Tract 5502.02; Los Angeles County; California","112931","14965",
"1400000US06037550301","Census Tract 5503.01; Los Angeles County; California","141630","29882",
"1400000US06037550501","Census Tract 5505.01; Los Angeles County; California","66776","22214",
"1400000US06037550502","Census Tract 5505.02; Los Angeles County; California","156442","52608",
"1400000US06037550601","Census Tract 5506.01; Los Angeles County; California","106169","22143",
"1400000US06037550602","Census Tract 5506.02; Los Angeles County; California","123274","23413",
"1400000US06037550700","Census Tract 5507; Los Angeles County; California","127935","32679",
"1400000US06037550801","Census Tract 5508.01; Los Angeles County; California","108750","51957",
"1400000US06037550802","Census Tract 5508.02; Los Angeles County; California","81288","53754",
"1400000US06037550901","Census Tract 5509.01; Los Angeles County; California","84469","11004",
"1400000US06037550902","Census Tract 5509.02; Los Angeles County; California","84201","9774",
"1400000US06037551001","Census Tract 5510.01; Los Angeles County; California","85769","12943",
"1400000US06037551002","Census Tract 5510.02; Los Angeles County; California","113800","36995",
"1400000US06037551101","Census Tract 5511.01; Los Angeles County; California","81346","18739",
"1400000US06037551102","Census Tract 5511.02; Los Angeles County; California","60000","9595",
"1400000US06037551201","Census Tract 5512.01; Los Angeles County; California","78826","24354",
"1400000US06037551203","Census Tract 5512.03; Los Angeles County; California","102138","74366",
"1400000US06037551204","Census Tract 5512.04; Los Angeles County; California","73250","26632",
"1400000US06037551300","Census Tract 5513; Los Angeles County; California","74565","19553",
"1400000US06037551401","Census Tract 5514.01; Los Angeles County; California","86942","20526",
"1400000US06037551402","Census Tract 5514.02; Los Angeles County; California","99306","20273",
"1400000US06037551501","Census Tract 5515.01; Los Angeles County; California","118261","22285",
"1400000US06037551502","Census Tract 5515.02; Los Angeles County; California","101622","14377",
"1400000US06037551700","Census Tract 5517; Los Angeles County; California","96958","17051",
"1400000US06037551801","Census Tract 5518.01; Los Angeles County; California","103042","15047",
"1400000US06037551802","Census Tract 5518.02; Los Angeles County; California","83871","10070",
"1400000US06037551900","Census Tract 5519; Los Angeles County; California","95918","20363",
"1400000US06037552001","Census Tract 5520.01; Los Angeles County; California","94732","19818",
"1400000US06037552002","Census Tract 5520.02; Los Angeles County; California","105750","14824",
"1400000US06037552100","Census Tract 5521; Los Angeles County; California","95972","21786",
"1400000US06037552200","Census Tract 5522; Los Angeles County; California","65683","4760",
"1400000US06037552301","Census Tract 5523.01; Los Angeles County; California","103523","25454",
"1400000US06037552302","Census Tract 5523.02; Los Angeles County; California","96667","51197",
"1400000US06037552400","Census Tract 5524; Los Angeles County; California","70250","11876",
"1400000US06037552601","Census Tract 5526.01; Los Angeles County; California","102241","28097",
"1400000US06037552602","Census Tract 5526.02; Los Angeles County; California","110231","12848",
"1400000US06037552700","Census Tract 5527; Los Angeles County; California","107935","15500",
"1400000US06037552800","Census Tract 5528; Los Angeles County; California","119519","12345",
"1400000US06037552900","Census Tract 5529; Los Angeles County; California","78929","26084",
"1400000US06037553000","Census Tract 5530; Los Angeles County; California","153393","41894",
"1400000US06037553100","Census Tract 5531; Los Angeles County; California","109667","10816",
"1400000US06037553201","Census Tract 5532.01; Los Angeles County; California","94615","20101",
"1400000US06037553202","Census Tract 5532.02; Los Angeles County; California","111184","44882",
"1400000US06037553300","Census Tract 5533; Los Angeles County; California","102717","40184",
"1400000US06037553400","Census Tract 5534; Los Angeles County; California","104671","12858",
"1400000US06037553502","Census Tract 5535.02; Los Angeles County; California","95799","20292",
"1400000US06037553503","Census Tract 5535.03; Los Angeles County; California","58917","15772",
"1400000US06037553504","Census Tract 5535.04; Los Angeles County; California","80714","19575",
"1400000US06037553601","Census Tract 5536.01; Los Angeles County; California","65071","8916",
"1400000US06037553602","Census Tract 5536.02; Los Angeles County; California","84450","31278",
"1400000US06037553701","Census Tract 5537.01; Los Angeles County; California","69100","11289",
"1400000US06037553702","Census Tract 5537.02; Los Angeles County; California","61705","15737",
"1400000US06037553801","Census Tract 5538.01; Los Angeles County; California","59792","22318",
"1400000US06037553802","Census Tract 5538.02; Los Angeles County; California","74247","11424",
"1400000US06037553901","Census Tract 5539.01; Los Angeles County; California","86713","8797",
"1400000US06037553902","Census Tract 5539.02; Los Angeles County; California","78158","13709",
"1400000US06037554001","Census Tract 5540.01; Los Angeles County; California","78125","34630",
"1400000US06037554002","Census Tract 5540.02; Los Angeles County; California","94896","42365",
"1400000US06037554101","Census Tract 5541.01; Los Angeles County; California","71453","18891",
"1400000US06037554105","Census Tract 5541.05; Los Angeles County; California","57031","16867",
"1400000US06037554106","Census Tract 5541.06; Los Angeles County; California","91327","4813",
"1400000US06037554201","Census Tract 5542.01; Los Angeles County; California","99826","12232",
"1400000US06037554203","Census Tract 5542.03; Los Angeles County; California","74696","14110",
"1400000US06037554204","Census Tract 5542.04; Los Angeles County; California","46630","24970",
"1400000US06037554301","Census Tract 5543.01; Los Angeles County; California","83750","20711",
"1400000US06037554302","Census Tract 5543.02; Los Angeles County; California","77634","13425",
"1400000US06037554403","Census Tract 5544.03; Los Angeles County; California","75327","19112",
"1400000US06037554404","Census Tract 5544.04; Los Angeles County; California","82841","7850",
"1400000US06037554405","Census Tract 5544.05; Los Angeles County; California","72903","37278",
"1400000US06037554406","Census Tract 5544.06; Los Angeles County; California","115750","26898",
"1400000US06037554511","Census Tract 5545.11; Los Angeles County; California","158723","22790",
"1400000US06037554512","Census Tract 5545.12; Los Angeles County; California","175000","17158",
"1400000US06037554513","Census Tract 5545.13; Los Angeles County; California","126458","23060",
"1400000US06037554514","Census Tract 5545.14; Los Angeles County; California","144360","4866",
"1400000US06037554515","Census Tract 5545.15; Los Angeles County; California","121833","41380",
"1400000US06037554516","Census Tract 5545.16; Los Angeles County; California","175082","32198",
"1400000US06037554517","Census Tract 5545.17; Los Angeles County; California","149167","19032",
"1400000US06037554518","Census Tract 5545.18; Los Angeles County; California","128875","16122",
"1400000US06037554519","Census Tract 5545.19; Los Angeles County; California","149211","47274",
"1400000US06037554521","Census Tract 5545.21; Los Angeles County; California","123750","16004",
"1400000US06037554522","Census Tract 5545.22; Los Angeles County; California","145000","38224",
"1400000US06037554600","Census Tract 5546; Los Angeles County; California","97333","15528",
"1400000US06037554700","Census Tract 5547; Los Angeles County; California","109674","18369",
"1400000US06037554801","Census Tract 5548.01; Los Angeles County; California","122404","24257",
"1400000US06037554802","Census Tract 5548.02; Los Angeles County; California","118090","11918",
"1400000US06037554900","Census Tract 5549; Los Angeles County; California","87526","10575",
"1400000US06037555001","Census Tract 5550.01; Los Angeles County; California","92333","11959",
"1400000US06037555002","Census Tract 5550.02; Los Angeles County; California","86935","42663",
"1400000US06037555105","Census Tract 5551.05; Los Angeles County; California","96667","21567",
"1400000US06037555106","Census Tract 5551.06; Los Angeles County; California","67031","47096",
"1400000US06037555107","Census Tract 5551.07; Los Angeles County; California","108607","12318",
"1400000US06037555202","Census Tract 5552.02; Los Angeles County; California","142650","18796",
"1400000US06037555211","Census Tract 5552.11; Los Angeles County; California","90806","22892",
"1400000US06037555212","Census Tract 5552.12; Los Angeles County; California","80990","10600",
"1400000US06037555300","Census Tract 5553; Los Angeles County; California","118750","22191",
"1400000US06037570001","Census Tract 5700.01; Los Angeles County; California","151289","38572",
"1400000US06037570002","Census Tract 5700.02; Los Angeles County; California","131047","15227",
"1400000US06037570003","Census Tract 5700.03; Los Angeles County; California","134053","21805",
"1400000US06037570100","Census Tract 5701; Los Angeles County; California","110403","6805",
"1400000US06037570202","Census Tract 5702.02; Los Angeles County; California","98938","31555",
"1400000US06037570203","Census Tract 5702.03; Los Angeles County; California","58194","33979",
"1400000US06037570204","Census Tract 5702.04; Los Angeles County; California","95375","28744",
"1400000US06037570303","Census Tract 5703.03; Los Angeles County; California","64918","33241",
"1400000US06037570304","Census Tract 5703.04; Los Angeles County; California","63015","16271",
"1400000US06037570305","Census Tract 5703.05; Los Angeles County; California","71800","9119",
"1400000US06037570306","Census Tract 5703.06; Los Angeles County; California","122643","28792",
"1400000US06037570402","Census Tract 5704.02; Los Angeles County; California","82230","19130",
"1400000US06037570403","Census Tract 5704.03; Los Angeles County; California","78523","20451",
"1400000US06037570404","Census Tract 5704.04; Los Angeles County; California","78948","7807",
"1400000US06037570502","Census Tract 5705.02; Los Angeles County; California","100298","12230",
"1400000US06037570503","Census Tract 5705.03; Los Angeles County; California","87906","25284",
"1400000US06037570504","Census Tract 5705.04; Los Angeles County; California","89429","11182",
"1400000US06037570601","Census Tract 5706.01; Los Angeles County; California","82171","11345",
"1400000US06037570602","Census Tract 5706.02; Los Angeles County; California","83125","24963",
"1400000US06037570603","Census Tract 5706.03; Los Angeles County; California","43241","15881",
"1400000US06037570701","Census Tract 5707.01; Los Angeles County; California","113424","33084",
"1400000US06037570703","Census Tract 5707.03; Los Angeles County; California","132132","11298",
"1400000US06037570800","Census Tract 5708; Los Angeles County; California","133144","23867",
"1400000US06037570901","Census Tract 5709.01; Los Angeles County; California","133333","34933",
"1400000US06037570902","Census Tract 5709.02; Los Angeles County; California","140809","27263",
"1400000US06037571000","Census Tract 5710; Los Angeles County; California","136291","13648",
"1400000US06037571101","Census Tract 5711.01; Los Angeles County; California","124906","14416",
"1400000US06037571102","Census Tract 5711.02; Los Angeles County; California","142344","29876",
"1400000US06037571201","Census Tract 5712.01; Los Angeles County; California","196481","15490",
"1400000US06037571202","Census Tract 5712.02; Los Angeles County; California","113074","18059",
"1400000US06037571300","Census Tract 5713; Los Angeles County; California","162381","12718",
"1400000US06037571400","Census Tract 5714; Los Angeles County; California","134390","18603",
"1400000US06037571502","Census Tract 5715.02; Los Angeles County; California","107089","19399",
"1400000US06037571504","Census Tract 5715.04; Los Angeles County; California","134583","33698",
"1400000US06037571505","Census Tract 5715.05; Los Angeles County; California","94804","24274",
"1400000US06037571600","Census Tract 5716; Los Angeles County; California","39500","17072",
"1400000US06037571701","Census Tract 5717.01; Los Angeles County; California","74484","10569",
"1400000US06037571703","Census Tract 5717.03; Los Angeles County; California","88097","34647",
"1400000US06037571704","Census Tract 5717.04; Los Angeles County; California","69792","21876",
"1400000US06037571800","Census Tract 5718; Los Angeles County; California","157222","37993",
"1400000US06037571900","Census Tract 5719; Los Angeles County; California","162500","38917",
"1400000US06037572001","Census Tract 5720.01; Los Angeles County; California","151389","43965",
"1400000US06037572201","Census Tract 5722.01; Los Angeles County; California","99030","32165",
"1400000US06037572202","Census Tract 5722.02; Los Angeles County; California","115051","10148",
"1400000US06037572301","Census Tract 5723.01; Los Angeles County; California","102700","23953",
"1400000US06037572500","Census Tract 5725; Los Angeles County; California","62579","8743",
"1400000US06037572600","Census Tract 5726; Los Angeles County; California","117692","29949",
"1400000US06037572700","Census Tract 5727; Los Angeles County; California","92525","12651",
"1400000US06037573002","Census Tract 5730.02; Los Angeles County; California","59275","4298",
"1400000US06037573003","Census Tract 5730.03; Los Angeles County; California","121188","32404",
"1400000US06037573004","Census Tract 5730.04; Los Angeles County; California","63397","14140",
"1400000US06037573101","Census Tract 5731.01; Los Angeles County; California","73917","40919",
"1400000US06037573102","Census Tract 5731.02; Los Angeles County; California","126250","38979",
"1400000US06037573201","Census Tract 5732.01; Los Angeles County; California","68101","13285",
"1400000US06037573202","Census Tract 5732.02; Los Angeles County; California","78875","28319",
"1400000US06037573300","Census Tract 5733; Los Angeles County; California","45370","14307",
"1400000US06037573401","Census Tract 5734.01; Los Angeles County; California","73250","41882",
"1400000US06037573402","Census Tract 5734.02; Los Angeles County; California","102734","26958",
"1400000US06037573403","Census Tract 5734.03; Los Angeles County; California","177788","14069",
"1400000US06037573601","Census Tract 5736.01; Los Angeles County; California","150667","26077",
"1400000US06037573700","Census Tract 5737; Los Angeles County; California","156705","25582",
"1400000US06037573800","Census Tract 5738; Los Angeles County; California","131382","21707",
"1400000US06037573902","Census Tract 5739.02; Los Angeles County; California","206641","21906",
"1400000US06037574000","Census Tract 5740; Los Angeles County; California","155603","11750",
"1400000US06037574100","Census Tract 5741; Los Angeles County; California","149301","6005",
"1400000US06037574201","Census Tract 5742.01; Los Angeles County; California","144871","50660",
"1400000US06037574202","Census Tract 5742.02; Los Angeles County; California","144500","34901",
"1400000US06037574300","Census Tract 5743; Los Angeles County; California","151899","34474",
"1400000US06037574400","Census Tract 5744; Los Angeles County; California","143295","25187",
"1400000US06037574500","Census Tract 5745; Los Angeles County; California","160553","18287",
"1400000US06037574602","Census Tract 5746.02; Los Angeles County; California","197875","86849",
"1400000US06037574800","Census Tract 5748; Los Angeles County; California","144803","55360",
"1400000US06037574901","Census Tract 5749.01; Los Angeles County; California","175238","44197",
"1400000US06037574902","Census Tract 5749.02; Los Angeles County; California","105871","21751",
"1400000US06037575001","Census Tract 5750.01; Los Angeles County; California","94130","27271",
"1400000US06037575002","Census Tract 5750.02; Los Angeles County; California","108056","24980",
"1400000US06037575101","Census Tract 5751.01; Los Angeles County; California","55614","14348",
"1400000US06037575102","Census Tract 5751.02; Los Angeles County; California","53829","10537",
"1400000US06037575103","Census Tract 5751.03; Los Angeles County; California","52027","10389",
"1400000US06037575201","Census Tract 5752.01; Los Angeles County; California","68809","15971",
"1400000US06037575202","Census Tract 5752.02; Los Angeles County; California","69583","17711",
"1400000US06037575300","Census Tract 5753; Los Angeles County; California","46731","11878",
"1400000US06037575401","Census Tract 5754.01; Los Angeles County; California","49803","6902",
"1400000US06037575402","Census Tract 5754.02; Los Angeles County; California","70068","15408",
"1400000US06037575801","Census Tract 5758.01; Los Angeles County; California","39515","14225",
"1400000US06037575802","Census Tract 5758.02; Los Angeles County; California","57567","8286",
"1400000US06037575803","Census Tract 5758.03; Los Angeles County; California","36354","10713",
"1400000US06037575901","Census Tract 5759.01; Los Angeles County; California","58846","34621",
"1400000US06037575902","Census Tract 5759.02; Los Angeles County; California","40750","34403",
"1400000US06037576001","Census Tract 5760.01; Los Angeles County; California","162935","45021",
"1400000US06037576200","Census Tract 5762; Los Angeles County; California","52586","30471",
"1400000US06037576301","Census Tract 5763.01; Los Angeles County; California","65521","13060",
"1400000US06037576302","Census Tract 5763.02; Los Angeles County; California","87109","26216",
"1400000US06037576401","Census Tract 5764.01; Los Angeles County; California","62384","17416",
"1400000US06037576402","Census Tract 5764.02; Los Angeles County; California","55588","7904",
"1400000US06037576403","Census Tract 5764.03; Los Angeles County; California","78719","12843",
"1400000US06037576501","Census Tract 5765.01; Los Angeles County; California","40694","40515",
"1400000US06037576502","Census Tract 5765.02; Los Angeles County; California","67656","38258",
"1400000US06037576503","Census Tract 5765.03; Los Angeles County; California","71747","4186",
"1400000US06037576601","Census Tract 5766.01; Los Angeles County; California","101580","16400",
"1400000US06037576602","Census Tract 5766.02; Los Angeles County; California","109432","86111",
"1400000US06037576700","Census Tract 5767; Los Angeles County; California","142232","52223",
"1400000US06037576801","Census Tract 5768.01; Los Angeles County; California","108024","24878",
"1400000US06037576802","Census Tract 5768.02; Los Angeles County; California","137665","34066",
"1400000US06037576901","Census Tract 5769.01; Los Angeles County; California","52656","18568",
"1400000US06037576903","Census Tract 5769.03; Los Angeles County; California","65123","19288",
"1400000US06037576904","Census Tract 5769.04; Los Angeles County; California","70163","39929",
"1400000US06037577000","Census Tract 5770; Los Angeles County; California","86354","21616",
"1400000US06037577100","Census Tract 5771; Los Angeles County; California","158938","36674",
"1400000US06037577200","Census Tract 5772; Los Angeles County; California","122269","35205",
"1400000US06037577300","Census Tract 5773; Los Angeles County; California","134507","40973",
"1400000US06037577400","Census Tract 5774; Los Angeles County; California","206364","51962",
"1400000US06037577501","Census Tract 5775.01; Los Angeles County; California","190511","47158",
"1400000US06037577504","Census Tract 5775.04; Los Angeles County; California","131758","35711",
"1400000US06037577602","Census Tract 5776.02; Los Angeles County; California","151489","27722",
"1400000US06037577604","Census Tract 5776.04; Los Angeles County; California","158794","43441",
"1400000US06037577605","Census Tract 5776.05; Los Angeles County; California","188920","26070",
"1400000US06037577606","Census Tract 5776.06; Los Angeles County; California","152358","112416",
"1400000US06037577700","Census Tract 5777; Los Angeles County; California","90132","13289",
"1400000US06037577800","Census Tract 5778; Los Angeles County; California","133871","40359",
"1400000US06037577900","Census Tract 5779; Los Angeles County; California","95893","16179",
"1400000US06037578000","Census Tract 5780; Los Angeles County; California","67458","17203",
"1400000US06037578100","Census Tract 5781; Los Angeles County; California","-","**",
"1400000US06037599000","Census Tract 5990; Los Angeles County; California","102897","17732",
"1400000US06037599100","Census Tract 5991; Los Angeles County; California","-","**",
"1400000US06037600100","Census Tract 6001; Los Angeles County; California","65169","13408",
"1400000US06037600201","Census Tract 6002.01; Los Angeles County; California","52000","25204",
"1400000US06037600202","Census Tract 6002.02; Los Angeles County; California","46993","18886",
"1400000US06037600302","Census Tract 6003.02; Los Angeles County; California","79954","18725",
"1400000US06037600303","Census Tract 6003.03; Los Angeles County; California","49167","22656",
"1400000US06037600304","Census Tract 6003.04; Los Angeles County; California","47500","15724",
"1400000US06037600400","Census Tract 6004; Los Angeles County; California","74531","36031",
"1400000US06037600501","Census Tract 6005.01; Los Angeles County; California","103333","14746",
"1400000US06037600601","Census Tract 6006.01; Los Angeles County; California","102500","46722",
"1400000US06037600602","Census Tract 6006.02; Los Angeles County; California","70905","8444",
"1400000US06037600702","Census Tract 6007.02; Los Angeles County; California","106953","23556",
"1400000US06037600703","Census Tract 6007.03; Los Angeles County; California","109087","17646",
"1400000US06037600704","Census Tract 6007.04; Los Angeles County; California","91719","28349",
"1400000US06037600801","Census Tract 6008.01; Los Angeles County; California","136293","17572",
"1400000US06037600802","Census Tract 6008.02; Los Angeles County; California","73429","26074",
"1400000US06037600902","Census Tract 6009.02; Los Angeles County; California","60602","30865",
"1400000US06037600911","Census Tract 6009.11; Los Angeles County; California","120278","63901",
"1400000US06037600912","Census Tract 6009.12; Los Angeles County; California","75268","9150",
"1400000US06037601001","Census Tract 6010.01; Los Angeles County; California","145219","122769",
"1400000US06037601002","Census Tract 6010.02; Los Angeles County; California","79698","19807",
"1400000US06037601100","Census Tract 6011; Los Angeles County; California","57871","9554",
"1400000US06037601202","Census Tract 6012.02; Los Angeles County; California","76837","21728",
"1400000US06037601211","Census Tract 6012.11; Los Angeles County; California","50833","18235",
"1400000US06037601212","Census Tract 6012.12; Los Angeles County; California","79090","13737",
"1400000US06037601301","Census Tract 6013.01; Los Angeles County; California","129318","21775",
"1400000US06037601302","Census Tract 6013.02; Los Angeles County; California","76721","9049",
"1400000US06037601303","Census Tract 6013.03; Los Angeles County; California","62744","11900",
"1400000US06037601401","Census Tract 6014.01; Los Angeles County; California","77690","24774",
"1400000US06037601402","Census Tract 6014.02; Los Angeles County; California","93321","12676",
"1400000US06037601501","Census Tract 6015.01; Los Angeles County; California","68068","10169",
"1400000US06037601502","Census Tract 6015.02; Los Angeles County; California","66136","18055",
"1400000US06037601600","Census Tract 6016; Los Angeles County; California","75701","9655",
"1400000US06037601700","Census Tract 6017; Los Angeles County; California","45250","6569",
"1400000US06037601801","Census Tract 6018.01; Los Angeles County; California","65815","16124",
"1400000US06037601802","Census Tract 6018.02; Los Angeles County; California","91354","15688",
"1400000US06037601900","Census Tract 6019; Los Angeles County; California","56563","21569",
"1400000US06037602002","Census Tract 6020.02; Los Angeles County; California","80884","7703",
"1400000US06037602003","Census Tract 6020.03; Los Angeles County; California","74167","18462",
"1400000US06037602103","Census Tract 6021.03; Los Angeles County; California","52665","27341",
"1400000US06037602104","Census Tract 6021.04; Los Angeles County; California","73472","19130",
"1400000US06037602105","Census Tract 6021.05; Los Angeles County; California","66948","14851",
"1400000US06037602106","Census Tract 6021.06; Los Angeles County; California","85689","11948",
"1400000US06037602201","Census Tract 6022.01; Los Angeles County; California","154375","12205",
"1400000US06037602202","Census Tract 6022.02; Los Angeles County; California","92995","15098",
"1400000US06037602301","Census Tract 6023.01; Los Angeles County; California","146449","20854",
"1400000US06037602302","Census Tract 6023.02; Los Angeles County; California","228052","52856",
"1400000US06037602402","Census Tract 6024.02; Los Angeles County; California","109110","18040",
"1400000US06037602403","Census Tract 6024.03; Los Angeles County; California","77432","13577",
"1400000US06037602404","Census Tract 6024.04; Los Angeles County; California","67772","10233",
"1400000US06037602504","Census Tract 6025.04; Los Angeles County; California","54050","12694",
"1400000US06037602505","Census Tract 6025.05; Los Angeles County; California","66337","13638",
"1400000US06037602506","Census Tract 6025.06; Los Angeles County; California","74435","18114",
"1400000US06037602507","Census Tract 6025.07; Los Angeles County; California","49409","11058",
"1400000US06037602510","Census Tract 6025.10; Los Angeles County; California","55563","11200",
"1400000US06037602511","Census Tract 6025.11; Los Angeles County; California","54063","33929",
"1400000US06037602512","Census Tract 6025.12; Los Angeles County; California","97958","31591",
"1400000US06037602513","Census Tract 6025.13; Los Angeles County; California","73864","44241",
"1400000US06037602601","Census Tract 6026.01; Los Angeles County; California","102685","30496",
"1400000US06037602602","Census Tract 6026.02; Los Angeles County; California","102824","24804",
"1400000US06037602700","Census Tract 6027; Los Angeles County; California","133111","32648",
"1400000US06037602801","Census Tract 6028.01; Los Angeles County; California","60533","31463",
"1400000US06037602802","Census Tract 6028.02; Los Angeles County; California","135139","48943",
"1400000US06037602900","Census Tract 6029; Los Angeles County; California","91250","25683",
"1400000US06037603004","Census Tract 6030.04; Los Angeles County; California","88068","4180",
"1400000US06037603005","Census Tract 6030.05; Los Angeles County; California","90039","25866",
"1400000US06037603006","Census Tract 6030.06; Los Angeles County; California","89167","12963",
"1400000US06037603007","Census Tract 6030.07; Los Angeles County; California","111786","7682",
"1400000US06037603008","Census Tract 6030.08; Los Angeles County; California","61731","23273",
"1400000US06037603101","Census Tract 6031.01; Los Angeles County; California","112094","17682",
"1400000US06037603102","Census Tract 6031.02; Los Angeles County; California","84423","20067",
"1400000US06037603200","Census Tract 6032; Los Angeles County; California","123000","33370",
"1400000US06037603301","Census Tract 6033.01; Los Angeles County; California","76250","15738",
"1400000US06037603302","Census Tract 6033.02; Los Angeles County; California","87679","22644",
"1400000US06037603400","Census Tract 6034; Los Angeles County; California","107841","21524",
"1400000US06037603500","Census Tract 6035; Los Angeles County; California","94605","34102",
"1400000US06037603600","Census Tract 6036; Los Angeles County; California","106250","39607",
"1400000US06037603702","Census Tract 6037.02; Los Angeles County; California","126875","25219",
"1400000US06037603703","Census Tract 6037.03; Los Angeles County; California","122167","20451",
"1400000US06037603705","Census Tract 6037.05; Los Angeles County; California","78198","14679",
"1400000US06037603706","Census Tract 6037.06; Los Angeles County; California","59489","27766",
"1400000US06037603801","Census Tract 6038.01; Los Angeles County; California","75254","6024",
"1400000US06037603802","Census Tract 6038.02; Los Angeles County; California","83447","20255",
"1400000US06037603901","Census Tract 6039.01; Los Angeles County; California","120156","43834",
"1400000US06037603902","Census Tract 6039.02; Los Angeles County; California","86282","48773",
"1400000US06037604001","Census Tract 6040.01; Los Angeles County; California","76818","17347",
"1400000US06037604002","Census Tract 6040.02; Los Angeles County; California","84904","27570",
"1400000US06037604101","Census Tract 6041.01; Los Angeles County; California","70882","31154",
"1400000US06037604102","Census Tract 6041.02; Los Angeles County; California","94702","38808",
"1400000US06037604200","Census Tract 6042; Los Angeles County; California","73884","18243",
"1400000US06037609900","Census Tract 6099; Los Angeles County; California","87188","12557",
"1400000US06037620001","Census Tract 6200.01; Los Angeles County; California","183984","27216",
"1400000US06037620002","Census Tract 6200.02; Los Angeles County; California","190313","76788",
"1400000US06037620101","Census Tract 6201.01; Los Angeles County; California","165893","33418",
"1400000US06037620102","Census Tract 6201.02; Los Angeles County; California","187745","33538",
"1400000US06037620201","Census Tract 6202.01; Los Angeles County; California","250,000+","***",
"1400000US06037620301","Census Tract 6203.01; Los Angeles County; California","250,000+","***",
"1400000US06037620303","Census Tract 6203.03; Los Angeles County; California","250,000+","***",
"1400000US06037620305","Census Tract 6203.05; Los Angeles County; California","210516","45685",
"1400000US06037620400","Census Tract 6204; Los Angeles County; California","193561","39004",
"1400000US06037620501","Census Tract 6205.01; Los Angeles County; California","184891","48698",
"1400000US06037620521","Census Tract 6205.21; Los Angeles County; California","144912","41917",
"1400000US06037620522","Census Tract 6205.22; Los Angeles County; California","177297","34476",
"1400000US06037620601","Census Tract 6206.01; Los Angeles County; California","135107","25396",
"1400000US06037620602","Census Tract 6206.02; Los Angeles County; California","157014","28149",
"1400000US06037620701","Census Tract 6207.01; Los Angeles County; California","199385","25463",
"1400000US06037620703","Census Tract 6207.03; Los Angeles County; California","250,000+","***",
"1400000US06037620704","Census Tract 6207.04; Los Angeles County; California","201567","18236",
"1400000US06037620801","Census Tract 6208.01; Los Angeles County; California","231491","51253",
"1400000US06037620802","Census Tract 6208.02; Los Angeles County; California","198641","128861",
"1400000US06037620901","Census Tract 6209.01; Los Angeles County; California","250,000+","***",
"1400000US06037620904","Census Tract 6209.04; Los Angeles County; California","241591","49827",
"1400000US06037621001","Census Tract 6210.01; Los Angeles County; California","250,000+","***",
"1400000US06037621005","Census Tract 6210.05; Los Angeles County; California","250,000+","***",
"1400000US06037621102","Census Tract 6211.02; Los Angeles County; California","209028","105502",
"1400000US06037621104","Census Tract 6211.04; Los Angeles County; California","218750","46788",
"1400000US06037621201","Census Tract 6212.01; Los Angeles County; California","202917","37981",
"1400000US06037621204","Census Tract 6212.04; Los Angeles County; California","181989","14745",
"1400000US06037621301","Census Tract 6213.01; Los Angeles County; California","178480","25501",
"1400000US06037621324","Census Tract 6213.24; Los Angeles County; California","187537","80409",
"1400000US06037621326","Census Tract 6213.26; Los Angeles County; California","159583","37297",
"1400000US06037621400","Census Tract 6214; Los Angeles County; California","211250","24639",
"1400000US06037650001","Census Tract 6500.01; Los Angeles County; California","131714","37180",
"1400000US06037650003","Census Tract 6500.03; Los Angeles County; California","92539","54548",
"1400000US06037650004","Census Tract 6500.04; Los Angeles County; California","135185","16824",
"1400000US06037650101","Census Tract 6501.01; Los Angeles County; California","142875","27753",
"1400000US06037650102","Census Tract 6501.02; Los Angeles County; California","126193","16147",
"1400000US06037650200","Census Tract 6502; Los Angeles County; California","151700","27094",
"1400000US06037650300","Census Tract 6503; Los Angeles County; California","95047","22758",
"1400000US06037650401","Census Tract 6504.01; Los Angeles County; California","162656","20191",
"1400000US06037650501","Census Tract 6505.01; Los Angeles County; California","202917","36043",
"1400000US06037650502","Census Tract 6505.02; Los Angeles County; California","164329","22968",
"1400000US06037650603","Census Tract 6506.03; Los Angeles County; California","121219","54290",
"1400000US06037650604","Census Tract 6506.04; Los Angeles County; California","84922","29339",
"1400000US06037650605","Census Tract 6506.05; Los Angeles County; California","132129","18819",
"1400000US06037650606","Census Tract 6506.06; Los Angeles County; California","91250","34945",
"1400000US06037650607","Census Tract 6506.07; Los Angeles County; California","94844","45988",
"1400000US06037650701","Census Tract 6507.01; Los Angeles County; California","201750","38248",
"1400000US06037650702","Census Tract 6507.02; Los Angeles County; California","167308","26505",
"1400000US06037650801","Census Tract 6508.01; Los Angeles County; California","148517","33612",
"1400000US06037650802","Census Tract 6508.02; Los Angeles County; California","132865","14909",
"1400000US06037650901","Census Tract 6509.01; Los Angeles County; California","139038","37254",
"1400000US06037650903","Census Tract 6509.03; Los Angeles County; California","97188","55619",
"1400000US06037650904","Census Tract 6509.04; Los Angeles County; California","155398","26692",
"1400000US06037651001","Census Tract 6510.01; Los Angeles County; California","138906","30062",
"1400000US06037651002","Census Tract 6510.02; Los Angeles County; California","157188","56449",
"1400000US06037651101","Census Tract 6511.01; Los Angeles County; California","137214","32966",
"1400000US06037651102","Census Tract 6511.02; Los Angeles County; California","130262","50051",
"1400000US06037651201","Census Tract 6512.01; Los Angeles County; California","172679","26010",
"1400000US06037651221","Census Tract 6512.21; Los Angeles County; California","116544","21821",
"1400000US06037651222","Census Tract 6512.22; Los Angeles County; California","138600","36563",
"1400000US06037651302","Census Tract 6513.02; Los Angeles County; California","189464","42314",
"1400000US06037651304","Census Tract 6513.04; Los Angeles County; California","159643","49717",
"1400000US06037651401","Census Tract 6514.01; Los Angeles County; California","122768","37477",
"1400000US06037651402","Census Tract 6514.02; Los Angeles County; California","136687","40777",
"1400000US06037670001","Census Tract 6700.01; Los Angeles County; California","145337","62803",
"1400000US06037670002","Census Tract 6700.02; Los Angeles County; California","94148","38492",
"1400000US06037670003","Census Tract 6700.03; Los Angeles County; California","138818","19543",
"1400000US06037670101","Census Tract 6701.01; Los Angeles County; California","135521","82824",
"1400000US06037670102","Census Tract 6701.02; Los Angeles County; California","92933","23117",
"1400000US06037670201","Census Tract 6702.01; Los Angeles County; California","233750","18032",
"1400000US06037670202","Census Tract 6702.02; Los Angeles County; California","250,000+","***",
"1400000US06037670324","Census Tract 6703.24; Los Angeles County; California","250,000+","***",
"1400000US06037670326","Census Tract 6703.26; Los Angeles County; California","250,000+","***",
"1400000US06037670328","Census Tract 6703.28; Los Angeles County; California","250,000+","***",
"1400000US06037670405","Census Tract 6704.05; Los Angeles County; California","225417","36601",
"1400000US06037670406","Census Tract 6704.06; Los Angeles County; California","219833","41298",
"1400000US06037670407","Census Tract 6704.07; Los Angeles County; California","137731","38814",
"1400000US06037670413","Census Tract 6704.13; Los Angeles County; California","226655","15957",
"1400000US06037670416","Census Tract 6704.16; Los Angeles County; California","173750","38911",
"1400000US06037670417","Census Tract 6704.17; Los Angeles County; California","212946","29680",
"1400000US06037670418","Census Tract 6704.18; Los Angeles County; California","237692","43271",
"1400000US06037670500","Census Tract 6705; Los Angeles County; California","250,000+","***",
"1400000US06037670603","Census Tract 6706.03; Los Angeles County; California","227470","63720",
"1400000US06037670604","Census Tract 6706.04; Los Angeles County; California","187326","44922",
"1400000US06037670701","Census Tract 6707.01; Los Angeles County; California","176063","60134",
"1400000US06037670702","Census Tract 6707.02; Los Angeles County; California","204975","28163",
"1400000US06037700101","Census Tract 7001.01; Los Angeles County; California","133191","75770",
"1400000US06037700102","Census Tract 7001.02; Los Angeles County; California","100000","59830",
"1400000US06037700200","Census Tract 7002; Los Angeles County; California","126118","107146",
"1400000US06037700300","Census Tract 7003; Los Angeles County; California","138011","27255",
"1400000US06037700400","Census Tract 7004; Los Angeles County; California","171250","113008",
"1400000US06037700501","Census Tract 7005.01; Los Angeles County; California","137527","112253",
"1400000US06037700502","Census Tract 7005.02; Los Angeles County; California","-","**",
"1400000US06037700600","Census Tract 7006; Los Angeles County; California","250,000+","***",
"1400000US06037700700","Census Tract 7007; Los Angeles County; California","250,000+","***",
"1400000US06037700801","Census Tract 7008.01; Los Angeles County; California","142115","91909",
"1400000US06037700802","Census Tract 7008.02; Los Angeles County; California","149167","34300",
"1400000US06037700901","Census Tract 7009.01; Los Angeles County; California","169226","76813",
"1400000US06037700902","Census Tract 7009.02; Los Angeles County; California","179408","58841",
"1400000US06037701000","Census Tract 7010; Los Angeles County; California","248000","142881",
"1400000US06037701201","Census Tract 7012.01; Los Angeles County; California","250,000+","***",
"1400000US06037701202","Census Tract 7012.02; Los Angeles County; California","204773","99037",
"1400000US06037701302","Census Tract 7013.02; Los Angeles County; California","168003","24801",
"1400000US06037701304","Census Tract 7013.04; Los Angeles County; California","238452","65223",
"1400000US06037701402","Census Tract 7014.02; Los Angeles County; California","102051","45837",
"1400000US06037701501","Census Tract 7015.01; Los Angeles County; California","172974","65521",
"1400000US06037701502","Census Tract 7015.02; Los Angeles County; California","163750","79957",
"1400000US06037701601","Census Tract 7016.01; Los Angeles County; California","250,000+","***",
"1400000US06037701602","Census Tract 7016.02; Los Angeles County; California","159708","86849",
"1400000US06037701701","Census Tract 7017.01; Los Angeles County; California","102273","48496",
"1400000US06037701702","Census Tract 7017.02; Los Angeles County; California","79107","55889",
"1400000US06037701801","Census Tract 7018.01; Los Angeles County; California","96250","20230",
"1400000US06037701802","Census Tract 7018.02; Los Angeles County; California","79846","23445",
"1400000US06037701902","Census Tract 7019.02; Los Angeles County; California","97857","54471",
"1400000US06037702002","Census Tract 7020.02; Los Angeles County; California","133482","83983",
"1400000US06037702102","Census Tract 7021.02; Los Angeles County; California","154070","21304",
"1400000US06037702201","Census Tract 7022.01; Los Angeles County; California","180703","46207",
"1400000US06037702202","Census Tract 7022.02; Los Angeles County; California","166442","61523",
"1400000US06037702300","Census Tract 7023; Los Angeles County; California","215074","55497",
"1400000US06037702400","Census Tract 7024; Los Angeles County; California","187870","62580",
"1400000US06037702501","Census Tract 7025.01; Los Angeles County; California","185000","16549",
"1400000US06037702502","Census Tract 7025.02; Los Angeles County; California","174526","52477",
"1400000US06037702600","Census Tract 7026; Los Angeles County; California","201121","47901",
"1400000US06037702700","Census Tract 7027; Los Angeles County; California","198750","66117",
"1400000US06037702801","Census Tract 7028.01; Los Angeles County; California","149196","99894",
"1400000US06037702802","Census Tract 7028.02; Los Angeles County; California","103750","25600",
"1400000US06037702803","Census Tract 7028.03; Los Angeles County; California","190096","39828",
"1400000US06037702900","Census Tract 7029; Los Angeles County; California","143356","55282",
"1400000US06037703002","Census Tract 7030.02; Los Angeles County; California","174118","32173",
"1400000US06037703003","Census Tract 7030.03; Los Angeles County; California","111705","46086",
"1400000US06037703100","Census Tract 7031; Los Angeles County; California","170984","58001",
"1400000US06037703200","Census Tract 7032; Los Angeles County; California","123170","20286",
"1400000US06037800101","Census Tract 8001.01; Los Angeles County; California","211458","24835",
"1400000US06037800103","Census Tract 8001.03; Los Angeles County; California","155188","80037",
"1400000US06037800104","Census Tract 8001.04; Los Angeles County; California","158561","53120",
"1400000US06037800202","Census Tract 8002.02; Los Angeles County; California","245750","59456",
"1400000US06037800204","Census Tract 8002.04; Los Angeles County; California","227059","78939",
"1400000US06037800205","Census Tract 8002.05; Los Angeles County; California","128173","26087",
"1400000US06037800206","Census Tract 8002.06; Los Angeles County; California","250,000+","***",
"1400000US06037800324","Census Tract 8003.24; Los Angeles County; California","232556","64127",
"1400000US06037800325","Census Tract 8003.25; Los Angeles County; California","204444","64102",
"1400000US06037800328","Census Tract 8003.28; Los Angeles County; California","250,000+","***",
"1400000US06037800333","Census Tract 8003.33; Los Angeles County; California","119375","31526",
"1400000US06037800334","Census Tract 8003.34; Los Angeles County; California","225472","57167",
"1400000US06037800335","Census Tract 8003.35; Los Angeles County; California","184803","56575",
"1400000US06037800336","Census Tract 8003.36; Los Angeles County; California","238250","44224",
"1400000US06037800337","Census Tract 8003.37; Los Angeles County; California","131953","46000",
"1400000US06037800338","Census Tract 8003.38; Los Angeles County; California","229132","19677",
"1400000US06037800406","Census Tract 8004.06; Los Angeles County; California","250,000+","***",
"1400000US06037800410","Census Tract 8004.10; Los Angeles County; California","230972","58826",
"1400000US06037800411","Census Tract 8004.11; Los Angeles County; California","250,000+","***",
"1400000US06037800412","Census Tract 8004.12; Los Angeles County; California","210572","70792",
"1400000US06037800504","Census Tract 8005.04; Los Angeles County; California","250,000+","***",
"1400000US06037800506","Census Tract 8005.06; Los Angeles County; California","250,000+","***",
"1400000US06037900102","Census Tract 9001.02; Los Angeles County; California","58750","23355",
"1400000US06037900103","Census Tract 9001.03; Los Angeles County; California","65466","14112",
"1400000US06037900104","Census Tract 9001.04; Los Angeles County; California","62358","16335",
"1400000US06037900301","Census Tract 9003.01; Los Angeles County; California","88322","25318",
"1400000US06037900501","Census Tract 9005.01; Los Angeles County; California","92801","13349",
"1400000US06037900504","Census Tract 9005.04; Los Angeles County; California","76563","22316",
"1400000US06037900505","Census Tract 9005.05; Los Angeles County; California","81426","7945",
"1400000US06037900506","Census Tract 9005.06; Los Angeles County; California","88201","12822",
"1400000US06037900508","Census Tract 9005.08; Los Angeles County; California","95871","5470",
"1400000US06037900509","Census Tract 9005.09; Los Angeles County; California","75053","12971",
"1400000US06037900510","Census Tract 9005.10; Los Angeles County; California","60250","23385",
"1400000US06037900602","Census Tract 9006.02; Los Angeles County; California","54002","3738",
"1400000US06037900606","Census Tract 9006.06; Los Angeles County; California","67596","11843",
"1400000US06037900607","Census Tract 9006.07; Los Angeles County; California","73544","4195",
"1400000US06037900608","Census Tract 9006.08; Los Angeles County; California","75994","22635",
"1400000US06037900609","Census Tract 9006.09; Los Angeles County; California","69167","38124",
"1400000US06037900610","Census Tract 9006.10; Los Angeles County; California","41744","5949",
"1400000US06037900611","Census Tract 9006.11; Los Angeles County; California","94046","18913",
"1400000US06037900701","Census Tract 9007.01; Los Angeles County; California","58491","8841",
"1400000US06037900703","Census Tract 9007.03; Los Angeles County; California","71667","21750",
"1400000US06037900704","Census Tract 9007.04; Los Angeles County; California","64853","14715",
"1400000US06037900705","Census Tract 9007.05; Los Angeles County; California","81331","52093",
"1400000US06037900804","Census Tract 9008.04; Los Angeles County; California","48594","19371",
"1400000US06037900805","Census Tract 9008.05; Los Angeles County; California","103848","21164",
"1400000US06037900806","Census Tract 9008.06; Los Angeles County; California","42576","30912",
"1400000US06037900807","Census Tract 9008.07; Los Angeles County; California","90066","32212",
"1400000US06037900808","Census Tract 9008.08; Los Angeles County; California","61484","27824",
"1400000US06037900901","Census Tract 9009.01; Los Angeles County; California","57656","18078",
"1400000US06037900902","Census Tract 9009.02; Los Angeles County; California","86750","30037",
"1400000US06037901003","Census Tract 9010.03; Los Angeles County; California","-","**",
"1400000US06037901007","Census Tract 9010.07; Los Angeles County; California","101902","36119",
"1400000US06037901008","Census Tract 9010.08; Los Angeles County; California","102820","28449",
"1400000US06037901009","Census Tract 9010.09; Los Angeles County; California","94395","14823",
"1400000US06037901010","Census Tract 9010.10; Los Angeles County; California","75568","17609",
"1400000US06037901011","Census Tract 9010.11; Los Angeles County; California","120109","18301",
"1400000US06037901012","Census Tract 9010.12; Los Angeles County; California","134475","33279",
"1400000US06037901013","Census Tract 9010.13; Los Angeles County; California","144457","32122",
"1400000US06037901014","Census Tract 9010.14; Los Angeles County; California","116094","23701",
"1400000US06037901101","Census Tract 9011.01; Los Angeles County; California","109792","38967",
"1400000US06037901102","Census Tract 9011.02; Los Angeles County; California","106789","19272",
"1400000US06037901209","Census Tract 9012.09; Los Angeles County; California","92250","40846",
"1400000US06037901210","Census Tract 9012.10; Los Angeles County; California","112679","30954",
"1400000US06037901214","Census Tract 9012.14; Los Angeles County; California","116250","27360",
"1400000US06037901215","Census Tract 9012.15; Los Angeles County; California","102821","27420",
"1400000US06037901216","Census Tract 9012.16; Los Angeles County; California","115708","26821",
"1400000US06037901217","Census Tract 9012.17; Los Angeles County; California","152708","27468",
"1400000US06037901218","Census Tract 9012.18; Los Angeles County; California","179500","38123",
"1400000US06037901300","Census Tract 9013; Los Angeles County; California","71607","32202",
"1400000US06037910002","Census Tract 9100.02; Los Angeles County; California","63313","14916",
"1400000US06037910210","Census Tract 9102.10; Los Angeles County; California","132655","5167",
"1400000US06037910211","Census Tract 9102.11; Los Angeles County; California","200208","14887",
"1400000US06037910212","Census Tract 9102.12; Los Angeles County; California","143205","25188",
"1400000US06037910213","Census Tract 9102.13; Los Angeles County; California","144191","88348",
"1400000US06037910214","Census Tract 9102.14; Los Angeles County; California","116370","11384",
"1400000US06037910215","Census Tract 9102.15; Los Angeles County; California","95357","24389",
"1400000US06037910216","Census Tract 9102.16; Los Angeles County; California","117076","35168",
"1400000US06037910217","Census Tract 9102.17; Los Angeles County; California","132969","19668",
"1400000US06037910218","Census Tract 9102.18; Los Angeles County; California","94844","23108",
"1400000US06037910301","Census Tract 9103.01; Los Angeles County; California","111890","21798",
"1400000US06037910302","Census Tract 9103.02; Los Angeles County; California","110000","46777",
"1400000US06037910401","Census Tract 9104.01; Los Angeles County; California","96052","15888",
"1400000US06037910404","Census Tract 9104.04; Los Angeles County; California","64366","7864",
"1400000US06037910405","Census Tract 9104.05; Los Angeles County; California","43060","13321",
"1400000US06037910501","Census Tract 9105.01; Los Angeles County; California","41735","10042",
"1400000US06037910502","Census Tract 9105.02; Los Angeles County; California","36200","14215",
"1400000US06037910504","Census Tract 9105.04; Los Angeles County; California","63895","13037",
"1400000US06037910505","Census Tract 9105.05; Los Angeles County; California","73448","15693",
"1400000US06037910601","Census Tract 9106.01; Los Angeles County; California","92024","26326",
"1400000US06037910602","Census Tract 9106.02; Los Angeles County; California","61058","28184",
"1400000US06037910605","Census Tract 9106.05; Los Angeles County; California","69803","14152",
"1400000US06037910606","Census Tract 9106.06; Los Angeles County; California","80000","9096",
"1400000US06037910607","Census Tract 9106.07; Los Angeles County; California","66917","19776",
"1400000US06037910608","Census Tract 9106.08; Los Angeles County; California","76739","18494",
"1400000US06037910706","Census Tract 9107.06; Los Angeles County; California","100150","30742",
"1400000US06037910707","Census Tract 9107.07; Los Angeles County; California","69336","23096",
"1400000US06037910709","Census Tract 9107.09; Los Angeles County; California","114063","25889",
"1400000US06037910712","Census Tract 9107.12; Los Angeles County; California","102744","18178",
"1400000US06037910713","Census Tract 9107.13; Los Angeles County; California","88015","15167",
"1400000US06037910714","Census Tract 9107.14; Los Angeles County; California","77917","13476",
"1400000US06037910715","Census Tract 9107.15; Los Angeles County; California","82875","10756",
"1400000US06037910716","Census Tract 9107.16; Los Angeles County; California","93208","13321",
"1400000US06037910717","Census Tract 9107.17; Los Angeles County; California","96375","55979",
"1400000US06037910718","Census Tract 9107.18; Los Angeles County; California","100266","25895",
"1400000US06037910719","Census Tract 9107.19; Los Angeles County; California","93923","47194",
"1400000US06037910720","Census Tract 9107.20; Los Angeles County; California","76532","38320",
"1400000US06037910721","Census Tract 9107.21; Los Angeles County; California","47598","24493",
"1400000US06037910804","Census Tract 9108.04; Los Angeles County; California","131806","31545",
"1400000US06037910807","Census Tract 9108.07; Los Angeles County; California","163649","16454",
"1400000US06037910808","Census Tract 9108.08; Los Angeles County; California","111313","21411",
"1400000US06037910809","Census Tract 9108.09; Los Angeles County; California","179643","31674",
"1400000US06037910810","Census Tract 9108.10; Los Angeles County; California","172426","43993",
"1400000US06037910814","Census Tract 9108.14; Los Angeles County; California","147766","27931",
"1400000US06037910815","Census Tract 9108.15; Los Angeles County; California","123118","16807",
"1400000US06037911001","Census Tract 9110.01; Los Angeles County; California","93405","25086",
"1400000US06037911100","Census Tract 9111; Los Angeles County; California","64000","20927",
"1400000US06037920013","Census Tract 9200.13; Los Angeles County; California","138882","32745",
"1400000US06037920015","Census Tract 9200.15; Los Angeles County; California","186875","29913",
"1400000US06037920016","Census Tract 9200.16; Los Angeles County; California","177308","40763",
"1400000US06037920017","Census Tract 9200.17; Los Angeles County; California","140104","20030",
"1400000US06037920018","Census Tract 9200.18; Los Angeles County; California","155446","31183",
"1400000US06037920020","Census Tract 9200.20; Los Angeles County; California","140061","23482",
"1400000US06037920028","Census Tract 9200.28; Los Angeles County; California","143617","26310",
"1400000US06037920029","Census Tract 9200.29; Los Angeles County; California","105300","23296",
"1400000US06037920030","Census Tract 9200.30; Los Angeles County; California","139569","11569",
"1400000US06037920031","Census Tract 9200.31; Los Angeles County; California","130347","37061",
"1400000US06037920034","Census Tract 9200.34; Los Angeles County; California","165366","24155",
"1400000US06037920035","Census Tract 9200.35; Los Angeles County; California","112595","31517",
"1400000US06037920038","Census Tract 9200.38; Los Angeles County; California","69384","6179",
"1400000US06037920039","Census Tract 9200.39; Los Angeles County; California","165893","36126",
"1400000US06037920040","Census Tract 9200.40; Los Angeles County; California","125750","43479",
"1400000US06037920041","Census Tract 9200.41; Los Angeles County; California","124479","21823",
"1400000US06037920042","Census Tract 9200.42; Los Angeles County; California","131812","11793",
"1400000US06037920043","Census Tract 9200.43; Los Angeles County; California","180833","23872",
"1400000US06037920044","Census Tract 9200.44; Los Angeles County; California","116364","25727",
"1400000US06037920045","Census Tract 9200.45; Los Angeles County; California","152716","36431",
"1400000US06037920046","Census Tract 9200.46; Los Angeles County; California","107909","20078",
"1400000US06037920047","Census Tract 9200.47; Los Angeles County; California","66265","18719",
"1400000US06037920048","Census Tract 9200.48; Los Angeles County; California","109967","13544",
"1400000US06037920049","Census Tract 9200.49; Los Angeles County; California","196607","18736",
"1400000US06037920050","Census Tract 9200.50; Los Angeles County; California","85625","33321",
"1400000US06037920102","Census Tract 9201.02; Los Angeles County; California","118068","30194",
"1400000US06037920104","Census Tract 9201.04; Los Angeles County; California","141458","25990",
"1400000US06037920106","Census Tract 9201.06; Los Angeles County; California","123333","31682",
"1400000US06037920109","Census Tract 9201.09; Los Angeles County; California","142586","24021",
"1400000US06037920110","Census Tract 9201.10; Los Angeles County; California","146103","40908",
"1400000US06037920111","Census Tract 9201.11; Los Angeles County; California","141951","17288",
"1400000US06037920112","Census Tract 9201.12; Los Angeles County; California","154122","9726",
"1400000US06037920114","Census Tract 9201.14; Los Angeles County; California","123053","32100",
"1400000US06037920115","Census Tract 9201.15; Los Angeles County; California","128995","15304",
"1400000US06037920116","Census Tract 9201.16; Los Angeles County; California","148125","17618",
"1400000US06037920118","Census Tract 9201.18; Los Angeles County; California","148472","45345",
"1400000US06037920119","Census Tract 9201.19; Los Angeles County; California","207829","28498",
"1400000US06037920120","Census Tract 9201.20; Los Angeles County; California","220854","24877",
"1400000US06037920121","Census Tract 9201.21; Los Angeles County; California","175588","31715",
"1400000US06037920200","Census Tract 9202; Los Angeles County; California","-","**",
"1400000US06037920303","Census Tract 9203.03; Los Angeles County; California","203854","107980",
"1400000US06037920312","Census Tract 9203.12; Los Angeles County; California","111471","45809",
"1400000US06037920313","Census Tract 9203.13; Los Angeles County; California","189130","42162",
"1400000US06037920314","Census Tract 9203.14; Los Angeles County; California","138304","27532",
"1400000US06037920322","Census Tract 9203.22; Los Angeles County; California","156750","34312",
"1400000US06037920326","Census Tract 9203.26; Los Angeles County; California","143589","25012",
"1400000US06037920328","Census Tract 9203.28; Los Angeles County; California","200089","56531",
"1400000US06037920329","Census Tract 9203.29; Los Angeles County; California","109063","15261",
"1400000US06037920330","Census Tract 9203.30; Los Angeles County; California","175521","46943",
"1400000US06037920331","Census Tract 9203.31; Los Angeles County; California","128676","19284",
"1400000US06037920332","Census Tract 9203.32; Los Angeles County; California","136146","43514",
"1400000US06037920334","Census Tract 9203.34; Los Angeles County; California","132159","31547",
"1400000US06037920338","Census Tract 9203.38; Los Angeles County; California","187031","27347",
"1400000US06037920339","Census Tract 9203.39; Los Angeles County; California","168578","33542",
"1400000US06037920340","Census Tract 9203.40; Los Angeles County; California","102879","23863",
"1400000US06037920341","Census Tract 9203.41; Los Angeles County; California","65556","13895",
"1400000US06037920342","Census Tract 9203.42; Los Angeles County; California","60000","36575",
"1400000US06037920343","Census Tract 9203.43; Los Angeles County; California","61250","54134",
"1400000US06037930400","Census Tract 9304; Los Angeles County; California","172708","43476",
"1400000US06037980001","Census Tract 9800.01; Los Angeles County; California","-","**",
"1400000US06037980002","Census Tract 9800.02; Los Angeles County; California","-","**",
"1400000US06037980003","Census Tract 9800.03; Los Angeles County; California","-","**",
"1400000US06037980004","Census Tract 9800.04; Los Angeles County; California","-","**",
"1400000US06037980005","Census Tract 9800.05; Los Angeles County; California","-","**",
"1400000US06037980006","Census Tract 9800.06; Los Angeles County; California","-","**",
"1400000US06037980007","Census Tract 9800.07; Los Angeles County; California","-","**",
"1400000US06037980008","Census Tract 9800.08; Los Angeles County; California","-","**",
"1400000US06037980009","Census Tract 9800.09; Los Angeles County; California","-","**",
"1400000US06037980010","Census Tract 9800.10; Los Angeles County; California","-","**",
"1400000US06037980011","Census Tract 9800.11; Los Angeles County; California","-","**",
"1400000US06037980012","Census Tract 9800.12; Los Angeles County; California","-","**",
"1400000US06037980013","Census Tract 9800.13; Los Angeles County; California","-","**",
"1400000US06037980014","Census Tract 9800.14; Los Angeles County; California","-","**",
"1400000US06037980015","Census Tract 9800.15; Los Angeles County; California","57461","14358",
"1400000US06037980016","Census Tract 9800.16; Los Angeles County; California","70750","13492",
"1400000US06037980017","Census Tract 9800.17; Los Angeles County; California","-","**",
"1400000US06037980018","Census Tract 9800.18; Los Angeles County; California","-","**",
"1400000US06037980019","Census Tract 9800.19; Los Angeles County; California","-","**",
"1400000US06037980020","Census Tract 9800.20; Los Angeles County; California","-","**",
"1400000US06037980021","Census Tract 9800.21; Los Angeles County; California","-","**",
"1400000US06037980022","Census Tract 9800.22; Los Angeles County; California","-","**",
"1400000US06037980023","Census Tract 9800.23; Los Angeles County; California","-","**",
"1400000US06037980024","Census Tract 9800.24; Los Angeles County; California","177917","110781",
"1400000US06037980025","Census Tract 9800.25; Los Angeles County; California","96125","29196",
"1400000US06037980026","Census Tract 9800.26; Los Angeles County; California","-","**",
"1400000US06037980028","Census Tract 9800.28; Los Angeles County; California","-","**",
"1400000US06037980030","Census Tract 9800.30; Los Angeles County; California","-","**",
"1400000US06037980031","Census Tract 9800.31; Los Angeles County; California","-","**",
"1400000US06037980033","Census Tract 9800.33; Los Angeles County; California","-","**",
"1400000US06037980034","Census Tract 9800.34; Los Angeles County; California","-","**",
"1400000US06037980035","Census Tract 9800.35; Los Angeles County; California","47159","35951",
"1400000US06037980036","Census Tract 9800.36; Los Angeles County; California","172829","62096",
"1400000US06037980037","Census Tract 9800.37; Los Angeles County; California","-","**",
"1400000US06037980038","Census Tract 9800.38; Los Angeles County; California","-","**",
"1400000US06037980039","Census Tract 9800.39; Los Angeles County; California","-","**",
"1400000US06037990100","Census Tract 9901; Los Angeles County; California","-","**",
"1400000US06037990200","Census Tract 9902; Los Angeles County; California","-","**",
"1400000US06037990300","Census Tract 9903; Los Angeles County; California","-","**",
"1400000US06039000102","Census Tract 1.02; Madera County; California","89089","20877",
"1400000US06039000103","Census Tract 1.03; Madera County; California","76250","21024",
"1400000US06039000104","Census Tract 1.04; Madera County; California","103702","9774",
"1400000US06039000106","Census Tract 1.06; Madera County; California","103036","10989",
"1400000US06039000109","Census Tract 1.09; Madera County; California","123846","29367",
"1400000US06039000110","Census Tract 1.10; Madera County; California","85714","16040",
"1400000US06039000111","Census Tract 1.11; Madera County; California","103750","32329",
"1400000US06039000201","Census Tract 2.01; Madera County; California","45529","9733",
"1400000US06039000203","Census Tract 2.03; Madera County; California","74808","14064",
"1400000US06039000204","Census Tract 2.04; Madera County; California","135967","22550",
"1400000US06039000301","Census Tract 3.01; Madera County; California","67246","25185",
"1400000US06039000302","Census Tract 3.02; Madera County; California","60854","8924",
"1400000US06039000506","Census Tract 5.06; Madera County; California","93106","17757",
"1400000US06039000509","Census Tract 5.09; Madera County; California","120181","17240",
"1400000US06039000510","Census Tract 5.10; Madera County; California","68110","19011",
"1400000US06039000511","Census Tract 5.11; Madera County; California","95408","12356",
"1400000US06039000512","Census Tract 5.12; Madera County; California","96871","11034",
"1400000US06039000513","Census Tract 5.13; Madera County; California","108189","43020",
"1400000US06039000514","Census Tract 5.14; Madera County; California","60203","45694",
"1400000US06039000515","Census Tract 5.15; Madera County; California","71641","16266",
"1400000US06039000516","Census Tract 5.16; Madera County; California","129688","59008",
"1400000US06039000517","Census Tract 5.17; Madera County; California","136932","28711",
"1400000US06039000518","Census Tract 5.18; Madera County; California","44875","25905",
"1400000US06039000602","Census Tract 6.02; Madera County; California","46436","28568",
"1400000US06039000603","Census Tract 6.03; Madera County; California","45023","9330",
"1400000US06039000604","Census Tract 6.04; Madera County; California","51441","6232",
"1400000US06039000701","Census Tract 7.01; Madera County; California","95375","70714",
"1400000US06039000702","Census Tract 7.02; Madera County; California","84333","23207",
"1400000US06039000801","Census Tract 8.01; Madera County; California","30417","15148",
"1400000US06039000802","Census Tract 8.02; Madera County; California","32663","9332",
"1400000US06039000901","Census Tract 9.01; Madera County; California","35840","6001",
"1400000US06039000902","Census Tract 9.02; Madera County; California","80652","30560",
"1400000US06039000903","Census Tract 9.03; Madera County; California","54825","2852",
"1400000US06039001100","Census Tract 11; Madera County; California","104387","17445",
"1400000US06041101100","Census Tract 1011; Marin County; California","177778","64781",
"1400000US06041101200","Census Tract 1012; Marin County; California","127188","80502",
"1400000US06041102100","Census Tract 1021; Marin County; California","161071","37563",
"1400000US06041102202","Census Tract 1022.02; Marin County; California","119695","67254",
"1400000US06041102203","Census Tract 1022.03; Marin County; California","116250","58135",
"1400000US06041103100","Census Tract 1031; Marin County; California","198750","32629",
"1400000US06041103200","Census Tract 1032; Marin County; California","126237","28955",
"1400000US06041104102","Census Tract 1041.02; Marin County; California","98142","48323",
"1400000US06041104103","Census Tract 1041.03; Marin County; California","201250","52127",
"1400000US06041104104","Census Tract 1041.04; Marin County; California","191197","19413",
"1400000US06041104200","Census Tract 1042; Marin County; California","119917","39948",
"1400000US06041104300","Census Tract 1043; Marin County; California","210288","60258",
"1400000US06041105001","Census Tract 1050.01; Marin County; California","94505","20133",
"1400000US06041105002","Census Tract 1050.02; Marin County; California","174250","69302",
"1400000US06041106001","Census Tract 1060.01; Marin County; California","96250","41123",
"1400000US06041106002","Census Tract 1060.02; Marin County; California","199663","47567",
"1400000US06041107000","Census Tract 1070; Marin County; California","243295","72453",
"1400000US06041108100","Census Tract 1081; Marin County; California","180223","32478",
"1400000US06041108201","Census Tract 1082.01; Marin County; California","132708","26478",
"1400000US06041108202","Census Tract 1082.02; Marin County; California","151364","35435",
"1400000US06041109001","Census Tract 1090.01; Marin County; California","147375","35727",
"1400000US06041109002","Census Tract 1090.02; Marin County; California","199118","57291",
"1400000US06041110100","Census Tract 1101; Marin County; California","206324","32799",
"1400000US06041110200","Census Tract 1102; Marin County; California","250,000+","***",
"1400000US06041111001","Census Tract 1110.01; Marin County; California","125150","36240",
"1400000US06041111002","Census Tract 1110.02; Marin County; California","250,000+","***",
"1400000US06041112100","Census Tract 1121; Marin County; California","120982","32637",
"1400000US06041112202","Census Tract 1122.02; Marin County; California","81250","42451",
"1400000US06041112203","Census Tract 1122.03; Marin County; California","49344","17431",
"1400000US06041112204","Census Tract 1122.04; Marin County; California","51735","30679",
"1400000US06041113000","Census Tract 1130; Marin County; California","226510","68648",
"1400000US06041114100","Census Tract 1141; Marin County; California","174573","50363",
"1400000US06041114200","Census Tract 1142; Marin County; California","165509","43257",
"1400000US06041115000","Census Tract 1150; Marin County; California","223239","54703",
"1400000US06041116000","Census Tract 1160; Marin County; California","250,000+","***",
"1400000US06041117000","Census Tract 1170; Marin County; California","207451","24241",
"1400000US06041118100","Census Tract 1181; Marin County; California","250,000+","***",
"1400000US06041119100","Census Tract 1191; Marin County; California","250,000+","***",
"1400000US06041119201","Census Tract 1192.01; Marin County; California","132120","57171",
"1400000US06041119202","Census Tract 1192.02; Marin County; California","250,000+","***",
"1400000US06041120001","Census Tract 1200.01; Marin County; California","187356","99432",
"1400000US06041120002","Census Tract 1200.02; Marin County; California","250,000+","***",
"1400000US06041121100","Census Tract 1211; Marin County; California","250,000+","***",
"1400000US06041121200","Census Tract 1212; Marin County; California","237031","49890",
"1400000US06041122000","Census Tract 1220; Marin County; California","-","**",
"1400000US06041123000","Census Tract 1230; Marin County; California","250,000+","***",
"1400000US06041124100","Census Tract 1241; Marin County; California","250,000+","***",
"1400000US06041124200","Census Tract 1242; Marin County; California","250,000+","***",
"1400000US06041125000","Census Tract 1250; Marin County; California","249750","55867",
"1400000US06041126100","Census Tract 1261; Marin County; California","250,000+","***",
"1400000US06041126200","Census Tract 1262; Marin County; California","219365","54771",
"1400000US06041127000","Census Tract 1270; Marin County; California","250,000+","***",
"1400000US06041128100","Census Tract 1281; Marin County; California","250,000+","***",
"1400000US06041128200","Census Tract 1282; Marin County; California","250,000+","***",
"1400000US06041129000","Census Tract 1290; Marin County; California","-","**",
"1400000US06041130201","Census Tract 1302.01; Marin County; California","250,000+","***",
"1400000US06041130203","Census Tract 1302.03; Marin County; California","250,000+","***",
"1400000US06041130204","Census Tract 1302.04; Marin County; California","179804","106816",
"1400000US06041131100","Census Tract 1311; Marin County; California","235000","64979",
"1400000US06041132100","Census Tract 1321; Marin County; California","139500","68508",
"1400000US06041132200","Census Tract 1322; Marin County; California","155352","12972",
"1400000US06041133000","Census Tract 1330; Marin County; California","191845","57466",
"1400000US06041990100","Census Tract 9901; Marin County; California","-","**",
"1400000US06043000101","Census Tract 1.01; Mariposa County; California","78697","19177",
"1400000US06043000102","Census Tract 1.02; Mariposa County; California","90250","36839",
"1400000US06043000200","Census Tract 2; Mariposa County; California","84896","35418",
"1400000US06043000301","Census Tract 3.01; Mariposa County; California","79631","33571",
"1400000US06043000302","Census Tract 3.02; Mariposa County; California","78750","34580",
"1400000US06043000400","Census Tract 4; Mariposa County; California","122986","6671",
"1400000US06045010100","Census Tract 101; Mendocino County; California","50144","7112",
"1400000US06045010200","Census Tract 102; Mendocino County; California","42289","12525",
"1400000US06045010300","Census Tract 103; Mendocino County; California","71133","28697",
"1400000US06045010400","Census Tract 104; Mendocino County; California","90000","19636",
"1400000US06045010500","Census Tract 105; Mendocino County; California","68636","13931",
"1400000US06045010601","Census Tract 106.01; Mendocino County; California","82143","36508",
"1400000US06045010602","Census Tract 106.02; Mendocino County; California","127816","12268",
"1400000US06045010700","Census Tract 107; Mendocino County; California","85377","27360",
"1400000US06045010801","Census Tract 108.01; Mendocino County; California","77822","18619",
"1400000US06045010802","Census Tract 108.02; Mendocino County; California","62632","13354",
"1400000US06045010900","Census Tract 109; Mendocino County; California","79333","17536",
"1400000US06045011001","Census Tract 110.01; Mendocino County; California","119918","36983",
"1400000US06045011003","Census Tract 110.03; Mendocino County; California","60341","15184",
"1400000US06045011004","Census Tract 110.04; Mendocino County; California","96008","6796",
"1400000US06045011102","Census Tract 111.02; Mendocino County; California","105806","13780",
"1400000US06045011200","Census Tract 112; Mendocino County; California","55987","43595",
"1400000US06045011300","Census Tract 113; Mendocino County; California","82106","19746",
"1400000US06045011400","Census Tract 114; Mendocino County; California","113088","24676",
"1400000US06045011501","Census Tract 115.01; Mendocino County; California","132230","7423",
"1400000US06045011502","Census Tract 115.02; Mendocino County; California","76130","3698",
"1400000US06045011600","Census Tract 116; Mendocino County; California","64784","16719",
"1400000US06045011700","Census Tract 117; Mendocino County; California","89653","36526",
"1400000US06045011800","Census Tract 118; Mendocino County; California","92500","25765",
"1400000US06045990100","Census Tract 9901; Mendocino County; California","-","**",
"1400000US06047000201","Census Tract 2.01; Merced County; California","107098","25903",
"1400000US06047000202","Census Tract 2.02; Merced County; California","75000","27116",
"1400000US06047000204","Census Tract 2.04; Merced County; California","86926","9127",
"1400000US06047000205","Census Tract 2.05; Merced County; California","65888","14192",
"1400000US06047000301","Census Tract 3.01; Merced County; California","77963","13068",
"1400000US06047000303","Census Tract 3.03; Merced County; California","81759","15970",
"1400000US06047000305","Census Tract 3.05; Merced County; California","84063","22512",
"1400000US06047000306","Census Tract 3.06; Merced County; California","60721","26120",
"1400000US06047000401","Census Tract 4.01; Merced County; California","56200","35300",
"1400000US06047000403","Census Tract 4.03; Merced County; California","88977","24804",
"1400000US06047000404","Census Tract 4.04; Merced County; California","80781","25451",
"1400000US06047000503","Census Tract 5.03; Merced County; California","92500","21031",
"1400000US06047000504","Census Tract 5.04; Merced County; California","57979","13463",
"1400000US06047000505","Census Tract 5.05; Merced County; California","71920","25285",
"1400000US06047000601","Census Tract 6.01; Merced County; California","61509","20386",
"1400000US06047000602","Census Tract 6.02; Merced County; California","67051","4771",
"1400000US06047000603","Census Tract 6.03; Merced County; California","66597","5885",
"1400000US06047000701","Census Tract 7.01; Merced County; California","64500","32831",
"1400000US06047000702","Census Tract 7.02; Merced County; California","132330","30835",
"1400000US06047000801","Census Tract 8.01; Merced County; California","74877","8915",
"1400000US06047000802","Census Tract 8.02; Merced County; California","96140","33889",
"1400000US06047000901","Census Tract 9.01; Merced County; California","70506","5010",
"1400000US06047000903","Census Tract 9.03; Merced County; California","57847","15658",
"1400000US06047000904","Census Tract 9.04; Merced County; California","93243","19489",
"1400000US06047001003","Census Tract 10.03; Merced County; California","56291","4715",
"1400000US06047001004","Census Tract 10.04; Merced County; California","64167","8929",
"1400000US06047001005","Census Tract 10.05; Merced County; California","46932","1362",
"1400000US06047001006","Census Tract 10.06; Merced County; California","73045","25617",
"1400000US06047001007","Census Tract 10.07; Merced County; California","85865","17158",
"1400000US06047001008","Census Tract 10.08; Merced County; California","101528","8643",
"1400000US06047001101","Census Tract 11.01; Merced County; California","81885","14708",
"1400000US06047001200","Census Tract 12; Merced County; California","90566","18038",
"1400000US06047001301","Census Tract 13.01; Merced County; California","53694","24294",
"1400000US06047001302","Census Tract 13.02; Merced County; California","43807","8120",
"1400000US06047001401","Census Tract 14.01; Merced County; California","57411","12068",
"1400000US06047001402","Census Tract 14.02; Merced County; California","78652","20967",
"1400000US06047001501","Census Tract 15.01; Merced County; California","75833","19876",
"1400000US06047001502","Census Tract 15.02; Merced County; California","52917","9763",
"1400000US06047001503","Census Tract 15.03; Merced County; California","43644","3449",
"1400000US06047001601","Census Tract 16.01; Merced County; California","39851","10208",
"1400000US06047001603","Census Tract 16.03; Merced County; California","59449","6585",
"1400000US06047001604","Census Tract 16.04; Merced County; California","72894","10177",
"1400000US06047001700","Census Tract 17; Merced County; California","46619","9668",
"1400000US06047001801","Census Tract 18.01; Merced County; California","108795","42467",
"1400000US06047001901","Census Tract 19.01; Merced County; California","70893","28973",
"1400000US06047001902","Census Tract 19.02; Merced County; California","55938","17834",
"1400000US06047002001","Census Tract 20.01; Merced County; California","62065","43168",
"1400000US06047002002","Census Tract 20.02; Merced County; California","58880","26710",
"1400000US06047002100","Census Tract 21; Merced County; California","92639","22702",
"1400000US06047002201","Census Tract 22.01; Merced County; California","67438","11545",
"1400000US06047002203","Census Tract 22.03; Merced County; California","87065","20761",
"1400000US06047002204","Census Tract 22.04; Merced County; California","89631","7915",
"1400000US06047002301","Census Tract 23.01; Merced County; California","89607","16234",
"1400000US06047002303","Census Tract 23.03; Merced County; California","56591","36731",
"1400000US06047002304","Census Tract 23.04; Merced County; California","60000","18200",
"1400000US06047002305","Census Tract 23.05; Merced County; California","93897","30892",
"1400000US06047002306","Census Tract 23.06; Merced County; California","62135","24672",
"1400000US06047002401","Census Tract 24.01; Merced County; California","46667","26152",
"1400000US06047002403","Census Tract 24.03; Merced County; California","35227","17838",
"1400000US06047002404","Census Tract 24.04; Merced County; California","55096","19378",
"1400000US06047002500","Census Tract 25; Merced County; California","102125","15357",
"1400000US06047002601","Census Tract 26.01; Merced County; California","109599","20837",
"1400000US06047002602","Census Tract 26.02; Merced County; California","127500","23961",
"1400000US06049000100","Census Tract 1; Modoc County; California","59893","22289",
"1400000US06049000200","Census Tract 2; Modoc County; California","61534","6676",
"1400000US06049000300","Census Tract 3; Modoc County; California","57500","15666",
"1400000US06049000400","Census Tract 4; Modoc County; California","85703","23231",
"1400000US06051000101","Census Tract 1.01; Mono County; California","86250","48436",
"1400000US06051000102","Census Tract 1.02; Mono County; California","91833","34870",
"1400000US06051000201","Census Tract 2.01; Mono County; California","130393","11606",
"1400000US06051000202","Census Tract 2.02; Mono County; California","104257","26516",
"1400000US06053000101","Census Tract 1.01; Monterey County; California","132773","53543",
"1400000US06053000103","Census Tract 1.03; Monterey County; California","100000","21154",
"1400000US06053000104","Census Tract 1.04; Monterey County; California","115833","17840",
"1400000US06053000105","Census Tract 1.05; Monterey County; California","135114","56991",
"1400000US06053000106","Census Tract 1.06; Monterey County; California","86446","8612",
"1400000US06053000200","Census Tract 2; Monterey County; California","98844","16678",
"1400000US06053000300","Census Tract 3; Monterey County; California","89127","2689",
"1400000US06053000400","Census Tract 4; Monterey County; California","66955","10593",
"1400000US06053000501","Census Tract 5.01; Monterey County; California","47515","19786",
"1400000US06053000502","Census Tract 5.02; Monterey County; California","75893","17234",
"1400000US06053000600","Census Tract 6; Monterey County; California","49485","15745",
"1400000US06053000701","Census Tract 7.01; Monterey County; California","60833","10630",
"1400000US06053000702","Census Tract 7.02; Monterey County; California","57261","8903",
"1400000US06053000800","Census Tract 8; Monterey County; California","69155","11840",
"1400000US06053000900","Census Tract 9; Monterey County; California","53780","23211",
"1400000US06053001200","Census Tract 12; Monterey County; California","109417","29922",
"1400000US06053001300","Census Tract 13; Monterey County; California","68072","9857",
"1400000US06053001400","Census Tract 14; Monterey County; California","120974","18897",
"1400000US06053001500","Census Tract 15; Monterey County; California","111171","34631",
"1400000US06053001600","Census Tract 16; Monterey County; California","129521","14081",
"1400000US06053001700","Census Tract 17; Monterey County; California","95648","13275",
"1400000US06053001801","Census Tract 18.01; Monterey County; California","91818","17328",
"1400000US06053001802","Census Tract 18.02; Monterey County; California","90341","16545",
"1400000US06053010101","Census Tract 101.01; Monterey County; California","61113","7618",
"1400000US06053010102","Census Tract 101.02; Monterey County; California","168000","55690",
"1400000US06053010202","Census Tract 102.02; Monterey County; California","71750","34921",
"1400000US06053010305","Census Tract 103.05; Monterey County; California","144254","14742",
"1400000US06053010306","Census Tract 103.06; Monterey County; California","-","**",
"1400000US06053010400","Census Tract 104; Monterey County; California","85946","14526",
"1400000US06053010501","Census Tract 105.01; Monterey County; California","113657","18353",
"1400000US06053010504","Census Tract 105.04; Monterey County; California","80068","31169",
"1400000US06053010505","Census Tract 105.05; Monterey County; California","80804","16276",
"1400000US06053010506","Census Tract 105.06; Monterey County; California","74458","19203",
"1400000US06053010603","Census Tract 106.03; Monterey County; California","132103","18572",
"1400000US06053010604","Census Tract 106.04; Monterey County; California","114907","19894",
"1400000US06053010605","Census Tract 106.05; Monterey County; California","119423","30771",
"1400000US06053010606","Census Tract 106.06; Monterey County; California","96855","15621",
"1400000US06053010607","Census Tract 106.07; Monterey County; California","81964","15855",
"1400000US06053010608","Census Tract 106.08; Monterey County; California","97222","20394",
"1400000US06053010702","Census Tract 107.02; Monterey County; California","179239","20824",
"1400000US06053010804","Census Tract 108.04; Monterey County; California","72944","15391",
"1400000US06053010900","Census Tract 109; Monterey County; California","-","**",
"1400000US06053011001","Census Tract 110.01; Monterey County; California","186373","24277",
"1400000US06053011002","Census Tract 110.02; Monterey County; California","161765","52734",
"1400000US06053011101","Census Tract 111.01; Monterey County; California","78942","28162",
"1400000US06053011103","Census Tract 111.03; Monterey County; California","92631","23764",
"1400000US06053011104","Census Tract 111.04; Monterey County; California","95199","27203",
"1400000US06053011105","Census Tract 111.05; Monterey County; California","89088","23514",
"1400000US06053011106","Census Tract 111.06; Monterey County; California","152273","60311",
"1400000US06053011202","Census Tract 112.02; Monterey County; California","74125","20488",
"1400000US06053011203","Census Tract 112.03; Monterey County; California","82763","14265",
"1400000US06053011204","Census Tract 112.04; Monterey County; California","69792","13347",
"1400000US06053011302","Census Tract 113.02; Monterey County; California","48992","8150",
"1400000US06053011303","Census Tract 113.03; Monterey County; California","71875","35916",
"1400000US06053011305","Census Tract 113.05; Monterey County; California","60959","36304",
"1400000US06053011306","Census Tract 113.06; Monterey County; California","74310","9577",
"1400000US06053011400","Census Tract 114; Monterey County; California","108074","12615",
"1400000US06053011502","Census Tract 115.02; Monterey County; California","73871","46759",
"1400000US06053011604","Census Tract 116.04; Monterey County; California","117917","67079",
"1400000US06053011605","Census Tract 116.05; Monterey County; California","153854","38525",
"1400000US06053011606","Census Tract 116.06; Monterey County; California","250,000+","***",
"1400000US06053011700","Census Tract 117; Monterey County; California","221979","53415",
"1400000US06053011801","Census Tract 118.01; Monterey County; California","147316","75788",
"1400000US06053011802","Census Tract 118.02; Monterey County; California","205583","90980",
"1400000US06053011901","Census Tract 119.01; Monterey County; California","191771","70679",
"1400000US06053011902","Census Tract 119.02; Monterey County; California","161625","39648",
"1400000US06053012000","Census Tract 120; Monterey County; California","123875","35272",
"1400000US06053012100","Census Tract 121; Monterey County; California","171382","36043",
"1400000US06053012200","Census Tract 122; Monterey County; California","128176","23729",
"1400000US06053012302","Census Tract 123.02; Monterey County; California","173125","43188",
"1400000US06053012401","Census Tract 124.01; Monterey County; California","160417","28968",
"1400000US06053012402","Census Tract 124.02; Monterey County; California","141923","31583",
"1400000US06053012503","Census Tract 125.03; Monterey County; California","153580","14112",
"1400000US06053012504","Census Tract 125.04; Monterey County; California","95755","29087",
"1400000US06053012601","Census Tract 126.01; Monterey County; California","113000","59008",
"1400000US06053012700","Census Tract 127; Monterey County; California","124716","29783",
"1400000US06053012800","Census Tract 128; Monterey County; California","181867","19813",
"1400000US06053013000","Census Tract 130; Monterey County; California","134400","7048",
"1400000US06053013100","Census Tract 131; Monterey County; California","145125","21522",
"1400000US06053013200","Census Tract 132; Monterey County; California","194905","25045",
"1400000US06053013300","Census Tract 133; Monterey County; California","107473","22458",
"1400000US06053013400","Census Tract 134; Monterey County; California","137105","15105",
"1400000US06053013500","Census Tract 135; Monterey County; California","99444","23637",
"1400000US06053013600","Census Tract 136; Monterey County; California","86979","11482",
"1400000US06053013700","Census Tract 137; Monterey County; California","53438","11817",
"1400000US06053013800","Census Tract 138; Monterey County; California","86791","11614",
"1400000US06053013900","Census Tract 139; Monterey County; California","110833","33600",
"1400000US06053014000","Census Tract 140; Monterey County; California","78500","57053",
"1400000US06053014102","Census Tract 141.02; Monterey County; California","104550","31460",
"1400000US06053014104","Census Tract 141.04; Monterey County; California","-","**",
"1400000US06053014105","Census Tract 141.05; Monterey County; California","132639","41532",
"1400000US06053014108","Census Tract 141.08; Monterey County; California","80260","22978",
"1400000US06053014109","Census Tract 141.09; Monterey County; California","117917","18945",
"1400000US06053014110","Census Tract 141.10; Monterey County; California","207500","47243",
"1400000US06053014201","Census Tract 142.01; Monterey County; California","98379","6427",
"1400000US06053014202","Census Tract 142.02; Monterey County; California","85750","29573",
"1400000US06053014301","Census Tract 143.01; Monterey County; California","133438","50864",
"1400000US06053014302","Census Tract 143.02; Monterey County; California","101154","21952",
"1400000US06053014500","Census Tract 145; Monterey County; California","89877","47402",
"1400000US06053014601","Census Tract 146.01; Monterey County; California","92716","19986",
"1400000US06053014700","Census Tract 147; Monterey County; California","108654","30370",
"1400000US06053014800","Census Tract 148; Monterey County; California","91346","26291",
"1400000US06053980000","Census Tract 9800; Monterey County; California","-","**",
"1400000US06053990000","Census Tract 9900; Monterey County; California","-","**",
"1400000US06055200201","Census Tract 2002.01; Napa County; California","94662","32374",
"1400000US06055200202","Census Tract 2002.02; Napa County; California","104875","28097",
"1400000US06055200203","Census Tract 2002.03; Napa County; California","94479","18312",
"1400000US06055200301","Census Tract 2003.01; Napa County; California","108000","31987",
"1400000US06055200302","Census Tract 2003.02; Napa County; California","116250","23292",
"1400000US06055200400","Census Tract 2004; Napa County; California","176667","71032",
"1400000US06055200501","Census Tract 2005.01; Napa County; California","95671","21930",
"1400000US06055200503","Census Tract 2005.03; Napa County; California","111058","37496",
"1400000US06055200504","Census Tract 2005.04; Napa County; California","66723","24215",
"1400000US06055200505","Census Tract 2005.05; Napa County; California","126875","56369",
"1400000US06055200601","Census Tract 2006.01; Napa County; California","145607","18915",
"1400000US06055200602","Census Tract 2006.02; Napa County; California","145146","14279",
"1400000US06055200703","Census Tract 2007.03; Napa County; California","148382","26278",
"1400000US06055200704","Census Tract 2007.04; Napa County; California","118750","27711",
"1400000US06055200705","Census Tract 2007.05; Napa County; California","123460","13595",
"1400000US06055200706","Census Tract 2007.06; Napa County; California","150500","31029",
"1400000US06055200707","Census Tract 2007.07; Napa County; California","153836","40831",
"1400000US06055200802","Census Tract 2008.02; Napa County; California","123750","49870",
"1400000US06055200803","Census Tract 2008.03; Napa County; California","188333","47564",
"1400000US06055200804","Census Tract 2008.04; Napa County; California","107555","18320",
"1400000US06055200900","Census Tract 2009; Napa County; California","-","**",
"1400000US06055201003","Census Tract 2010.03; Napa County; California","180602","49998",
"1400000US06055201004","Census Tract 2010.04; Napa County; California","118389","18662",
"1400000US06055201005","Census Tract 2010.05; Napa County; California","118750","32361",
"1400000US06055201006","Census Tract 2010.06; Napa County; California","147813","16825",
"1400000US06055201007","Census Tract 2010.07; Napa County; California","135074","21063",
"1400000US06055201101","Census Tract 2011.01; Napa County; California","154583","41478",
"1400000US06055201102","Census Tract 2011.02; Napa County; California","122330","9982",
"1400000US06055201200","Census Tract 2012; Napa County; California","88409","28113",
"1400000US06055201300","Census Tract 2013; Napa County; California","120000","17770",
"1400000US06055201401","Census Tract 2014.01; Napa County; California","175114","25003",
"1400000US06055201402","Census Tract 2014.02; Napa County; California","250,000+","***",
"1400000US06055201403","Census Tract 2014.03; Napa County; California","215505","21228",
"1400000US06055201500","Census Tract 2015; Napa County; California","182656","120059",
"1400000US06055201601","Census Tract 2016.01; Napa County; California","152500","66118",
"1400000US06055201602","Census Tract 2016.02; Napa County; California","182222","106308",
"1400000US06055201700","Census Tract 2017; Napa County; California","150865","14507",
"1400000US06055201800","Census Tract 2018; Napa County; California","90313","43668",
"1400000US06055201900","Census Tract 2019; Napa County; California","150417","45759",
"1400000US06055202000","Census Tract 2020; Napa County; California","108813","10639",
"1400000US06057000102","Census Tract 1.02; Nevada County; California","118293","10958",
"1400000US06057000104","Census Tract 1.04; Nevada County; California","92454","23854",
"1400000US06057000105","Census Tract 1.05; Nevada County; California","131167","14700",
"1400000US06057000106","Census Tract 1.06; Nevada County; California","126000","20151",
"1400000US06057000107","Census Tract 1.07; Nevada County; California","101044","9927",
"1400000US06057000200","Census Tract 2; Nevada County; California","130938","29173",
"1400000US06057000300","Census Tract 3; Nevada County; California","135938","28730",
"1400000US06057000401","Census Tract 4.01; Nevada County; California","100304","13812",
"1400000US06057000403","Census Tract 4.03; Nevada County; California","135417","71141",
"1400000US06057000404","Census Tract 4.04; Nevada County; California","73287","21437",
"1400000US06057000502","Census Tract 5.02; Nevada County; California","82000","30305",
"1400000US06057000503","Census Tract 5.03; Nevada County; California","117656","28711",
"1400000US06057000504","Census Tract 5.04; Nevada County; California","73451","16974",
"1400000US06057000601","Census Tract 6.01; Nevada County; California","62551","51812",
"1400000US06057000602","Census Tract 6.02; Nevada County; California","73319","10882",
"1400000US06057000701","Census Tract 7.01; Nevada County; California","90708","20430",
"1400000US06057000702","Census Tract 7.02; Nevada County; California","101607","12524",
"1400000US06057000801","Census Tract 8.01; Nevada County; California","109349","24795",
"1400000US06057000802","Census Tract 8.02; Nevada County; California","108830","34091",
"1400000US06057000900","Census Tract 9; Nevada County; California","102375","19969",
"1400000US06057001205","Census Tract 12.05; Nevada County; California","147792","15349",
"1400000US06057001207","Census Tract 12.07; Nevada County; California","132188","59263",
"1400000US06057001208","Census Tract 12.08; Nevada County; California","197431","46372",
"1400000US06057001209","Census Tract 12.09; Nevada County; California","118038","32636",
"1400000US06057001210","Census Tract 12.10; Nevada County; California","248750","122113",
"1400000US06057001211","Census Tract 12.11; Nevada County; California","180795","77118",
"1400000US06059001101","Census Tract 11.01; Orange County; California","118926","18282",
"1400000US06059001102","Census Tract 11.02; Orange County; California","120109","59369",
"1400000US06059001103","Census Tract 11.03; Orange County; California","94889","11033",
"1400000US06059001201","Census Tract 12.01; Orange County; California","77101","17728",
"1400000US06059001202","Census Tract 12.02; Orange County; California","107330","12399",
"1400000US06059001301","Census Tract 13.01; Orange County; California","98514","18668",
"1400000US06059001303","Census Tract 13.03; Orange County; California","100805","20321",
"1400000US06059001304","Census Tract 13.04; Orange County; California","72098","21895",
"1400000US06059001401","Census Tract 14.01; Orange County; California","85717","11989",
"1400000US06059001402","Census Tract 14.02; Orange County; California","98598","15051",
"1400000US06059001403","Census Tract 14.03; Orange County; California","178836","26326",
"1400000US06059001404","Census Tract 14.04; Orange County; California","93508","15633",
"1400000US06059001501","Census Tract 15.01; Orange County; California","123750","17821",
"1400000US06059001503","Census Tract 15.03; Orange County; California","115208","37790",
"1400000US06059001504","Census Tract 15.04; Orange County; California","104076","16202",
"1400000US06059001505","Census Tract 15.05; Orange County; California","132215","28127",
"1400000US06059001506","Census Tract 15.06; Orange County; California","159732","18707",
"1400000US06059001507","Census Tract 15.07; Orange County; California","136989","17376",
"1400000US06059001602","Census Tract 16.02; Orange County; California","181339","60703",
"1400000US06059001603","Census Tract 16.03; Orange County; California","157250","27077",
"1400000US06059001604","Census Tract 16.04; Orange County; California","205324","68573",
"1400000US06059001704","Census Tract 17.04; Orange County; California","163036","39773",
"1400000US06059001705","Census Tract 17.05; Orange County; California","126250","24685",
"1400000US06059001706","Census Tract 17.06; Orange County; California","250,000+","***",
"1400000US06059001708","Census Tract 17.08; Orange County; California","145000","19771",
"1400000US06059001709","Census Tract 17.09; Orange County; California","135469","28434",
"1400000US06059001710","Census Tract 17.10; Orange County; California","154531","35965",
"1400000US06059001801","Census Tract 18.01; Orange County; California","81522","35187",
"1400000US06059001802","Census Tract 18.02; Orange County; California","73244","15071",
"1400000US06059001901","Census Tract 19.01; Orange County; California","121406","10691",
"1400000US06059001902","Census Tract 19.02; Orange County; California","112411","18332",
"1400000US06059001903","Census Tract 19.03; Orange County; California","114698","14304",
"1400000US06059011000","Census Tract 110; Orange County; California","130673","34293",
"1400000US06059011101","Census Tract 111.01; Orange County; California","109375","27081",
"1400000US06059011102","Census Tract 111.02; Orange County; California","120341","35721",
"1400000US06059011200","Census Tract 112; Orange County; California","149921","29714",
"1400000US06059011300","Census Tract 113; Orange County; California","116702","49747",
"1400000US06059011401","Census Tract 114.01; Orange County; California","150263","17056",
"1400000US06059011402","Census Tract 114.02; Orange County; California","143750","26021",
"1400000US06059011403","Census Tract 114.03; Orange County; California","116625","22952",
"1400000US06059011502","Census Tract 115.02; Orange County; California","109013","38346",
"1400000US06059011503","Census Tract 115.03; Orange County; California","153214","68020",
"1400000US06059011504","Census Tract 115.04; Orange County; California","103698","24304",
"1400000US06059011601","Census Tract 116.01; Orange County; California","72784","35981",
"1400000US06059011602","Census Tract 116.02; Orange County; California","84609","21315",
"1400000US06059011707","Census Tract 117.07; Orange County; California","107315","53239",
"1400000US06059011708","Census Tract 117.08; Orange County; California","87163","15921",
"1400000US06059011709","Census Tract 117.09; Orange County; California","157011","33471",
"1400000US06059011710","Census Tract 117.10; Orange County; California","163625","31038",
"1400000US06059011711","Census Tract 117.11; Orange County; California","74405","27511",
"1400000US06059011712","Census Tract 117.12; Orange County; California","94095","21014",
"1400000US06059011714","Census Tract 117.14; Orange County; California","121250","55756",
"1400000US06059011715","Census Tract 117.15; Orange County; California","157159","38455",
"1400000US06059011716","Census Tract 117.16; Orange County; California","142667","32037",
"1400000US06059011717","Census Tract 117.17; Orange County; California","174792","24490",
"1400000US06059011718","Census Tract 117.18; Orange County; California","148309","23841",
"1400000US06059011720","Census Tract 117.20; Orange County; California","56205","11630",
"1400000US06059011721","Census Tract 117.21; Orange County; California","100087","19990",
"1400000US06059011722","Census Tract 117.22; Orange County; California","103871","56042",
"1400000US06059021802","Census Tract 218.02; Orange County; California","170741","16924",
"1400000US06059021807","Census Tract 218.07; Orange County; California","116806","60618",
"1400000US06059021809","Census Tract 218.09; Orange County; California","142778","13412",
"1400000US06059021810","Census Tract 218.10; Orange County; California","129968","9242",
"1400000US06059021812","Census Tract 218.12; Orange County; California","149183","21515",
"1400000US06059021813","Census Tract 218.13; Orange County; California","-","**",
"1400000US06059021814","Census Tract 218.14; Orange County; California","137120","18872",
"1400000US06059021816","Census Tract 218.16; Orange County; California","147262","23475",
"1400000US06059021817","Census Tract 218.17; Orange County; California","120625","45737",
"1400000US06059021820","Census Tract 218.20; Orange County; California","173906","14893",
"1400000US06059021821","Census Tract 218.21; Orange County; California","127462","15670",
"1400000US06059021822","Census Tract 218.22; Orange County; California","178449","22963",
"1400000US06059021823","Census Tract 218.23; Orange County; California","149412","24392",
"1400000US06059021824","Census Tract 218.24; Orange County; California","193875","33478",
"1400000US06059021825","Census Tract 218.25; Orange County; California","177697","85340",
"1400000US06059021826","Census Tract 218.26; Orange County; California","131316","29292",
"1400000US06059021827","Census Tract 218.27; Orange County; California","169263","36997",
"1400000US06059021828","Census Tract 218.28; Orange County; California","190250","32100",
"1400000US06059021829","Census Tract 218.29; Orange County; California","233036","33405",
"1400000US06059021830","Census Tract 218.30; Orange County; California","210795","56893",
"1400000US06059021831","Census Tract 218.31; Orange County; California","190346","19772",
"1400000US06059021832","Census Tract 218.32; Orange County; California","216515","10494",
"1400000US06059021903","Census Tract 219.03; Orange County; California","147629","26810",
"1400000US06059021905","Census Tract 219.05; Orange County; California","187763","18146",
"1400000US06059021912","Census Tract 219.12; Orange County; California","225579","41609",
"1400000US06059021913","Census Tract 219.13; Orange County; California","128472","34838",
"1400000US06059021914","Census Tract 219.14; Orange County; California","144354","27450",
"1400000US06059021915","Census Tract 219.15; Orange County; California","182351","85875",
"1400000US06059021916","Census Tract 219.16; Orange County; California","189453","28612",
"1400000US06059021917","Census Tract 219.17; Orange County; California","236369","39734",
"1400000US06059021918","Census Tract 219.18; Orange County; California","148843","12596",
"1400000US06059021919","Census Tract 219.19; Orange County; California","143074","38261",
"1400000US06059021920","Census Tract 219.20; Orange County; California","213340","31548",
"1400000US06059021921","Census Tract 219.21; Orange County; California","228346","42079",
"1400000US06059021922","Census Tract 219.22; Orange County; California","148571","36095",
"1400000US06059021923","Census Tract 219.23; Orange County; California","127885","42238",
"1400000US06059021924","Census Tract 219.24; Orange County; California","192986","48081",
"1400000US06059032002","Census Tract 320.02; Orange County; California","163162","26727",
"1400000US06059032003","Census Tract 320.03; Orange County; California","182885","18723",
"1400000US06059032011","Census Tract 320.11; Orange County; California","127750","63370",
"1400000US06059032012","Census Tract 320.12; Orange County; California","152035","19283",
"1400000US06059032013","Census Tract 320.13; Orange County; California","142206","61070",
"1400000US06059032014","Census Tract 320.14; Orange County; California","85337","12287",
"1400000US06059032015","Census Tract 320.15; Orange County; California","170926","18492",
"1400000US06059032020","Census Tract 320.20; Orange County; California","184677","29963",
"1400000US06059032022","Census Tract 320.22; Orange County; California","128219","26127",
"1400000US06059032027","Census Tract 320.27; Orange County; California","116392","24838",
"1400000US06059032028","Census Tract 320.28; Orange County; California","88324","18015",
"1400000US06059032029","Census Tract 320.29; Orange County; California","127500","22818",
"1400000US06059032030","Census Tract 320.30; Orange County; California","162550","14766",
"1400000US06059032031","Census Tract 320.31; Orange County; California","161875","30916",
"1400000US06059032032","Census Tract 320.32; Orange County; California","171044","37427",
"1400000US06059032033","Census Tract 320.33; Orange County; California","141030","11381",
"1400000US06059032034","Census Tract 320.34; Orange County; California","201964","15637",
"1400000US06059032035","Census Tract 320.35; Orange County; California","204250","70781",
"1400000US06059032036","Census Tract 320.36; Orange County; California","182713","22521",
"1400000US06059032037","Census Tract 320.37; Orange County; California","165685","32016",
"1400000US06059032038","Census Tract 320.38; Orange County; California","156797","21151",
"1400000US06059032039","Census Tract 320.39; Orange County; California","123809","18248",
"1400000US06059032040","Census Tract 320.40; Orange County; California","179375","19496",
"1400000US06059032041","Census Tract 320.41; Orange County; California","169500","43059",
"1400000US06059032042","Census Tract 320.42; Orange County; California","205685","29280",
"1400000US06059032043","Census Tract 320.43; Orange County; California","233550","52006",
"1400000US06059032044","Census Tract 320.44; Orange County; California","250,000+","***",
"1400000US06059032045","Census Tract 320.45; Orange County; California","224650","19776",
"1400000US06059032046","Census Tract 320.46; Orange County; California","250,000+","***",
"1400000US06059032047","Census Tract 320.47; Orange County; California","138571","7471",
"1400000US06059032048","Census Tract 320.48; Orange County; California","189181","41367",
"1400000US06059032049","Census Tract 320.49; Orange County; California","199517","25778",
"1400000US06059032050","Census Tract 320.50; Orange County; California","165032","23537",
"1400000US06059032051","Census Tract 320.51; Orange County; California","132083","20590",
"1400000US06059032053","Census Tract 320.53; Orange County; California","190885","34329",
"1400000US06059032054","Census Tract 320.54; Orange County; California","142593","25394",
"1400000US06059032055","Census Tract 320.55; Orange County; California","136480","13198",
"1400000US06059032057","Census Tract 320.57; Orange County; California","203112","14204",
"1400000US06059032058","Census Tract 320.58; Orange County; California","220227","47360",
"1400000US06059032059","Census Tract 320.59; Orange County; California","199792","23149",
"1400000US06059032061","Census Tract 320.61; Orange County; California","202946","30273",
"1400000US06059032062","Census Tract 320.62; Orange County; California","237353","35427",
"1400000US06059032063","Census Tract 320.63; Orange County; California","172276","40350",
"1400000US06059032064","Census Tract 320.64; Orange County; California","150000","30568",
"1400000US06059032065","Census Tract 320.65; Orange County; California","227546","29756",
"1400000US06059032066","Census Tract 320.66; Orange County; California","215904","12346",
"1400000US06059042106","Census Tract 421.06; Orange County; California","198542","59241",
"1400000US06059042107","Census Tract 421.07; Orange County; California","107828","23288",
"1400000US06059042108","Census Tract 421.08; Orange County; California","106476","7054",
"1400000US06059042109","Census Tract 421.09; Orange County; California","130893","42510",
"1400000US06059042111","Census Tract 421.11; Orange County; California","242617","55378",
"1400000US06059042112","Census Tract 421.12; Orange County; California","242628","41650",
"1400000US06059042113","Census Tract 421.13; Orange County; California","168988","10886",
"1400000US06059042114","Census Tract 421.14; Orange County; California","152321","17617",
"1400000US06059042115","Census Tract 421.15; Orange County; California","250,000+","***",
"1400000US06059042116","Census Tract 421.16; Orange County; California","198929","38236",
"1400000US06059042201","Census Tract 422.01; Orange County; California","121776","15339",
"1400000US06059042203","Census Tract 422.03; Orange County; California","168056","45375",
"1400000US06059042205","Census Tract 422.05; Orange County; California","157574","45292",
"1400000US06059042206","Census Tract 422.06; Orange County; California","152692","27331",
"1400000US06059042305","Census Tract 423.05; Orange County; California","250,000+","***",
"1400000US06059042307","Census Tract 423.07; Orange County; California","141653","12396",
"1400000US06059042311","Census Tract 423.11; Orange County; California","169938","55212",
"1400000US06059042312","Census Tract 423.12; Orange County; California","129375","45022",
"1400000US06059042313","Census Tract 423.13; Orange County; California","134904","39007",
"1400000US06059042315","Census Tract 423.15; Orange County; California","149295","33312",
"1400000US06059042317","Census Tract 423.17; Orange County; California","178229","57183",
"1400000US06059042319","Census Tract 423.19; Orange County; California","186354","17217",
"1400000US06059042320","Census Tract 423.20; Orange County; California","101136","19682",
"1400000US06059042323","Census Tract 423.23; Orange County; California","143289","73172",
"1400000US06059042324","Census Tract 423.24; Orange County; California","211055","66646",
"1400000US06059042325","Census Tract 423.25; Orange County; California","184583","30055",
"1400000US06059042326","Census Tract 423.26; Orange County; California","175363","34919",
"1400000US06059042327","Census Tract 423.27; Orange County; California","153935","40389",
"1400000US06059042328","Census Tract 423.28; Orange County; California","250,000+","***",
"1400000US06059042329","Census Tract 423.29; Orange County; California","120273","41513",
"1400000US06059042330","Census Tract 423.30; Orange County; California","148446","39527",
"1400000US06059042331","Census Tract 423.31; Orange County; California","137160","59953",
"1400000US06059042332","Census Tract 423.32; Orange County; California","200286","41679",
"1400000US06059042333","Census Tract 423.33; Orange County; California","238386","24668",
"1400000US06059042334","Census Tract 423.34; Orange County; California","147257","48366",
"1400000US06059042335","Census Tract 423.35; Orange County; California","187893","48005",
"1400000US06059042336","Census Tract 423.36; Orange County; California","179526","24159",
"1400000US06059042337","Census Tract 423.37; Orange County; California","209032","27731",
"1400000US06059042338","Census Tract 423.38; Orange County; California","163860","26020",
"1400000US06059042339","Census Tract 423.39; Orange County; California","135469","43684",
"1400000US06059042340","Census Tract 423.40; Orange County; California","81694","21926",
"1400000US06059042341","Census Tract 423.41; Orange County; California","136953","22250",
"1400000US06059052408","Census Tract 524.08; Orange County; California","154655","28081",
"1400000US06059052410","Census Tract 524.10; Orange County; California","137258","66359",
"1400000US06059052411","Census Tract 524.11; Orange County; California","152794","25114",
"1400000US06059052415","Census Tract 524.15; Orange County; California","175625","21672",
"1400000US06059052416","Census Tract 524.16; Orange County; California","172941","23181",
"1400000US06059052417","Census Tract 524.17; Orange County; California","138618","59453",
"1400000US06059052419","Census Tract 524.19; Orange County; California","212333","46102",
"1400000US06059052421","Census Tract 524.21; Orange County; California","179107","40010",
"1400000US06059052422","Census Tract 524.22; Orange County; California","197061","31100",
"1400000US06059052423","Census Tract 524.23; Orange County; California","122143","19895",
"1400000US06059052424","Census Tract 524.24; Orange County; California","143986","21617",
"1400000US06059052425","Census Tract 524.25; Orange County; California","109392","32179",
"1400000US06059052427","Census Tract 524.27; Orange County; California","194250","16606",
"1400000US06059052428","Census Tract 524.28; Orange County; California","169903","33879",
"1400000US06059052429","Census Tract 524.29; Orange County; California","169526","37006",
"1400000US06059052430","Census Tract 524.30; Orange County; California","183106","19492",
"1400000US06059052431","Census Tract 524.31; Orange County; California","172500","58726",
"1400000US06059052432","Census Tract 524.32; Orange County; California","131845","32610",
"1400000US06059052433","Census Tract 524.33; Orange County; California","155321","69741",
"1400000US06059052434","Census Tract 524.34; Orange County; California","171586","19929",
"1400000US06059052435","Census Tract 524.35; Orange County; California","162045","80680",
"1400000US06059052436","Census Tract 524.36; Orange County; California","212885","68974",
"1400000US06059052437","Census Tract 524.37; Orange County; California","176996","79376",
"1400000US06059052438","Census Tract 524.38; Orange County; California","180156","41014",
"1400000US06059052439","Census Tract 524.39; Orange County; California","201174","30993",
"1400000US06059052502","Census Tract 525.02; Orange County; California","158333","22392",
"1400000US06059052505","Census Tract 525.05; Orange County; California","124107","36194",
"1400000US06059052506","Census Tract 525.06; Orange County; California","163214","33105",
"1400000US06059052511","Census Tract 525.11; Orange County; California","181484","29933",
"1400000US06059052513","Census Tract 525.13; Orange County; California","143618","20202",
"1400000US06059052514","Census Tract 525.14; Orange County; California","156196","50562",
"1400000US06059052518","Census Tract 525.18; Orange County; California","113015","25408",
"1400000US06059052519","Census Tract 525.19; Orange County; California","162054","29248",
"1400000US06059052520","Census Tract 525.20; Orange County; California","128388","26479",
"1400000US06059052521","Census Tract 525.21; Orange County; California","129145","17579",
"1400000US06059052522","Census Tract 525.22; Orange County; California","160547","41490",
"1400000US06059052523","Census Tract 525.23; Orange County; California","165365","26081",
"1400000US06059052524","Census Tract 525.24; Orange County; California","144028","27482",
"1400000US06059052526","Census Tract 525.26; Orange County; California","131991","62133",
"1400000US06059052527","Census Tract 525.27; Orange County; California","169464","27070",
"1400000US06059052528","Census Tract 525.28; Orange County; California","186816","37791",
"1400000US06059052529","Census Tract 525.29; Orange County; California","178472","31517",
"1400000US06059052530","Census Tract 525.30; Orange County; California","143679","27163",
"1400000US06059052531","Census Tract 525.31; Orange County; California","162404","75704",
"1400000US06059052532","Census Tract 525.32; Orange County; California","168703","21290",
"1400000US06059052533","Census Tract 525.33; Orange County; California","173125","18721",
"1400000US06059052534","Census Tract 525.34; Orange County; California","54685","24151",
"1400000US06059052535","Census Tract 525.35; Orange County; California","162708","16991",
"1400000US06059062605","Census Tract 626.05; Orange County; California","123026","53150",
"1400000US06059062610","Census Tract 626.10; Orange County; California","129627","25724",
"1400000US06059062611","Census Tract 626.11; Orange County; California","79550","19807",
"1400000US06059062614","Census Tract 626.14; Orange County; California","170972","29277",
"1400000US06059062619","Census Tract 626.19; Orange County; California","180735","68226",
"1400000US06059062620","Census Tract 626.20; Orange County; California","249427","41452",
"1400000US06059062622","Census Tract 626.22; Orange County; California","80667","34718",
"1400000US06059062625","Census Tract 626.25; Orange County; California","113076","24070",
"1400000US06059062626","Census Tract 626.26; Orange County; California","106000","74570",
"1400000US06059062627","Census Tract 626.27; Orange County; California","64292","45158",
"1400000US06059062628","Census Tract 626.28; Orange County; California","165417","54648",
"1400000US06059062629","Census Tract 626.29; Orange County; California","212955","26714",
"1400000US06059062630","Census Tract 626.30; Orange County; California","195000","64654",
"1400000US06059062631","Census Tract 626.31; Orange County; California","232222","45688",
"1400000US06059062632","Census Tract 626.32; Orange County; California","178824","53138",
"1400000US06059062633","Census Tract 626.33; Orange County; California","228333","32010",
"1400000US06059062634","Census Tract 626.34; Orange County; California","180080","29064",
"1400000US06059062635","Census Tract 626.35; Orange County; California","167162","14125",
"1400000US06059062636","Census Tract 626.36; Orange County; California","129286","33610",
"1400000US06059062637","Census Tract 626.37; Orange County; California","114677","18039",
"1400000US06059062638","Census Tract 626.38; Orange County; California","161103","36351",
"1400000US06059062639","Census Tract 626.39; Orange County; California","154583","39550",
"1400000US06059062640","Census Tract 626.40; Orange County; California","141125","31735",
"1400000US06059062641","Census Tract 626.41; Orange County; California","163365","48510",
"1400000US06059062642","Census Tract 626.42; Orange County; California","250,000+","***",
"1400000US06059062643","Census Tract 626.43; Orange County; California","250,000+","***",
"1400000US06059062645","Census Tract 626.45; Orange County; California","250,000+","***",
"1400000US06059062646","Census Tract 626.46; Orange County; California","72035","15776",
"1400000US06059062647","Census Tract 626.47; Orange County; California","88378","31152",
"1400000US06059062648","Census Tract 626.48; Orange County; California","85729","31386",
"1400000US06059062649","Census Tract 626.49; Orange County; California","130486","27608",
"1400000US06059062650","Census Tract 626.50; Orange County; California","175056","22228",
"1400000US06059062651","Census Tract 626.51; Orange County; California","157344","49174",
"1400000US06059062652","Census Tract 626.52; Orange County; California","125076","10711",
"1400000US06059062653","Census Tract 626.53; Orange County; California","134271","43868",
"1400000US06059062654","Census Tract 626.54; Orange County; California","196215","36913",
"1400000US06059062655","Census Tract 626.55; Orange County; California","250,000+","***",
"1400000US06059062656","Census Tract 626.56; Orange County; California","201401","32847",
"1400000US06059062657","Census Tract 626.57; Orange County; California","237159","53374",
"1400000US06059062658","Census Tract 626.58; Orange County; California","162339","52960",
"1400000US06059062701","Census Tract 627.01; Orange County; California","250,000+","***",
"1400000US06059062702","Census Tract 627.02; Orange County; California","236295","53951",
"1400000US06059062800","Census Tract 628; Orange County; California","250,000+","***",
"1400000US06059062900","Census Tract 629; Orange County; California","224803","102252",
"1400000US06059063004","Census Tract 630.04; Orange County; California","165774","92761",
"1400000US06059063005","Census Tract 630.05; Orange County; California","220724","47062",
"1400000US06059063006","Census Tract 630.06; Orange County; California","163942","73300",
"1400000US06059063007","Census Tract 630.07; Orange County; California","199773","58547",
"1400000US06059063008","Census Tract 630.08; Orange County; California","250,000+","***",
"1400000US06059063009","Census Tract 630.09; Orange County; California","250,000+","***",
"1400000US06059063010","Census Tract 630.10; Orange County; California","183920","90187",
"1400000US06059063101","Census Tract 631.01; Orange County; California","125694","19208",
"1400000US06059063102","Census Tract 631.02; Orange County; California","160000","71649",
"1400000US06059063103","Census Tract 631.03; Orange County; California","250,000+","***",
"1400000US06059063201","Census Tract 632.01; Orange County; California","151250","29838",
"1400000US06059063202","Census Tract 632.02; Orange County; California","107656","35059",
"1400000US06059063301","Census Tract 633.01; Orange County; California","141250","67087",
"1400000US06059063302","Census Tract 633.02; Orange County; California","174444","51551",
"1400000US06059063400","Census Tract 634; Orange County; California","193407","25196",
"1400000US06059063500","Census Tract 635; Orange County; California","142783","17545",
"1400000US06059063601","Census Tract 636.01; Orange County; California","158333","37804",
"1400000US06059063603","Census Tract 636.03; Orange County; California","168559","44942",
"1400000US06059063604","Census Tract 636.04; Orange County; California","95781","36476",
"1400000US06059063605","Census Tract 636.05; Orange County; California","96711","21804",
"1400000US06059063701","Census Tract 637.01; Orange County; California","74554","34131",
"1400000US06059063702","Census Tract 637.02; Orange County; California","81181","19311",
"1400000US06059063802","Census Tract 638.02; Orange County; California","186058","58658",
"1400000US06059063803","Census Tract 638.03; Orange County; California","126419","9628",
"1400000US06059063805","Census Tract 638.05; Orange County; California","154875","15475",
"1400000US06059063806","Census Tract 638.06; Orange County; California","166699","12709",
"1400000US06059063807","Census Tract 638.07; Orange County; California","103207","32134",
"1400000US06059063808","Census Tract 638.08; Orange County; California","84615","6400",
"1400000US06059063902","Census Tract 639.02; Orange County; California","128750","37997",
"1400000US06059063903","Census Tract 639.03; Orange County; California","130521","45021",
"1400000US06059063904","Census Tract 639.04; Orange County; California","118179","20500",
"1400000US06059063905","Census Tract 639.05; Orange County; California","164063","52348",
"1400000US06059063906","Census Tract 639.06; Orange County; California","106424","37282",
"1400000US06059063908","Census Tract 639.08; Orange County; California","155583","76791",
"1400000US06059063909","Census Tract 639.09; Orange County; California","104667","48129",
"1400000US06059063910","Census Tract 639.10; Orange County; California","144911","44101",
"1400000US06059074003","Census Tract 740.03; Orange County; California","108594","26051",
"1400000US06059074004","Census Tract 740.04; Orange County; California","98816","32165",
"1400000US06059074005","Census Tract 740.05; Orange County; California","92070","25040",
"1400000US06059074006","Census Tract 740.06; Orange County; California","76463","10905",
"1400000US06059074102","Census Tract 741.02; Orange County; California","92222","32544",
"1400000US06059074103","Census Tract 741.03; Orange County; California","115673","28046",
"1400000US06059074106","Census Tract 741.06; Orange County; California","92125","12263",
"1400000US06059074107","Census Tract 741.07; Orange County; California","97129","44936",
"1400000US06059074108","Census Tract 741.08; Orange County; California","108042","12147",
"1400000US06059074109","Census Tract 741.09; Orange County; California","91648","21153",
"1400000US06059074110","Census Tract 741.10; Orange County; California","158150","9838",
"1400000US06059074111","Census Tract 741.11; Orange County; California","99821","27579",
"1400000US06059074200","Census Tract 742; Orange County; California","91083","21514",
"1400000US06059074300","Census Tract 743; Orange County; California","95926","17040",
"1400000US06059074403","Census Tract 744.03; Orange County; California","54531","10553",
"1400000US06059074405","Census Tract 744.05; Orange County; California","66343","6903",
"1400000US06059074406","Census Tract 744.06; Orange County; California","85000","17570",
"1400000US06059074407","Census Tract 744.07; Orange County; California","60547","18034",
"1400000US06059074408","Census Tract 744.08; Orange County; California","72165","10678",
"1400000US06059074501","Census Tract 745.01; Orange County; California","57568","13903",
"1400000US06059074502","Census Tract 745.02; Orange County; California","93000","23680",
"1400000US06059074601","Census Tract 746.01; Orange County; California","114259","10949",
"1400000US06059074602","Census Tract 746.02; Orange County; California","81755","14642",
"1400000US06059074701","Census Tract 747.01; Orange County; California","94000","23403",
"1400000US06059074702","Census Tract 747.02; Orange County; California","101316","25798",
"1400000US06059074801","Census Tract 748.01; Orange County; California","92611","12362",
"1400000US06059074802","Census Tract 748.02; Orange County; California","77875","23480",
"1400000US06059074803","Census Tract 748.03; Orange County; California","101543","10582",
"1400000US06059074805","Census Tract 748.05; Orange County; California","66500","8054",
"1400000US06059074806","Census Tract 748.06; Orange County; California","77361","17301",
"1400000US06059074901","Census Tract 749.01; Orange County; California","77175","17983",
"1400000US06059074902","Census Tract 749.02; Orange County; California","67930","11687",
"1400000US06059075002","Census Tract 750.02; Orange County; California","59792","22329",
"1400000US06059075003","Census Tract 750.03; Orange County; California","50689","11763",
"1400000US06059075004","Census Tract 750.04; Orange County; California","60938","11542",
"1400000US06059075100","Census Tract 751; Orange County; California","81071","13200",
"1400000US06059075201","Census Tract 752.01; Orange County; California","87041","23769",
"1400000US06059075202","Census Tract 752.02; Orange County; California","89615","52546",
"1400000US06059075301","Census Tract 753.01; Orange County; California","125406","41682",
"1400000US06059075302","Census Tract 753.02; Orange County; California","121290","10597",
"1400000US06059075303","Census Tract 753.03; Orange County; California","175733","31221",
"1400000US06059075401","Census Tract 754.01; Orange County; California","131750","36140",
"1400000US06059075403","Census Tract 754.03; Orange County; California","94605","13605",
"1400000US06059075404","Census Tract 754.04; Orange County; California","125517","24540",
"1400000US06059075405","Census Tract 754.05; Orange County; California","129904","19680",
"1400000US06059075504","Census Tract 755.04; Orange County; California","147702","19118",
"1400000US06059075505","Census Tract 755.05; Orange County; California","94527","40265",
"1400000US06059075506","Census Tract 755.06; Orange County; California","131136","29903",
"1400000US06059075507","Census Tract 755.07; Orange County; California","107922","4948",
"1400000US06059075512","Census Tract 755.12; Orange County; California","88125","19239",
"1400000US06059075513","Census Tract 755.13; Orange County; California","90785","8988",
"1400000US06059075514","Census Tract 755.14; Orange County; California","82760","8741",
"1400000US06059075516","Census Tract 755.16; Orange County; California","121014","57668",
"1400000US06059075517","Census Tract 755.17; Orange County; California","93352","38438",
"1400000US06059075518","Census Tract 755.18; Orange County; California","146791","36965",
"1400000US06059075603","Census Tract 756.03; Orange County; California","151625","34333",
"1400000US06059075604","Census Tract 756.04; Orange County; California","216368","23492",
"1400000US06059075605","Census Tract 756.05; Orange County; California","250,000+","***",
"1400000US06059075606","Census Tract 756.06; Orange County; California","248333","43926",
"1400000US06059075607","Census Tract 756.07; Orange County; California","168350","42018",
"1400000US06059075701","Census Tract 757.01; Orange County; California","151353","12048",
"1400000US06059075702","Census Tract 757.02; Orange County; California","196923","31873",
"1400000US06059075703","Census Tract 757.03; Orange County; California","223594","31237",
"1400000US06059075805","Census Tract 758.05; Orange County; California","120662","51004",
"1400000US06059075806","Census Tract 758.06; Orange County; California","86432","15852",
"1400000US06059075807","Census Tract 758.07; Orange County; California","154894","25303",
"1400000US06059075808","Census Tract 758.08; Orange County; California","206414","35721",
"1400000US06059075809","Census Tract 758.09; Orange County; California","242188","55279",
"1400000US06059075810","Census Tract 758.10; Orange County; California","164167","44291",
"1400000US06059075811","Census Tract 758.11; Orange County; California","122813","10992",
"1400000US06059075812","Census Tract 758.12; Orange County; California","103551","16303",
"1400000US06059075813","Census Tract 758.13; Orange County; California","200185","28839",
"1400000US06059075814","Census Tract 758.14; Orange County; California","202903","28239",
"1400000US06059075815","Census Tract 758.15; Orange County; California","115724","27766",
"1400000US06059075816","Census Tract 758.16; Orange County; California","106618","50693",
"1400000US06059075901","Census Tract 759.01; Orange County; California","119886","49060",
"1400000US06059075902","Census Tract 759.02; Orange County; California","82132","35944",
"1400000US06059076001","Census Tract 760.01; Orange County; California","79033","15718",
"1400000US06059076002","Census Tract 760.02; Orange County; California","146875","62695",
"1400000US06059076102","Census Tract 761.02; Orange County; California","77500","8402",
"1400000US06059076103","Census Tract 761.03; Orange County; California","72188","14228",
"1400000US06059076104","Census Tract 761.04; Orange County; California","110476","30967",
"1400000US06059076105","Census Tract 761.05; Orange County; California","140779","31498",
"1400000US06059076201","Census Tract 762.01; Orange County; California","149043","22687",
"1400000US06059076202","Census Tract 762.02; Orange County; California","122986","21430",
"1400000US06059076204","Census Tract 762.04; Orange County; California","86625","37026",
"1400000US06059076205","Census Tract 762.05; Orange County; California","125268","29556",
"1400000US06059076206","Census Tract 762.06; Orange County; California","121806","20916",
"1400000US06059076208","Census Tract 762.08; Orange County; California","136490","12162",
"1400000US06059086301","Census Tract 863.01; Orange County; California","93253","8876",
"1400000US06059086303","Census Tract 863.03; Orange County; California","95096","23486",
"1400000US06059086304","Census Tract 863.04; Orange County; California","110944","11353",
"1400000US06059086305","Census Tract 863.05; Orange County; California","156293","23608",
"1400000US06059086306","Census Tract 863.06; Orange County; California","89360","13736",
"1400000US06059086402","Census Tract 864.02; Orange County; California","144531","38075",
"1400000US06059086404","Census Tract 864.04; Orange County; California","85315","18704",
"1400000US06059086405","Census Tract 864.05; Orange County; California","77656","16034",
"1400000US06059086406","Census Tract 864.06; Orange County; California","90688","15988",
"1400000US06059086407","Census Tract 864.07; Orange County; California","94877","23979",
"1400000US06059086501","Census Tract 865.01; Orange County; California","105167","31122",
"1400000US06059086502","Census Tract 865.02; Orange County; California","86763","13126",
"1400000US06059086601","Census Tract 866.01; Orange County; California","63895","11450",
"1400000US06059086602","Census Tract 866.02; Orange County; California","84000","18534",
"1400000US06059086701","Census Tract 867.01; Orange County; California","117772","17766",
"1400000US06059086702","Census Tract 867.02; Orange County; California","70433","18170",
"1400000US06059086801","Census Tract 868.01; Orange County; California","111111","16935",
"1400000US06059086802","Census Tract 868.02; Orange County; California","114667","29956",
"1400000US06059086803","Census Tract 868.03; Orange County; California","95944","18125",
"1400000US06059086901","Census Tract 869.01; Orange County; California","57150","17378",
"1400000US06059086902","Census Tract 869.02; Orange County; California","93854","20572",
"1400000US06059086903","Census Tract 869.03; Orange County; California","89360","13519",
"1400000US06059087001","Census Tract 870.01; Orange County; California","64250","16240",
"1400000US06059087002","Census Tract 870.02; Orange County; California","88655","8475",
"1400000US06059087101","Census Tract 871.01; Orange County; California","83625","31566",
"1400000US06059087102","Census Tract 871.02; Orange County; California","64896","18524",
"1400000US06059087103","Census Tract 871.03; Orange County; California","97377","26864",
"1400000US06059087105","Census Tract 871.05; Orange County; California","105625","10088",
"1400000US06059087106","Census Tract 871.06; Orange County; California","54975","4647",
"1400000US06059087200","Census Tract 872; Orange County; California","103250","39731",
"1400000US06059087301","Census Tract 873.01; Orange County; California","78860","14316",
"1400000US06059087302","Census Tract 873.02; Orange County; California","76142","23410",
"1400000US06059087401","Census Tract 874.01; Orange County; California","150625","21942",
"1400000US06059087403","Census Tract 874.03; Orange County; California","66607","14215",
"1400000US06059087404","Census Tract 874.04; Orange County; California","66393","14819",
"1400000US06059087405","Census Tract 874.05; Orange County; California","79194","19770",
"1400000US06059087503","Census Tract 875.03; Orange County; California","91339","30666",
"1400000US06059087504","Census Tract 875.04; Orange County; California","80024","6121",
"1400000US06059087505","Census Tract 875.05; Orange County; California","43958","26538",
"1400000US06059087601","Census Tract 876.01; Orange County; California","92697","19860",
"1400000US06059087602","Census Tract 876.02; Orange County; California","96344","7681",
"1400000US06059087701","Census Tract 877.01; Orange County; California","84871","42107",
"1400000US06059087703","Census Tract 877.03; Orange County; California","111161","28546",
"1400000US06059087704","Census Tract 877.04; Orange County; California","83194","26852",
"1400000US06059087801","Census Tract 878.01; Orange County; California","91972","16931",
"1400000US06059087802","Census Tract 878.02; Orange County; California","82966","12253",
"1400000US06059087803","Census Tract 878.03; Orange County; California","81411","22336",
"1400000US06059087805","Census Tract 878.05; Orange County; California","72625","9677",
"1400000US06059087806","Census Tract 878.06; Orange County; California","73594","22217",
"1400000US06059087901","Census Tract 879.01; Orange County; California","94323","33829",
"1400000US06059087902","Census Tract 879.02; Orange County; California","89722","34837",
"1400000US06059088001","Census Tract 880.01; Orange County; California","114353","23097",
"1400000US06059088002","Census Tract 880.02; Orange County; California","94311","8603",
"1400000US06059088101","Census Tract 881.01; Orange County; California","106250","18865",
"1400000US06059088104","Census Tract 881.04; Orange County; California","89886","20323",
"1400000US06059088105","Census Tract 881.05; Orange County; California","109519","24466",
"1400000US06059088106","Census Tract 881.06; Orange County; California","91204","13251",
"1400000US06059088107","Census Tract 881.07; Orange County; California","73269","16896",
"1400000US06059088201","Census Tract 882.01; Orange County; California","109063","26297",
"1400000US06059088202","Census Tract 882.02; Orange County; California","114361","10210",
"1400000US06059088203","Census Tract 882.03; Orange County; California","100625","35839",
"1400000US06059088301","Census Tract 883.01; Orange County; California","93566","8702",
"1400000US06059088302","Census Tract 883.02; Orange County; California","99643","29903",
"1400000US06059088401","Census Tract 884.01; Orange County; California","122528","22058",
"1400000US06059088402","Census Tract 884.02; Orange County; California","110000","29555",
"1400000US06059088403","Census Tract 884.03; Orange County; California","107828","13130",
"1400000US06059088501","Census Tract 885.01; Orange County; California","94212","27964",
"1400000US06059088502","Census Tract 885.02; Orange County; California","92540","12062",
"1400000US06059088601","Census Tract 886.01; Orange County; California","80989","18343",
"1400000US06059088602","Census Tract 886.02; Orange County; California","106915","14945",
"1400000US06059088701","Census Tract 887.01; Orange County; California","81875","22311",
"1400000US06059088702","Census Tract 887.02; Orange County; California","77413","13306",
"1400000US06059088801","Census Tract 888.01; Orange County; California","66458","19545",
"1400000US06059088802","Census Tract 888.02; Orange County; California","80132","15789",
"1400000US06059088901","Census Tract 889.01; Orange County; California","80697","12214",
"1400000US06059088902","Census Tract 889.02; Orange County; California","86797","13220",
"1400000US06059088903","Census Tract 889.03; Orange County; California","102344","20226",
"1400000US06059088904","Census Tract 889.04; Orange County; California","66563","29407",
"1400000US06059088905","Census Tract 889.05; Orange County; California","93750","13566",
"1400000US06059089001","Census Tract 890.01; Orange County; California","72538","11243",
"1400000US06059089003","Census Tract 890.03; Orange County; California","85893","16437",
"1400000US06059089004","Census Tract 890.04; Orange County; California","78004","11277",
"1400000US06059089102","Census Tract 891.02; Orange County; California","107813","27797",
"1400000US06059089104","Census Tract 891.04; Orange County; California","65991","14076",
"1400000US06059089105","Census Tract 891.05; Orange County; California","70664","24442",
"1400000US06059089106","Census Tract 891.06; Orange County; California","80063","24384",
"1400000US06059089107","Census Tract 891.07; Orange County; California","107472","58223",
"1400000US06059099202","Census Tract 992.02; Orange County; California","118851","27612",
"1400000US06059099203","Census Tract 992.03; Orange County; California","85417","16345",
"1400000US06059099204","Census Tract 992.04; Orange County; California","87079","33371",
"1400000US06059099212","Census Tract 992.12; Orange County; California","80647","13540",
"1400000US06059099214","Census Tract 992.14; Orange County; California","122188","16087",
"1400000US06059099215","Census Tract 992.15; Orange County; California","142835","22088",
"1400000US06059099216","Census Tract 992.16; Orange County; California","135766","13240",
"1400000US06059099217","Census Tract 992.17; Orange County; California","164750","34926",
"1400000US06059099220","Census Tract 992.20; Orange County; California","143919","26982",
"1400000US06059099222","Census Tract 992.22; Orange County; California","90684","23614",
"1400000US06059099223","Census Tract 992.23; Orange County; California","86356","22353",
"1400000US06059099224","Census Tract 992.24; Orange County; California","165846","38371",
"1400000US06059099225","Census Tract 992.25; Orange County; California","160513","24346",
"1400000US06059099226","Census Tract 992.26; Orange County; California","133203","21040",
"1400000US06059099227","Census Tract 992.27; Orange County; California","119323","20334",
"1400000US06059099229","Census Tract 992.29; Orange County; California","108393","29091",
"1400000US06059099230","Census Tract 992.30; Orange County; California","111081","25716",
"1400000US06059099231","Census Tract 992.31; Orange County; California","164375","32513",
"1400000US06059099232","Census Tract 992.32; Orange County; California","143030","15048",
"1400000US06059099233","Census Tract 992.33; Orange County; California","141591","28910",
"1400000US06059099234","Census Tract 992.34; Orange County; California","148125","59577",
"1400000US06059099235","Census Tract 992.35; Orange County; California","136657","36953",
"1400000US06059099237","Census Tract 992.37; Orange County; California","160588","24239",
"1400000US06059099238","Census Tract 992.38; Orange County; California","182813","24945",
"1400000US06059099239","Census Tract 992.39; Orange County; California","182500","43729",
"1400000US06059099240","Census Tract 992.40; Orange County; California","151103","25615",
"1400000US06059099241","Census Tract 992.41; Orange County; California","110688","33080",
"1400000US06059099242","Census Tract 992.42; Orange County; California","118661","14978",
"1400000US06059099243","Census Tract 992.43; Orange County; California","153667","52954",
"1400000US06059099244","Census Tract 992.44; Orange County; California","164773","30451",
"1400000US06059099245","Census Tract 992.45; Orange County; California","157955","34762",
"1400000US06059099246","Census Tract 992.46; Orange County; California","161250","38797",
"1400000US06059099247","Census Tract 992.47; Orange County; California","77898","10483",
"1400000US06059099248","Census Tract 992.48; Orange County; California","57500","30881",
"1400000US06059099249","Census Tract 992.49; Orange County; California","82813","23284",
"1400000US06059099250","Census Tract 992.50; Orange County; California","130489","38852",
"1400000US06059099251","Census Tract 992.51; Orange County; California","85662","50807",
"1400000US06059099305","Census Tract 993.05; Orange County; California","113061","13438",
"1400000US06059099306","Census Tract 993.06; Orange County; California","124034","22697",
"1400000US06059099307","Census Tract 993.07; Orange County; California","152935","9099",
"1400000US06059099308","Census Tract 993.08; Orange County; California","250,000+","***",
"1400000US06059099309","Census Tract 993.09; Orange County; California","166507","58676",
"1400000US06059099310","Census Tract 993.10; Orange County; California","167250","30803",
"1400000US06059099311","Census Tract 993.11; Orange County; California","171250","16459",
"1400000US06059099402","Census Tract 994.02; Orange County; California","76250","22405",
"1400000US06059099404","Census Tract 994.04; Orange County; California","177929","15205",
"1400000US06059099405","Census Tract 994.05; Orange County; California","137438","26042",
"1400000US06059099406","Census Tract 994.06; Orange County; California","132361","26084",
"1400000US06059099407","Census Tract 994.07; Orange County; California","163068","49515",
"1400000US06059099408","Census Tract 994.08; Orange County; California","155696","15259",
"1400000US06059099410","Census Tract 994.10; Orange County; California","101699","41795",
"1400000US06059099411","Census Tract 994.11; Orange County; California","76913","11505",
"1400000US06059099412","Census Tract 994.12; Orange County; California","133389","20680",
"1400000US06059099415","Census Tract 994.15; Orange County; California","169357","21795",
"1400000US06059099416","Census Tract 994.16; Orange County; California","107454","29437",
"1400000US06059099417","Census Tract 994.17; Orange County; California","142255","42561",
"1400000US06059099418","Census Tract 994.18; Orange County; California","136366","68385",
"1400000US06059099419","Census Tract 994.19; Orange County; California","155743","54592",
"1400000US06059099502","Census Tract 995.02; Orange County; California","93636","13672",
"1400000US06059099504","Census Tract 995.04; Orange County; California","169606","44229",
"1400000US06059099506","Census Tract 995.06; Orange County; California","178750","50165",
"1400000US06059099508","Census Tract 995.08; Orange County; California","97526","12213",
"1400000US06059099509","Census Tract 995.09; Orange County; California","71186","9295",
"1400000US06059099510","Census Tract 995.10; Orange County; California","72961","16915",
"1400000US06059099511","Census Tract 995.11; Orange County; California","165060","49849",
"1400000US06059099512","Census Tract 995.12; Orange County; California","182596","40825",
"1400000US06059099513","Census Tract 995.13; Orange County; California","194643","60925",
"1400000US06059099514","Census Tract 995.14; Orange County; California","178375","44460",
"1400000US06059099601","Census Tract 996.01; Orange County; California","76000","20590",
"1400000US06059099602","Census Tract 996.02; Orange County; California","133003","24852",
"1400000US06059099603","Census Tract 996.03; Orange County; California","173826","43525",
"1400000US06059099604","Census Tract 996.04; Orange County; California","130739","28826",
"1400000US06059099605","Census Tract 996.05; Orange County; California","170429","30262",
"1400000US06059099701","Census Tract 997.01; Orange County; California","89911","24456",
"1400000US06059099702","Census Tract 997.02; Orange County; California","72226","27081",
"1400000US06059099703","Census Tract 997.03; Orange County; California","117188","22806",
"1400000US06059099801","Census Tract 998.01; Orange County; California","91268","8252",
"1400000US06059099802","Census Tract 998.02; Orange County; California","50855","19167",
"1400000US06059099803","Census Tract 998.03; Orange County; California","92500","38593",
"1400000US06059099902","Census Tract 999.02; Orange County; California","122250","24437",
"1400000US06059099903","Census Tract 999.03; Orange County; California","67367","15320",
"1400000US06059099904","Census Tract 999.04; Orange County; California","68990","7902",
"1400000US06059099905","Census Tract 999.05; Orange County; California","92330","20690",
"1400000US06059099906","Census Tract 999.06; Orange County; California","119464","26814",
"1400000US06059110001","Census Tract 1100.01; Orange County; California","180250","31867",
"1400000US06059110003","Census Tract 1100.03; Orange County; California","148583","9866",
"1400000US06059110004","Census Tract 1100.04; Orange County; California","141546","16267",
"1400000US06059110005","Census Tract 1100.05; Orange County; California","172829","19620",
"1400000US06059110006","Census Tract 1100.06; Orange County; California","211161","73875",
"1400000US06059110007","Census Tract 1100.07; Orange County; California","250,000+","***",
"1400000US06059110008","Census Tract 1100.08; Orange County; California","174667","22920",
"1400000US06059110010","Census Tract 1100.10; Orange County; California","158722","15729",
"1400000US06059110011","Census Tract 1100.11; Orange County; California","157585","20443",
"1400000US06059110012","Census Tract 1100.12; Orange County; California","209183","22510",
"1400000US06059110014","Census Tract 1100.14; Orange County; California","83837","17230",
"1400000US06059110015","Census Tract 1100.15; Orange County; California","184688","47030",
"1400000US06059110102","Census Tract 1101.02; Orange County; California","147717","20360",
"1400000US06059110104","Census Tract 1101.04; Orange County; California","119022","18024",
"1400000US06059110106","Census Tract 1101.06; Orange County; California","153889","14960",
"1400000US06059110108","Census Tract 1101.08; Orange County; California","117000","39303",
"1400000US06059110109","Census Tract 1101.09; Orange County; California","152878","20164",
"1400000US06059110110","Census Tract 1101.10; Orange County; California","89125","19306",
"1400000US06059110111","Census Tract 1101.11; Orange County; California","112000","20645",
"1400000US06059110113","Census Tract 1101.13; Orange County; California","138542","34470",
"1400000US06059110114","Census Tract 1101.14; Orange County; California","137342","19531",
"1400000US06059110115","Census Tract 1101.15; Orange County; California","121450","36946",
"1400000US06059110116","Census Tract 1101.16; Orange County; California","122308","15649",
"1400000US06059110117","Census Tract 1101.17; Orange County; California","148047","19185",
"1400000US06059110118","Census Tract 1101.18; Orange County; California","208125","37647",
"1400000US06059110201","Census Tract 1102.01; Orange County; California","95181","19409",
"1400000US06059110202","Census Tract 1102.02; Orange County; California","97877","12089",
"1400000US06059110203","Census Tract 1102.03; Orange County; California","136852","17843",
"1400000US06059110301","Census Tract 1103.01; Orange County; California","126063","27213",
"1400000US06059110302","Census Tract 1103.02; Orange County; California","122212","26292",
"1400000US06059110303","Census Tract 1103.03; Orange County; California","115375","16770",
"1400000US06059110304","Census Tract 1103.04; Orange County; California","119550","16811",
"1400000US06059110401","Census Tract 1104.01; Orange County; California","140217","16946",
"1400000US06059110402","Census Tract 1104.02; Orange County; California","111493","20152",
"1400000US06059110500","Census Tract 1105; Orange County; California","83750","7945",
"1400000US06059110603","Census Tract 1106.03; Orange County; California","80745","28426",
"1400000US06059110604","Census Tract 1106.04; Orange County; California","109656","28249",
"1400000US06059110605","Census Tract 1106.05; Orange County; California","120322","24325",
"1400000US06059110606","Census Tract 1106.06; Orange County; California","85580","16523",
"1400000US06059110607","Census Tract 1106.07; Orange County; California","105933","25539",
"1400000US06059980000","Census Tract 9800; Orange County; California","-","**",
"1400000US06059990100","Census Tract 9901; Orange County; California","-","**",
"1400000US06061020104","Census Tract 201.04; Placer County; California","155667","68836",
"1400000US06061020105","Census Tract 201.05; Placer County; California","240714","104057",
"1400000US06061020106","Census Tract 201.06; Placer County; California","111014","41137",
"1400000US06061020107","Census Tract 201.07; Placer County; California","57639","22541",
"1400000US06061020200","Census Tract 202; Placer County; California","104566","41344",
"1400000US06061020300","Census Tract 203; Placer County; California","80239","31313",
"1400000US06061020401","Census Tract 204.01; Placer County; California","82197","37519",
"1400000US06061020402","Census Tract 204.02; Placer County; California","139286","37540",
"1400000US06061020501","Census Tract 205.01; Placer County; California","151607","26373",
"1400000US06061020502","Census Tract 205.02; Placer County; California","148672","22654",
"1400000US06061020601","Census Tract 206.01; Placer County; California","198600","51377",
"1400000US06061020604","Census Tract 206.04; Placer County; California","160185","53504",
"1400000US06061020605","Census Tract 206.05; Placer County; California","239792","36220",
"1400000US06061020606","Census Tract 206.06; Placer County; California","241806","13822",
"1400000US06061020607","Census Tract 206.07; Placer County; California","244779","36368",
"1400000US06061020608","Census Tract 206.08; Placer County; California","197083","19387",
"1400000US06061020710","Census Tract 207.10; Placer County; California","134556","43649",
"1400000US06061020711","Census Tract 207.11; Placer County; California","115040","28514",
"1400000US06061020712","Census Tract 207.12; Placer County; California","113804","20570",
"1400000US06061020713","Census Tract 207.13; Placer County; California","91000","11367",
"1400000US06061020714","Census Tract 207.14; Placer County; California","109970","28284",
"1400000US06061020715","Census Tract 207.15; Placer County; California","102875","19954",
"1400000US06061020717","Census Tract 207.17; Placer County; California","194844","25943",
"1400000US06061020805","Census Tract 208.05; Placer County; California","112782","19208",
"1400000US06061020806","Census Tract 208.06; Placer County; California","98819","30957",
"1400000US06061020901","Census Tract 209.01; Placer County; California","82188","18074",
"1400000US06061020908","Census Tract 209.08; Placer County; California","96027","11455",
"1400000US06061021003","Census Tract 210.03; Placer County; California","145603","29055",
"1400000US06061021034","Census Tract 210.34; Placer County; California","151295","6440",
"1400000US06061021037","Census Tract 210.37; Placer County; California","118672","15613",
"1400000US06061021038","Census Tract 210.38; Placer County; California","134603","16754",
"1400000US06061021039","Census Tract 210.39; Placer County; California","95417","29273",
"1400000US06061021040","Census Tract 210.40; Placer County; California","110938","23241",
"1400000US06061021043","Census Tract 210.43; Placer County; California","199828","27460",
"1400000US06061021044","Census Tract 210.44; Placer County; California","176359","16320",
"1400000US06061021045","Census Tract 210.45; Placer County; California","97159","43676",
"1400000US06061021046","Census Tract 210.46; Placer County; California","105069","40235",
"1400000US06061021047","Census Tract 210.47; Placer County; California","129703","26931",
"1400000US06061021048","Census Tract 210.48; Placer County; California","165625","44459",
"1400000US06061021103","Census Tract 211.03; Placer County; California","138906","32836",
"1400000US06061021106","Census Tract 211.06; Placer County; California","130625","36806",
"1400000US06061021108","Census Tract 211.08; Placer County; California","102500","24025",
"1400000US06061021109","Census Tract 211.09; Placer County; California","174094","15790",
"1400000US06061021122","Census Tract 211.22; Placer County; California","153950","23351",
"1400000US06061021123","Census Tract 211.23; Placer County; California","153805","10288",
"1400000US06061021128","Census Tract 211.28; Placer County; California","121220","32030",
"1400000US06061021129","Census Tract 211.29; Placer County; California","91595","20883",
"1400000US06061021130","Census Tract 211.30; Placer County; California","95568","35260",
"1400000US06061021131","Census Tract 211.31; Placer County; California","126733","13275",
"1400000US06061021203","Census Tract 212.03; Placer County; California","144531","26417",
"1400000US06061021204","Census Tract 212.04; Placer County; California","136875","26449",
"1400000US06061021304","Census Tract 213.04; Placer County; California","108920","15193",
"1400000US06061021323","Census Tract 213.23; Placer County; California","180422","17018",
"1400000US06061021324","Census Tract 213.24; Placer County; California","202825","34281",
"1400000US06061021325","Census Tract 213.25; Placer County; California","144412","14937",
"1400000US06061021326","Census Tract 213.26; Placer County; California","187841","69226",
"1400000US06061021327","Census Tract 213.27; Placer County; California","127686","14332",
"1400000US06061021328","Census Tract 213.28; Placer County; California","182788","25143",
"1400000US06061021401","Census Tract 214.01; Placer County; California","116389","15334",
"1400000US06061021403","Census Tract 214.03; Placer County; California","65765","11060",
"1400000US06061021501","Census Tract 215.01; Placer County; California","111982","37425",
"1400000US06061021502","Census Tract 215.02; Placer County; California","104973","23832",
"1400000US06061021603","Census Tract 216.03; Placer County; California","83125","41799",
"1400000US06061021604","Census Tract 216.04; Placer County; California","110147","38143",
"1400000US06061021801","Census Tract 218.01; Placer County; California","160455","26435",
"1400000US06061021802","Census Tract 218.02; Placer County; California","102409","21400",
"1400000US06061021901","Census Tract 219.01; Placer County; California","152031","26438",
"1400000US06061021902","Census Tract 219.02; Placer County; California","112083","29621",
"1400000US06061022002","Census Tract 220.02; Placer County; California","113896","13531",
"1400000US06061022011","Census Tract 220.11; Placer County; California","188843","39448",
"1400000US06061022013","Census Tract 220.13; Placer County; California","100000","15012",
"1400000US06061022014","Census Tract 220.14; Placer County; California","155063","49851",
"1400000US06061022100","Census Tract 221; Placer County; California","216771","47475",
"1400000US06061022200","Census Tract 222; Placer County; California","131850","45325",
"1400000US06061022300","Census Tract 223; Placer County; California","120885","10025",
"1400000US06061022400","Census Tract 224; Placer County; California","213220","29635",
"1400000US06061022500","Census Tract 225; Placer County; California","217321","39987",
"1400000US06061022600","Census Tract 226; Placer County; California","153636","18114",
"1400000US06061022800","Census Tract 228; Placer County; California","149375","35285",
"1400000US06061022900","Census Tract 229; Placer County; California","121920","17670",
"1400000US06061023000","Census Tract 230; Placer County; California","167153","19516",
"1400000US06061023100","Census Tract 231; Placer County; California","156512","39172",
"1400000US06061023200","Census Tract 232; Placer County; California","145333","26360",
"1400000US06061023300","Census Tract 233; Placer County; California","188750","12695",
"1400000US06061023400","Census Tract 234; Placer County; California","129309","19713",
"1400000US06061023501","Census Tract 235.01; Placer County; California","248194","117648",
"1400000US06061023502","Census Tract 235.02; Placer County; California","174902","31493",
"1400000US06061023600","Census Tract 236; Placer County; California","103941","10500",
"1400000US06061023700","Census Tract 237; Placer County; California","105804","15222",
"1400000US06061023800","Census Tract 238; Placer County; California","96250","16192",
"1400000US06061023900","Census Tract 239; Placer County; California","128618","19806",
"1400000US06061990000","Census Tract 9900; Placer County; California","-","**",
"1400000US06063000100","Census Tract 1; Plumas County; California","101250","20805",
"1400000US06063000201","Census Tract 2.01; Plumas County; California","87500","36948",
"1400000US06063000202","Census Tract 2.02; Plumas County; California","82232","31016",
"1400000US06063000300","Census Tract 3; Plumas County; California","57162","9499",
"1400000US06063000400","Census Tract 4; Plumas County; California","111375","37573",
"1400000US06063000501","Census Tract 5.01; Plumas County; California","98583","67063",
"1400000US06063000502","Census Tract 5.02; Plumas County; California","117639","23493",
"1400000US06065030101","Census Tract 301.01; Riverside County; California","88438","41092",
"1400000US06065030103","Census Tract 301.03; Riverside County; California","108226","12288",
"1400000US06065030104","Census Tract 301.04; Riverside County; California","100250","14316",
"1400000US06065030200","Census Tract 302; Riverside County; California","116016","12687",
"1400000US06065030300","Census Tract 303; Riverside County; California","63438","38394",
"1400000US06065030400","Census Tract 304; Riverside County; California","69375","19358",
"1400000US06065030501","Census Tract 305.01; Riverside County; California","83977","21177",
"1400000US06065030502","Census Tract 305.02; Riverside County; California","73750","18361",
"1400000US06065030503","Census Tract 305.03; Riverside County; California","54818","8884",
"1400000US06065030602","Census Tract 306.02; Riverside County; California","136563","29871",
"1400000US06065030603","Census Tract 306.03; Riverside County; California","163304","19710",
"1400000US06065030604","Census Tract 306.04; Riverside County; California","203281","83739",
"1400000US06065030605","Census Tract 306.05; Riverside County; California","183438","21039",
"1400000US06065030700","Census Tract 307; Riverside County; California","95893","14421",
"1400000US06065030800","Census Tract 308; Riverside County; California","95833","34137",
"1400000US06065030900","Census Tract 309; Riverside County; California","96042","11148",
"1400000US06065031001","Census Tract 310.01; Riverside County; California","123869","26407",
"1400000US06065031002","Census Tract 310.02; Riverside County; California","87143","45328",
"1400000US06065031100","Census Tract 311; Riverside County; California","92500","24200",
"1400000US06065031200","Census Tract 312; Riverside County; California","112109","21749",
"1400000US06065031300","Census Tract 313; Riverside County; California","77604","16058",
"1400000US06065031401","Census Tract 314.01; Riverside County; California","82424","5237",
"1400000US06065031402","Census Tract 314.02; Riverside County; California","88500","31270",
"1400000US06065031501","Census Tract 315.01; Riverside County; California","82684","14650",
"1400000US06065031503","Census Tract 315.03; Riverside County; California","129217","25944",
"1400000US06065031504","Census Tract 315.04; Riverside County; California","58906","11773",
"1400000US06065031601","Census Tract 316.01; Riverside County; California","63134","16729",
"1400000US06065031602","Census Tract 316.02; Riverside County; California","71600","12906",
"1400000US06065031701","Census Tract 317.01; Riverside County; California","85250","41567",
"1400000US06065031702","Census Tract 317.02; Riverside County; California","106900","30796",
"1400000US06065031703","Census Tract 317.03; Riverside County; California","89125","20202",
"1400000US06065031704","Census Tract 317.04; Riverside County; California","100734","13494",
"1400000US06065040101","Census Tract 401.01; Riverside County; California","102992","8163",
"1400000US06065040102","Census Tract 401.02; Riverside County; California","126399","12398",
"1400000US06065040201","Census Tract 402.01; Riverside County; California","107675","19121",
"1400000US06065040202","Census Tract 402.02; Riverside County; California","81026","8461",
"1400000US06065040203","Census Tract 402.03; Riverside County; California","46000","13113",
"1400000US06065040204","Census Tract 402.04; Riverside County; California","60972","8695",
"1400000US06065040302","Census Tract 403.02; Riverside County; California","102500","11899",
"1400000US06065040303","Census Tract 403.03; Riverside County; California","114464","30875",
"1400000US06065040304","Census Tract 403.04; Riverside County; California","55068","47160",
"1400000US06065040305","Census Tract 403.05; Riverside County; California","80565","10159",
"1400000US06065040402","Census Tract 404.02; Riverside County; California","80119","9034",
"1400000US06065040403","Census Tract 404.03; Riverside County; California","95564","4214",
"1400000US06065040404","Census Tract 404.04; Riverside County; California","104526","15202",
"1400000US06065040405","Census Tract 404.05; Riverside County; California","141250","27858",
"1400000US06065040501","Census Tract 405.01; Riverside County; California","101917","15230",
"1400000US06065040502","Census Tract 405.02; Riverside County; California","81793","24412",
"1400000US06065040503","Census Tract 405.03; Riverside County; California","74145","15109",
"1400000US06065040603","Census Tract 406.03; Riverside County; California","113750","31962",
"1400000US06065040604","Census Tract 406.04; Riverside County; California","129293","27617",
"1400000US06065040605","Census Tract 406.05; Riverside County; California","65250","20416",
"1400000US06065040606","Census Tract 406.06; Riverside County; California","67870","15409",
"1400000US06065040609","Census Tract 406.09; Riverside County; California","165202","12636",
"1400000US06065040611","Census Tract 406.11; Riverside County; California","161827","45244",
"1400000US06065040616","Census Tract 406.16; Riverside County; California","154355","32143",
"1400000US06065040617","Census Tract 406.17; Riverside County; California","184184","27074",
"1400000US06065040618","Census Tract 406.18; Riverside County; California","148864","26664",
"1400000US06065040619","Census Tract 406.19; Riverside County; California","135057","26943",
"1400000US06065040620","Census Tract 406.20; Riverside County; California","189853","34542",
"1400000US06065040621","Census Tract 406.21; Riverside County; California","161250","51313",
"1400000US06065040622","Census Tract 406.22; Riverside County; California","163734","11271",
"1400000US06065040701","Census Tract 407.01; Riverside County; California","167679","11114",
"1400000US06065040702","Census Tract 407.02; Riverside County; California","110972","39739",
"1400000US06065040703","Census Tract 407.03; Riverside County; California","155625","11790",
"1400000US06065040806","Census Tract 408.06; Riverside County; California","146786","26633",
"1400000US06065040807","Census Tract 408.07; Riverside County; California","146923","21990",
"1400000US06065040808","Census Tract 408.08; Riverside County; California","111827","14958",
"1400000US06065040809","Census Tract 408.09; Riverside County; California","92734","35063",
"1400000US06065040812","Census Tract 408.12; Riverside County; California","108929","30192",
"1400000US06065040813","Census Tract 408.13; Riverside County; California","151058","26472",
"1400000US06065040814","Census Tract 408.14; Riverside County; California","92544","11323",
"1400000US06065040815","Census Tract 408.15; Riverside County; California","138212","36837",
"1400000US06065040816","Census Tract 408.16; Riverside County; California","117143","52397",
"1400000US06065040821","Census Tract 408.21; Riverside County; California","107560","26922",
"1400000US06065040901","Census Tract 409.01; Riverside County; California","91125","27112",
"1400000US06065040902","Census Tract 409.02; Riverside County; California","130833","20182",
"1400000US06065040903","Census Tract 409.03; Riverside County; California","76950","13892",
"1400000US06065040904","Census Tract 409.04; Riverside County; California","99258","12059",
"1400000US06065041001","Census Tract 410.01; Riverside County; California","69242","16433",
"1400000US06065041002","Census Tract 410.02; Riverside County; California","84814","9994",
"1400000US06065041003","Census Tract 410.03; Riverside County; California","128125","16138",
"1400000US06065041004","Census Tract 410.04; Riverside County; California","81507","6468",
"1400000US06065041101","Census Tract 411.01; Riverside County; California","53036","7741",
"1400000US06065041102","Census Tract 411.02; Riverside County; California","99315","26011",
"1400000US06065041201","Census Tract 412.01; Riverside County; California","74674","33991",
"1400000US06065041202","Census Tract 412.02; Riverside County; California","75662","18809",
"1400000US06065041203","Census Tract 412.03; Riverside County; California","83173","33531",
"1400000US06065041301","Census Tract 413.01; Riverside County; California","95707","14274",
"1400000US06065041302","Census Tract 413.02; Riverside County; California","72031","10961",
"1400000US06065041403","Census Tract 414.03; Riverside County; California","119545","17753",
"1400000US06065041404","Census Tract 414.04; Riverside County; California","104865","25242",
"1400000US06065041405","Census Tract 414.05; Riverside County; California","87000","16472",
"1400000US06065041406","Census Tract 414.06; Riverside County; California","86776","28430",
"1400000US06065041407","Census Tract 414.07; Riverside County; California","70000","25476",
"1400000US06065041408","Census Tract 414.08; Riverside County; California","83339","11534",
"1400000US06065041410","Census Tract 414.10; Riverside County; California","72741","6166",
"1400000US06065041411","Census Tract 414.11; Riverside County; California","98947","22499",
"1400000US06065041412","Census Tract 414.12; Riverside County; California","92603","20557",
"1400000US06065041413","Census Tract 414.13; Riverside County; California","164577","57486",
"1400000US06065041414","Census Tract 414.14; Riverside County; California","146480","47689",
"1400000US06065041415","Census Tract 414.15; Riverside County; California","181023","44881",
"1400000US06065041500","Census Tract 415; Riverside County; California","78073","14207",
"1400000US06065041601","Census Tract 416.01; Riverside County; California","51103","14139",
"1400000US06065041602","Census Tract 416.02; Riverside County; California","78538","15843",
"1400000US06065041702","Census Tract 417.02; Riverside County; California","100443","30414",
"1400000US06065041703","Census Tract 417.03; Riverside County; California","59312","5731",
"1400000US06065041704","Census Tract 417.04; Riverside County; California","63466","14402",
"1400000US06065041803","Census Tract 418.03; Riverside County; California","173417","28804",
"1400000US06065041804","Census Tract 418.04; Riverside County; California","146580","6653",
"1400000US06065041805","Census Tract 418.05; Riverside County; California","96467","18131",
"1400000US06065041806","Census Tract 418.06; Riverside County; California","168864","34947",
"1400000US06065041807","Census Tract 418.07; Riverside County; California","123438","8939",
"1400000US06065041808","Census Tract 418.08; Riverside County; California","137826","19349",
"1400000US06065041809","Census Tract 418.09; Riverside County; California","72664","12218",
"1400000US06065041810","Census Tract 418.10; Riverside County; California","160625","16641",
"1400000US06065041812","Census Tract 418.12; Riverside County; California","125072","20338",
"1400000US06065041813","Census Tract 418.13; Riverside County; California","100684","6467",
"1400000US06065041904","Census Tract 419.04; Riverside County; California","112266","23420",
"1400000US06065041905","Census Tract 419.05; Riverside County; California","56331","16578",
"1400000US06065041906","Census Tract 419.06; Riverside County; California","102465","28209",
"1400000US06065041909","Census Tract 419.09; Riverside County; California","114538","16290",
"1400000US06065041910","Census Tract 419.10; Riverside County; California","112902","16508",
"1400000US06065041912","Census Tract 419.12; Riverside County; California","129292","27201",
"1400000US06065041913","Census Tract 419.13; Riverside County; California","115385","18961",
"1400000US06065041914","Census Tract 419.14; Riverside County; California","166418","16236",
"1400000US06065041915","Census Tract 419.15; Riverside County; California","125673","62663",
"1400000US06065042003","Census Tract 420.03; Riverside County; California","140625","53147",
"1400000US06065042004","Census Tract 420.04; Riverside County; California","149378","19159",
"1400000US06065042005","Census Tract 420.05; Riverside County; California","175927","37679",
"1400000US06065042007","Census Tract 420.07; Riverside County; California","148833","25911",
"1400000US06065042008","Census Tract 420.08; Riverside County; California","129826","19083",
"1400000US06065042009","Census Tract 420.09; Riverside County; California","110875","22960",
"1400000US06065042010","Census Tract 420.10; Riverside County; California","94397","10410",
"1400000US06065042012","Census Tract 420.12; Riverside County; California","129732","23066",
"1400000US06065042015","Census Tract 420.15; Riverside County; California","170170","26603",
"1400000US06065042016","Census Tract 420.16; Riverside County; California","171359","20978",
"1400000US06065042017","Census Tract 420.17; Riverside County; California","141106","21721",
"1400000US06065042018","Census Tract 420.18; Riverside County; California","162746","25852",
"1400000US06065042206","Census Tract 422.06; Riverside County; California","106261","18230",
"1400000US06065042207","Census Tract 422.07; Riverside County; California","160417","23495",
"1400000US06065042208","Census Tract 422.08; Riverside County; California","131364","22494",
"1400000US06065042209","Census Tract 422.09; Riverside County; California","51235","3862",
"1400000US06065042210","Census Tract 422.10; Riverside County; California","43650","31245",
"1400000US06065042212","Census Tract 422.12; Riverside County; California","74682","23334",
"1400000US06065042213","Census Tract 422.13; Riverside County; California","101818","40899",
"1400000US06065042214","Census Tract 422.14; Riverside County; California","128984","17738",
"1400000US06065042217","Census Tract 422.17; Riverside County; California","148943","18203",
"1400000US06065042300","Census Tract 423; Riverside County; California","86766","20998",
"1400000US06065042401","Census Tract 424.01; Riverside County; California","127292","27890",
"1400000US06065042402","Census Tract 424.02; Riverside County; California","95357","34693",
"1400000US06065042403","Census Tract 424.03; Riverside County; California","141737","38618",
"1400000US06065042404","Census Tract 424.04; Riverside County; California","69904","25140",
"1400000US06065042405","Census Tract 424.05; Riverside County; California","60076","10461",
"1400000US06065042406","Census Tract 424.06; Riverside County; California","83306","12813",
"1400000US06065042407","Census Tract 424.07; Riverside County; California","87552","27019",
"1400000US06065042408","Census Tract 424.08; Riverside County; California","126250","27310",
"1400000US06065042409","Census Tract 424.09; Riverside County; California","74537","10918",
"1400000US06065042410","Census Tract 424.10; Riverside County; California","91060","9276",
"1400000US06065042411","Census Tract 424.11; Riverside County; California","108125","21477",
"1400000US06065042412","Census Tract 424.12; Riverside County; California","117907","7792",
"1400000US06065042505","Census Tract 425.05; Riverside County; California","55568","12090",
"1400000US06065042507","Census Tract 425.07; Riverside County; California","118207","20373",
"1400000US06065042508","Census Tract 425.08; Riverside County; California","71224","3292",
"1400000US06065042509","Census Tract 425.09; Riverside County; California","76667","16984",
"1400000US06065042510","Census Tract 425.10; Riverside County; California","69423","3867",
"1400000US06065042511","Census Tract 425.11; Riverside County; California","73182","31776",
"1400000US06065042512","Census Tract 425.12; Riverside County; California","66750","16150",
"1400000US06065042513","Census Tract 425.13; Riverside County; California","73583","15647",
"1400000US06065042514","Census Tract 425.14; Riverside County; California","67167","13089",
"1400000US06065042515","Census Tract 425.15; Riverside County; California","55708","6069",
"1400000US06065042516","Census Tract 425.16; Riverside County; California","53750","15841",
"1400000US06065042517","Census Tract 425.17; Riverside County; California","80208","4625",
"1400000US06065042518","Census Tract 425.18; Riverside County; California","92833","32793",
"1400000US06065042519","Census Tract 425.19; Riverside County; California","48650","7213",
"1400000US06065042520","Census Tract 425.20; Riverside County; California","67821","14428",
"1400000US06065042521","Census Tract 425.21; Riverside County; California","85231","17060",
"1400000US06065042522","Census Tract 425.22; Riverside County; California","84181","38066",
"1400000US06065042523","Census Tract 425.23; Riverside County; California","86321","18134",
"1400000US06065042621","Census Tract 426.21; Riverside County; California","94018","18640",
"1400000US06065042622","Census Tract 426.22; Riverside County; California","111006","25570",
"1400000US06065042623","Census Tract 426.23; Riverside County; California","120625","29900",
"1400000US06065042624","Census Tract 426.24; Riverside County; California","104920","71810",
"1400000US06065042625","Census Tract 426.25; Riverside County; California","119500","35193",
"1400000US06065042626","Census Tract 426.26; Riverside County; California","111123","13923",
"1400000US06065042627","Census Tract 426.27; Riverside County; California","86875","32564",
"1400000US06065042628","Census Tract 426.28; Riverside County; California","59604","19887",
"1400000US06065042629","Census Tract 426.29; Riverside County; California","88036","34593",
"1400000US06065042630","Census Tract 426.30; Riverside County; California","120074","40452",
"1400000US06065042631","Census Tract 426.31; Riverside County; California","72156","5692",
"1400000US06065042632","Census Tract 426.32; Riverside County; California","76787","22148",
"1400000US06065042708","Census Tract 427.08; Riverside County; California","98929","18664",
"1400000US06065042709","Census Tract 427.09; Riverside County; California","79953","27028",
"1400000US06065042711","Census Tract 427.11; Riverside County; California","52700","9380",
"1400000US06065042714","Census Tract 427.14; Riverside County; California","125549","28218",
"1400000US06065042716","Census Tract 427.16; Riverside County; California","129810","47703",
"1400000US06065042717","Census Tract 427.17; Riverside County; California","63454","19956",
"1400000US06065042719","Census Tract 427.19; Riverside County; California","81548","37487",
"1400000US06065042720","Census Tract 427.20; Riverside County; California","63255","20809",
"1400000US06065042723","Census Tract 427.23; Riverside County; California","73728","21750",
"1400000US06065042724","Census Tract 427.24; Riverside County; California","110962","16161",
"1400000US06065042726","Census Tract 427.26; Riverside County; California","128295","12089",
"1400000US06065042728","Census Tract 427.28; Riverside County; California","118750","25972",
"1400000US06065042730","Census Tract 427.30; Riverside County; California","84621","18127",
"1400000US06065042731","Census Tract 427.31; Riverside County; California","99508","25127",
"1400000US06065042732","Census Tract 427.32; Riverside County; California","115370","21808",
"1400000US06065042733","Census Tract 427.33; Riverside County; California","153408","13299",
"1400000US06065042737","Census Tract 427.37; Riverside County; California","103942","22427",
"1400000US06065042738","Census Tract 427.38; Riverside County; California","119855","3555",
"1400000US06065042739","Census Tract 427.39; Riverside County; California","118681","8464",
"1400000US06065042740","Census Tract 427.40; Riverside County; California","59886","21942",
"1400000US06065042741","Census Tract 427.41; Riverside County; California","78984","22573",
"1400000US06065042742","Census Tract 427.42; Riverside County; California","115811","22152",
"1400000US06065042743","Census Tract 427.43; Riverside County; California","149239","36741",
"1400000US06065042744","Census Tract 427.44; Riverside County; California","87500","25631",
"1400000US06065042745","Census Tract 427.45; Riverside County; California","94792","19612",
"1400000US06065042746","Census Tract 427.46; Riverside County; California","86923","26201",
"1400000US06065042747","Census Tract 427.47; Riverside County; California","79521","6101",
"1400000US06065042748","Census Tract 427.48; Riverside County; California","115956","31628",
"1400000US06065042749","Census Tract 427.49; Riverside County; California","149902","44131",
"1400000US06065042750","Census Tract 427.50; Riverside County; California","64894","30328",
"1400000US06065042751","Census Tract 427.51; Riverside County; California","70984","22174",
"1400000US06065042752","Census Tract 427.52; Riverside County; California","83448","10117",
"1400000US06065042801","Census Tract 428.01; Riverside County; California","67621","20280",
"1400000US06065042802","Census Tract 428.02; Riverside County; California","89769","31750",
"1400000US06065042902","Census Tract 429.02; Riverside County; California","67075","14453",
"1400000US06065042903","Census Tract 429.03; Riverside County; California","61282","13163",
"1400000US06065042905","Census Tract 429.05; Riverside County; California","77031","47992",
"1400000US06065042906","Census Tract 429.06; Riverside County; California","77426","17222",
"1400000US06065042907","Census Tract 429.07; Riverside County; California","71791","18877",
"1400000US06065042908","Census Tract 429.08; Riverside County; California","67300","5966",
"1400000US06065043001","Census Tract 430.01; Riverside County; California","105755","31830",
"1400000US06065043003","Census Tract 430.03; Riverside County; California","63024","10566",
"1400000US06065043005","Census Tract 430.05; Riverside County; California","82143","20961",
"1400000US06065043006","Census Tract 430.06; Riverside County; California","65262","16103",
"1400000US06065043007","Census Tract 430.07; Riverside County; California","127031","21742",
"1400000US06065043008","Census Tract 430.08; Riverside County; California","104022","29670",
"1400000US06065043009","Census Tract 430.09; Riverside County; California","130962","19964",
"1400000US06065043010","Census Tract 430.10; Riverside County; California","89625","12946",
"1400000US06065043201","Census Tract 432.01; Riverside County; California","158173","33994",
"1400000US06065043202","Census Tract 432.02; Riverside County; California","161037","30495",
"1400000US06065043203","Census Tract 432.03; Riverside County; California","163807","68188",
"1400000US06065043204","Census Tract 432.04; Riverside County; California","135382","36408",
"1400000US06065043205","Census Tract 432.05; Riverside County; California","125350","23561",
"1400000US06065043206","Census Tract 432.06; Riverside County; California","108382","39286",
"1400000US06065043207","Census Tract 432.07; Riverside County; California","98125","24499",
"1400000US06065043208","Census Tract 432.08; Riverside County; California","146377","23292",
"1400000US06065043209","Census Tract 432.09; Riverside County; California","117679","26934",
"1400000US06065043210","Census Tract 432.10; Riverside County; California","99702","9364",
"1400000US06065043211","Census Tract 432.11; Riverside County; California","106685","15058",
"1400000US06065043216","Census Tract 432.16; Riverside County; California","103287","13336",
"1400000US06065043217","Census Tract 432.17; Riverside County; California","154875","27146",
"1400000US06065043218","Census Tract 432.18; Riverside County; California","137879","8350",
"1400000US06065043220","Census Tract 432.20; Riverside County; California","75982","11107",
"1400000US06065043222","Census Tract 432.22; Riverside County; California","114625","20065",
"1400000US06065043227","Census Tract 432.27; Riverside County; California","119898","14594",
"1400000US06065043228","Census Tract 432.28; Riverside County; California","84000","22614",
"1400000US06065043229","Census Tract 432.29; Riverside County; California","84219","7477",
"1400000US06065043235","Census Tract 432.35; Riverside County; California","137019","10897",
"1400000US06065043246","Census Tract 432.46; Riverside County; California","187403","31025",
"1400000US06065043248","Census Tract 432.48; Riverside County; California","130750","26289",
"1400000US06065043252","Census Tract 432.52; Riverside County; California","166938","28287",
"1400000US06065043254","Census Tract 432.54; Riverside County; California","124250","22303",
"1400000US06065043256","Census Tract 432.56; Riverside County; California","120327","18334",
"1400000US06065043262","Census Tract 432.62; Riverside County; California","132480","12267",
"1400000US06065043264","Census Tract 432.64; Riverside County; California","158037","13738",
"1400000US06065043265","Census Tract 432.65; Riverside County; California","156927","20585",
"1400000US06065043266","Census Tract 432.66; Riverside County; California","69583","21317",
"1400000US06065043267","Census Tract 432.67; Riverside County; California","116960","23136",
"1400000US06065043270","Census Tract 432.70; Riverside County; California","120745","9096",
"1400000US06065043271","Census Tract 432.71; Riverside County; California","129491","34033",
"1400000US06065043272","Census Tract 432.72; Riverside County; California","145880","19832",
"1400000US06065043274","Census Tract 432.74; Riverside County; California","106062","8683",
"1400000US06065043276","Census Tract 432.76; Riverside County; California","150909","29271",
"1400000US06065043278","Census Tract 432.78; Riverside County; California","174043","23318",
"1400000US06065043279","Census Tract 432.79; Riverside County; California","92321","25361",
"1400000US06065043292","Census Tract 432.92; Riverside County; California","146698","14938",
"1400000US06065043293","Census Tract 432.93; Riverside County; California","135417","31462",
"1400000US06065043294","Census Tract 432.94; Riverside County; California","132750","11824",
"1400000US06065043295","Census Tract 432.95; Riverside County; California","128911","16357",
"1400000US06065043296","Census Tract 432.96; Riverside County; California","144679","28930",
"1400000US06065043297","Census Tract 432.97; Riverside County; California","144703","25931",
"1400000US06065043298","Census Tract 432.98; Riverside County; California","106600","10209",
"1400000US06065043304","Census Tract 433.04; Riverside County; California","102500","16895",
"1400000US06065043306","Census Tract 433.06; Riverside County; California","67019","20269",
"1400000US06065043307","Census Tract 433.07; Riverside County; California","49411","24293",
"1400000US06065043308","Census Tract 433.08; Riverside County; California","75237","17017",
"1400000US06065043309","Census Tract 433.09; Riverside County; California","65758","18614",
"1400000US06065043310","Census Tract 433.10; Riverside County; California","81530","15755",
"1400000US06065043311","Census Tract 433.11; Riverside County; California","88571","22915",
"1400000US06065043312","Census Tract 433.12; Riverside County; California","72611","4138",
"1400000US06065043313","Census Tract 433.13; Riverside County; California","59796","6203",
"1400000US06065043314","Census Tract 433.14; Riverside County; California","62031","25521",
"1400000US06065043315","Census Tract 433.15; Riverside County; California","92031","11698",
"1400000US06065043316","Census Tract 433.16; Riverside County; California","58083","13497",
"1400000US06065043318","Census Tract 433.18; Riverside County; California","67144","31963",
"1400000US06065043319","Census Tract 433.19; Riverside County; California","88068","40354",
"1400000US06065043401","Census Tract 434.01; Riverside County; California","48576","9574",
"1400000US06065043403","Census Tract 434.03; Riverside County; California","49692","18253",
"1400000US06065043404","Census Tract 434.04; Riverside County; California","57083","14623",
"1400000US06065043405","Census Tract 434.05; Riverside County; California","38550","5548",
"1400000US06065043503","Census Tract 435.03; Riverside County; California","52523","6320",
"1400000US06065043505","Census Tract 435.05; Riverside County; California","48250","11997",
"1400000US06065043506","Census Tract 435.06; Riverside County; California","86042","29647",
"1400000US06065043509","Census Tract 435.09; Riverside County; California","81367","8513",
"1400000US06065043512","Census Tract 435.12; Riverside County; California","76339","10930",
"1400000US06065043513","Census Tract 435.13; Riverside County; California","73958","49619",
"1400000US06065043517","Census Tract 435.17; Riverside County; California","87708","14554",
"1400000US06065043518","Census Tract 435.18; Riverside County; California","73895","11395",
"1400000US06065043519","Census Tract 435.19; Riverside County; California","50647","4399",
"1400000US06065043520","Census Tract 435.20; Riverside County; California","53854","39077",
"1400000US06065043521","Census Tract 435.21; Riverside County; California","45362","12059",
"1400000US06065043522","Census Tract 435.22; Riverside County; California","94297","12376",
"1400000US06065043523","Census Tract 435.23; Riverside County; California","57664","21980",
"1400000US06065043524","Census Tract 435.24; Riverside County; California","101757","7775",
"1400000US06065043601","Census Tract 436.01; Riverside County; California","49715","18077",
"1400000US06065043602","Census Tract 436.02; Riverside County; California","51690","6020",
"1400000US06065043701","Census Tract 437.01; Riverside County; California","44959","38754",
"1400000US06065043702","Census Tract 437.02; Riverside County; California","80469","17838",
"1400000US06065043703","Census Tract 437.03; Riverside County; California","61250","27737",
"1400000US06065043802","Census Tract 438.02; Riverside County; California","133681","21112",
"1400000US06065043807","Census Tract 438.07; Riverside County; California","95853","19231",
"1400000US06065043809","Census Tract 438.09; Riverside County; California","111364","7418",
"1400000US06065043810","Census Tract 438.10; Riverside County; California","106319","31594",
"1400000US06065043812","Census Tract 438.12; Riverside County; California","70135","17106",
"1400000US06065043813","Census Tract 438.13; Riverside County; California","91011","15109",
"1400000US06065043818","Census Tract 438.18; Riverside County; California","150329","17264",
"1400000US06065043820","Census Tract 438.20; Riverside County; California","114250","21316",
"1400000US06065043821","Census Tract 438.21; Riverside County; California","94667","30783",
"1400000US06065043822","Census Tract 438.22; Riverside County; California","133971","43773",
"1400000US06065043823","Census Tract 438.23; Riverside County; California","138419","17041",
"1400000US06065043824","Census Tract 438.24; Riverside County; California","93550","9400",
"1400000US06065043900","Census Tract 439; Riverside County; California","95173","20616",
"1400000US06065044000","Census Tract 440; Riverside County; California","50893","30457",
"1400000US06065044101","Census Tract 441.01; Riverside County; California","56895","24202",
"1400000US06065044102","Census Tract 441.02; Riverside County; California","75250","25892",
"1400000US06065044103","Census Tract 441.03; Riverside County; California","72813","12554",
"1400000US06065044104","Census Tract 441.04; Riverside County; California","84205","31142",
"1400000US06065044200","Census Tract 442; Riverside County; California","45694","10848",
"1400000US06065044300","Census Tract 443; Riverside County; California","59472","5644",
"1400000US06065044403","Census Tract 444.03; Riverside County; California","89498","5408",
"1400000US06065044404","Census Tract 444.04; Riverside County; California","100491","32797",
"1400000US06065044405","Census Tract 444.05; Riverside County; California","130197","84798",
"1400000US06065044406","Census Tract 444.06; Riverside County; California","81161","67847",
"1400000US06065044407","Census Tract 444.07; Riverside County; California","86417","27639",
"1400000US06065044505","Census Tract 445.05; Riverside County; California","90066","27357",
"1400000US06065044507","Census Tract 445.07; Riverside County; California","63199","2670",
"1400000US06065044509","Census Tract 445.09; Riverside County; California","61713","33590",
"1400000US06065044510","Census Tract 445.10; Riverside County; California","43642","4718",
"1400000US06065044515","Census Tract 445.15; Riverside County; California","43526","12957",
"1400000US06065044516","Census Tract 445.16; Riverside County; California","68305","7310",
"1400000US06065044517","Census Tract 445.17; Riverside County; California","97500","52113",
"1400000US06065044518","Census Tract 445.18; Riverside County; California","78023","18774",
"1400000US06065044520","Census Tract 445.20; Riverside County; California","83445","7408",
"1400000US06065044521","Census Tract 445.21; Riverside County; California","76711","15709",
"1400000US06065044523","Census Tract 445.23; Riverside County; California","52857","17552",
"1400000US06065044524","Census Tract 445.24; Riverside County; California","78750","11298",
"1400000US06065044602","Census Tract 446.02; Riverside County; California","155625","76267",
"1400000US06065044604","Census Tract 446.04; Riverside County; California","88605","16114",
"1400000US06065044605","Census Tract 446.05; Riverside County; California","61187","16137",
"1400000US06065044606","Census Tract 446.06; Riverside County; California","106614","44370",
"1400000US06065044701","Census Tract 447.01; Riverside County; California","71563","15963",
"1400000US06065044702","Census Tract 447.02; Riverside County; California","79250","37178",
"1400000US06065044804","Census Tract 448.04; Riverside County; California","91513","28333",
"1400000US06065044805","Census Tract 448.05; Riverside County; California","185031","85888",
"1400000US06065044806","Census Tract 448.06; Riverside County; California","145972","101367",
"1400000US06065044807","Census Tract 448.07; Riverside County; California","112656","57582",
"1400000US06065044904","Census Tract 449.04; Riverside County; California","126417","26447",
"1400000US06065044907","Census Tract 449.07; Riverside County; California","50724","10151",
"1400000US06065044911","Census Tract 449.11; Riverside County; California","62530","12194",
"1400000US06065044916","Census Tract 449.16; Riverside County; California","66343","20154",
"1400000US06065044917","Census Tract 449.17; Riverside County; California","118571","16569",
"1400000US06065044918","Census Tract 449.18; Riverside County; California","140750","33085",
"1400000US06065044919","Census Tract 449.19; Riverside County; California","94167","27156",
"1400000US06065044921","Census Tract 449.21; Riverside County; California","176343","53983",
"1400000US06065044922","Census Tract 449.22; Riverside County; California","137279","18697",
"1400000US06065044923","Census Tract 449.23; Riverside County; California","111680","34307",
"1400000US06065044924","Census Tract 449.24; Riverside County; California","83618","30004",
"1400000US06065044925","Census Tract 449.25; Riverside County; California","114286","39333",
"1400000US06065044926","Census Tract 449.26; Riverside County; California","94773","24227",
"1400000US06065044927","Census Tract 449.27; Riverside County; California","114028","43628",
"1400000US06065044928","Census Tract 449.28; Riverside County; California","176445","19705",
"1400000US06065044929","Census Tract 449.29; Riverside County; California","92935","21169",
"1400000US06065044930","Census Tract 449.30; Riverside County; California","83971","33387",
"1400000US06065044931","Census Tract 449.31; Riverside County; California","84971","29093",
"1400000US06065044932","Census Tract 449.32; Riverside County; California","101161","30707",
"1400000US06065044933","Census Tract 449.33; Riverside County; California","66705","6516",
"1400000US06065044934","Census Tract 449.34; Riverside County; California","52143","29748",
"1400000US06065045000","Census Tract 450; Riverside County; California","84661","25251",
"1400000US06065045103","Census Tract 451.03; Riverside County; California","143000","73632",
"1400000US06065045109","Census Tract 451.09; Riverside County; California","117711","24720",
"1400000US06065045110","Census Tract 451.10; Riverside County; California","98750","18258",
"1400000US06065045114","Census Tract 451.14; Riverside County; California","143456","39279",
"1400000US06065045115","Census Tract 451.15; Riverside County; California","191875","42731",
"1400000US06065045116","Census Tract 451.16; Riverside County; California","81111","934",
"1400000US06065045117","Census Tract 451.17; Riverside County; California","80438","23178",
"1400000US06065045118","Census Tract 451.18; Riverside County; California","76830","29697",
"1400000US06065045119","Census Tract 451.19; Riverside County; California","92548","59617",
"1400000US06065045120","Census Tract 451.20; Riverside County; California","79844","11686",
"1400000US06065045122","Census Tract 451.22; Riverside County; California","236000","74058",
"1400000US06065045123","Census Tract 451.23; Riverside County; California","145962","32737",
"1400000US06065045124","Census Tract 451.24; Riverside County; California","-","**",
"1400000US06065045125","Census Tract 451.25; Riverside County; California","230729","53059",
"1400000US06065045126","Census Tract 451.26; Riverside County; California","71358","32482",
"1400000US06065045127","Census Tract 451.27; Riverside County; California","-","**",
"1400000US06065045128","Census Tract 451.28; Riverside County; California","159375","58143",
"1400000US06065045129","Census Tract 451.29; Riverside County; California","118375","88508",
"1400000US06065045207","Census Tract 452.07; Riverside County; California","56558","11356",
"1400000US06065045209","Census Tract 452.09; Riverside County; California","67578","18052",
"1400000US06065045212","Census Tract 452.12; Riverside County; California","167716","33509",
"1400000US06065045213","Census Tract 452.13; Riverside County; California","95625","18635",
"1400000US06065045214","Census Tract 452.14; Riverside County; California","151711","36017",
"1400000US06065045216","Census Tract 452.16; Riverside County; California","131750","19729",
"1400000US06065045217","Census Tract 452.17; Riverside County; California","74732","22103",
"1400000US06065045222","Census Tract 452.22; Riverside County; California","115994","13445",
"1400000US06065045224","Census Tract 452.24; Riverside County; California","103329","8899",
"1400000US06065045226","Census Tract 452.26; Riverside County; California","101696","12373",
"1400000US06065045228","Census Tract 452.28; Riverside County; California","89615","16077",
"1400000US06065045233","Census Tract 452.33; Riverside County; California","91484","13306",
"1400000US06065045234","Census Tract 452.34; Riverside County; California","142054","34503",
"1400000US06065045235","Census Tract 452.35; Riverside County; California","102829","38068",
"1400000US06065045302","Census Tract 453.02; Riverside County; California","103302","10414",
"1400000US06065045303","Census Tract 453.03; Riverside County; California","69464","17380",
"1400000US06065045305","Census Tract 453.05; Riverside County; California","142260","28067",
"1400000US06065045306","Census Tract 453.06; Riverside County; California","133261","20474",
"1400000US06065045501","Census Tract 455.01; Riverside County; California","53080","11128",
"1400000US06065045502","Census Tract 455.02; Riverside County; California","61725","23011",
"1400000US06065045606","Census Tract 456.06; Riverside County; California","143603","44756",
"1400000US06065045610","Census Tract 456.10; Riverside County; California","-","**",
"1400000US06065045611","Census Tract 456.11; Riverside County; California","61541","18054",
"1400000US06065045612","Census Tract 456.12; Riverside County; California","50349","28493",
"1400000US06065045613","Census Tract 456.13; Riverside County; California","179659","46556",
"1400000US06065045614","Census Tract 456.14; Riverside County; California","199750","68407",
"1400000US06065045615","Census Tract 456.15; Riverside County; California","60733","22551",
"1400000US06065045616","Census Tract 456.16; Riverside County; California","80702","29596",
"1400000US06065045617","Census Tract 456.17; Riverside County; California","118347","15854",
"1400000US06065045618","Census Tract 456.18; Riverside County; California","31510","2920",
"1400000US06065045619","Census Tract 456.19; Riverside County; California","38265","5025",
"1400000US06065045703","Census Tract 457.03; Riverside County; California","57000","20216",
"1400000US06065045704","Census Tract 457.04; Riverside County; California","52026","19771",
"1400000US06065045706","Census Tract 457.06; Riverside County; California","76303","18878",
"1400000US06065045707","Census Tract 457.07; Riverside County; California","83611","22211",
"1400000US06065045708","Census Tract 457.08; Riverside County; California","80685","22985",
"1400000US06065045709","Census Tract 457.09; Riverside County; California","45754","7846",
"1400000US06065045900","Census Tract 459; Riverside County; California","70742","15098",
"1400000US06065046101","Census Tract 461.01; Riverside County; California","74627","8545",
"1400000US06065046102","Census Tract 461.02; Riverside County; California","32500","25454",
"1400000US06065046103","Census Tract 461.03; Riverside County; California","75877","6921",
"1400000US06065046200","Census Tract 462; Riverside County; California","49077","6688",
"1400000US06065046401","Census Tract 464.01; Riverside County; California","90298","23848",
"1400000US06065046402","Census Tract 464.02; Riverside County; California","71653","21556",
"1400000US06065046403","Census Tract 464.03; Riverside County; California","94342","18989",
"1400000US06065046404","Census Tract 464.04; Riverside County; California","92895","9266",
"1400000US06065046405","Census Tract 464.05; Riverside County; California","86771","13640",
"1400000US06065046501","Census Tract 465.01; Riverside County; California","-","**",
"1400000US06065046502","Census Tract 465.02; Riverside County; California","52216","31740",
"1400000US06065046601","Census Tract 466.01; Riverside County; California","138125","13055",
"1400000US06065046602","Census Tract 466.02; Riverside County; California","123396","10057",
"1400000US06065046700","Census Tract 467; Riverside County; California","54266","17526",
"1400000US06065046800","Census Tract 468; Riverside County; California","87934","11404",
"1400000US06065046900","Census Tract 469; Riverside County; California","49032","5743",
"1400000US06065047000","Census Tract 470; Riverside County; California","79934","38360",
"1400000US06065047201","Census Tract 472.01; Riverside County; California","52637","10025",
"1400000US06065047202","Census Tract 472.02; Riverside County; California","72054","9969",
"1400000US06065047901","Census Tract 479.01; Riverside County; California","124134","12685",
"1400000US06065047902","Census Tract 479.02; Riverside County; California","207431","23491",
"1400000US06065048100","Census Tract 481; Riverside County; California","186542","42768",
"1400000US06065048200","Census Tract 482; Riverside County; California","148869","20773",
"1400000US06065048300","Census Tract 483; Riverside County; California","105765","17034",
"1400000US06065048700","Census Tract 487; Riverside County; California","95508","31156",
"1400000US06065048800","Census Tract 488; Riverside County; California","105363","29321",
"1400000US06065048901","Census Tract 489.01; Riverside County; California","77066","4538",
"1400000US06065048902","Census Tract 489.02; Riverside County; California","67679","26277",
"1400000US06065049001","Census Tract 490.01; Riverside County; California","132155","24126",
"1400000US06065049002","Census Tract 490.02; Riverside County; California","146201","38767",
"1400000US06065049101","Census Tract 491.01; Riverside County; California","74279","35743",
"1400000US06065049102","Census Tract 491.02; Riverside County; California","95976","17009",
"1400000US06065049400","Census Tract 494; Riverside County; California","83786","3524",
"1400000US06065049501","Census Tract 495.01; Riverside County; California","65524","31365",
"1400000US06065049502","Census Tract 495.02; Riverside County; California","-","**",
"1400000US06065049600","Census Tract 496; Riverside County; California","156742","29259",
"1400000US06065049701","Census Tract 497.01; Riverside County; California","161786","40650",
"1400000US06065049702","Census Tract 497.02; Riverside County; California","180357","40517",
"1400000US06065049800","Census Tract 498; Riverside County; California","95662","16151",
"1400000US06065050301","Census Tract 503.01; Riverside County; California","120333","31802",
"1400000US06065050302","Census Tract 503.02; Riverside County; California","119405","26306",
"1400000US06065050401","Census Tract 504.01; Riverside County; California","113376","11797",
"1400000US06065050402","Census Tract 504.02; Riverside County; California","108899","14474",
"1400000US06065050501","Census Tract 505.01; Riverside County; California","85865","33511",
"1400000US06065050502","Census Tract 505.02; Riverside County; California","150333","39848",
"1400000US06065050503","Census Tract 505.03; Riverside County; California","107708","17569",
"1400000US06065050600","Census Tract 506; Riverside County; California","107563","36923",
"1400000US06065050701","Census Tract 507.01; Riverside County; California","160788","26828",
"1400000US06065050702","Census Tract 507.02; Riverside County; California","155912","43422",
"1400000US06065050901","Census Tract 509.01; Riverside County; California","90000","41608",
"1400000US06065050902","Census Tract 509.02; Riverside County; California","127656","44251",
"1400000US06065051100","Census Tract 511; Riverside County; California","79485","28384",
"1400000US06065051200","Census Tract 512; Riverside County; California","91175","7104",
"1400000US06065051301","Census Tract 513.01; Riverside County; California","80161","23195",
"1400000US06065051302","Census Tract 513.02; Riverside County; California","102469","21298",
"1400000US06065051401","Census Tract 514.01; Riverside County; California","108298","16736",
"1400000US06065051402","Census Tract 514.02; Riverside County; California","72147","48065",
"1400000US06065940100","Census Tract 9401; Riverside County; California","83542","50748",
"1400000US06065940400","Census Tract 9404; Riverside County; California","78000","11733",
"1400000US06065940500","Census Tract 9405; Riverside County; California","162813","21266",
"1400000US06065940600","Census Tract 9406; Riverside County; California","106591","21567",
"1400000US06065940700","Census Tract 9407; Riverside County; California","112188","6328",
"1400000US06065940800","Census Tract 9408; Riverside County; California","129402","12967",
"1400000US06065940900","Census Tract 9409; Riverside County; California","98750","19416",
"1400000US06065941001","Census Tract 9410.01; Riverside County; California","57955","17976",
"1400000US06065941002","Census Tract 9410.02; Riverside County; California","129167","32220",
"1400000US06065941100","Census Tract 9411; Riverside County; California","81793","6264",
"1400000US06065941200","Census Tract 9412; Riverside County; California","135750","32400",
"1400000US06065941300","Census Tract 9413; Riverside County; California","110313","18912",
"1400000US06065941400","Census Tract 9414; Riverside County; California","88824","12217",
"1400000US06065941500","Census Tract 9415; Riverside County; California","68027","8720",
"1400000US06065980004","Census Tract 9800.04; Riverside County; California","-","**",
"1400000US06065981000","Census Tract 9810; Riverside County; California","-","**",
"1400000US06067000100","Census Tract 1; Sacramento County; California","153665","10604",
"1400000US06067000200","Census Tract 2; Sacramento County; California","200174","18692",
"1400000US06067000300","Census Tract 3; Sacramento County; California","212614","78685",
"1400000US06067000400","Census Tract 4; Sacramento County; California","138320","64211",
"1400000US06067000501","Census Tract 5.01; Sacramento County; California","112500","44167",
"1400000US06067000502","Census Tract 5.02; Sacramento County; California","203636","82781",
"1400000US06067000600","Census Tract 6; Sacramento County; California","135833","14704",
"1400000US06067000700","Census Tract 7; Sacramento County; California","-","**",
"1400000US06067000800","Census Tract 8; Sacramento County; California","107989","39752",
"1400000US06067001102","Census Tract 11.02; Sacramento County; California","78594","54018",
"1400000US06067001103","Census Tract 11.03; Sacramento County; California","-","**",
"1400000US06067001201","Census Tract 12.01; Sacramento County; California","186250","101772",
"1400000US06067001202","Census Tract 12.02; Sacramento County; California","-","**",
"1400000US06067001300","Census Tract 13; Sacramento County; California","78375","31717",
"1400000US06067001400","Census Tract 14; Sacramento County; California","147946","25384",
"1400000US06067001500","Census Tract 15; Sacramento County; California","192143","69088",
"1400000US06067001601","Census Tract 16.01; Sacramento County; California","138333","80536",
"1400000US06067001602","Census Tract 16.02; Sacramento County; California","189144","33470",
"1400000US06067001701","Census Tract 17.01; Sacramento County; California","110341","47619",
"1400000US06067001702","Census Tract 17.02; Sacramento County; California","97912","18371",
"1400000US06067001800","Census Tract 18; Sacramento County; California","115781","53878",
"1400000US06067001900","Census Tract 19; Sacramento County; California","115000","32447",
"1400000US06067002000","Census Tract 20; Sacramento County; California","131202","18905",
"1400000US06067002100","Census Tract 21; Sacramento County; California","46528","9712",
"1400000US06067002200","Census Tract 22; Sacramento County; California","161020","65269",
"1400000US06067002300","Census Tract 23; Sacramento County; California","164342","51472",
"1400000US06067002400","Census Tract 24; Sacramento County; California","191631","14555",
"1400000US06067002500","Census Tract 25; Sacramento County; California","230469","24081",
"1400000US06067002600","Census Tract 26; Sacramento County; California","171696","45284",
"1400000US06067002700","Census Tract 27; Sacramento County; California","99042","45500",
"1400000US06067002800","Census Tract 28; Sacramento County; California","70625","17785",
"1400000US06067002900","Census Tract 29; Sacramento County; California","100313","31593",
"1400000US06067003001","Census Tract 30.01; Sacramento County; California","47263","33143",
"1400000US06067003002","Census Tract 30.02; Sacramento County; California","97755","37362",
"1400000US06067003101","Census Tract 31.01; Sacramento County; California","88077","8522",
"1400000US06067003102","Census Tract 31.02; Sacramento County; California","88750","30804",
"1400000US06067003202","Census Tract 32.02; Sacramento County; California","57261","12745",
"1400000US06067003203","Census Tract 32.03; Sacramento County; California","57228","12885",
"1400000US06067003204","Census Tract 32.04; Sacramento County; California","53913","21215",
"1400000US06067003300","Census Tract 33; Sacramento County; California","145625","25354",
"1400000US06067003400","Census Tract 34; Sacramento County; California","157440","23827",
"1400000US06067003501","Census Tract 35.01; Sacramento County; California","143868","6380",
"1400000US06067003502","Census Tract 35.02; Sacramento County; California","107560","26494",
"1400000US06067003600","Census Tract 36; Sacramento County; California","82143","15826",
"1400000US06067003700","Census Tract 37; Sacramento County; California","80921","23502",
"1400000US06067003800","Census Tract 38; Sacramento County; California","83944","23795",
"1400000US06067003900","Census Tract 39; Sacramento County; California","129107","28695",
"1400000US06067004005","Census Tract 40.05; Sacramento County; California","116477","29100",
"1400000US06067004006","Census Tract 40.06; Sacramento County; California","103750","62851",
"1400000US06067004008","Census Tract 40.08; Sacramento County; California","138563","22779",
"1400000US06067004011","Census Tract 40.11; Sacramento County; California","171838","36249",
"1400000US06067004012","Census Tract 40.12; Sacramento County; California","185932","30853",
"1400000US06067004013","Census Tract 40.13; Sacramento County; California","86071","46682",
"1400000US06067004014","Census Tract 40.14; Sacramento County; California","88942","52008",
"1400000US06067004015","Census Tract 40.15; Sacramento County; California","126339","36741",
"1400000US06067004016","Census Tract 40.16; Sacramento County; California","149531","30631",
"1400000US06067004017","Census Tract 40.17; Sacramento County; California","126136","48967",
"1400000US06067004018","Census Tract 40.18; Sacramento County; California","-","**",
"1400000US06067004019","Census Tract 40.19; Sacramento County; California","111250","32841",
"1400000US06067004020","Census Tract 40.20; Sacramento County; California","37034","24712",
"1400000US06067004100","Census Tract 41; Sacramento County; California","71518","14547",
"1400000US06067004201","Census Tract 42.01; Sacramento County; California","90741","11377",
"1400000US06067004202","Census Tract 42.02; Sacramento County; California","67072","23560",
"1400000US06067004203","Census Tract 42.03; Sacramento County; California","79397","18906",
"1400000US06067004301","Census Tract 43.01; Sacramento County; California","91890","24707",
"1400000US06067004302","Census Tract 43.02; Sacramento County; California","97051","19652",
"1400000US06067004401","Census Tract 44.01; Sacramento County; California","61988","7089",
"1400000US06067004402","Census Tract 44.02; Sacramento County; California","60547","10811",
"1400000US06067004501","Census Tract 45.01; Sacramento County; California","54318","3474",
"1400000US06067004502","Census Tract 45.02; Sacramento County; California","57659","7718",
"1400000US06067004602","Census Tract 46.02; Sacramento County; California","52188","13907",
"1400000US06067004603","Census Tract 46.03; Sacramento County; California","48953","7264",
"1400000US06067004604","Census Tract 46.04; Sacramento County; California","49975","22202",
"1400000US06067004701","Census Tract 47.01; Sacramento County; California","44944","6888",
"1400000US06067004702","Census Tract 47.02; Sacramento County; California","56893","17021",
"1400000US06067004801","Census Tract 48.01; Sacramento County; California","61908","16943",
"1400000US06067004802","Census Tract 48.02; Sacramento County; California","64245","9536",
"1400000US06067004904","Census Tract 49.04; Sacramento County; California","73527","13485",
"1400000US06067004906","Census Tract 49.06; Sacramento County; California","56646","13623",
"1400000US06067004907","Census Tract 49.07; Sacramento County; California","38669","8423",
"1400000US06067004908","Census Tract 49.08; Sacramento County; California","86406","20749",
"1400000US06067004909","Census Tract 49.09; Sacramento County; California","82911","10462",
"1400000US06067004910","Census Tract 49.10; Sacramento County; California","65417","16147",
"1400000US06067005002","Census Tract 50.02; Sacramento County; California","42228","11001",
"1400000US06067005003","Census Tract 50.03; Sacramento County; California","76071","14522",
"1400000US06067005004","Census Tract 50.04; Sacramento County; California","102525","14619",
"1400000US06067005101","Census Tract 51.01; Sacramento County; California","72895","27709",
"1400000US06067005102","Census Tract 51.02; Sacramento County; California","81176","12396",
"1400000US06067005201","Census Tract 52.01; Sacramento County; California","61768","23710",
"1400000US06067005202","Census Tract 52.02; Sacramento County; California","135393","9397",
"1400000US06067005204","Census Tract 52.04; Sacramento County; California","94583","18516",
"1400000US06067005205","Census Tract 52.05; Sacramento County; California","59484","38518",
"1400000US06067005301","Census Tract 53.01; Sacramento County; California","204107","70465",
"1400000US06067005402","Census Tract 54.02; Sacramento County; California","66000","17258",
"1400000US06067005403","Census Tract 54.03; Sacramento County; California","134107","24624",
"1400000US06067005404","Census Tract 54.04; Sacramento County; California","144583","24540",
"1400000US06067005502","Census Tract 55.02; Sacramento County; California","65208","12133",
"1400000US06067005505","Census Tract 55.05; Sacramento County; California","62188","14635",
"1400000US06067005506","Census Tract 55.06; Sacramento County; California","73098","32590",
"1400000US06067005508","Census Tract 55.08; Sacramento County; California","58458","12813",
"1400000US06067005509","Census Tract 55.09; Sacramento County; California","53989","39231",
"1400000US06067005510","Census Tract 55.10; Sacramento County; California","47038","20751",
"1400000US06067005601","Census Tract 56.01; Sacramento County; California","61226","25873",
"1400000US06067005605","Census Tract 56.05; Sacramento County; California","72885","26865",
"1400000US06067005606","Census Tract 56.06; Sacramento County; California","101389","22462",
"1400000US06067005701","Census Tract 57.01; Sacramento County; California","142128","52563",
"1400000US06067005702","Census Tract 57.02; Sacramento County; California","193856","20198",
"1400000US06067005801","Census Tract 58.01; Sacramento County; California","119900","44332",
"1400000US06067005803","Census Tract 58.03; Sacramento County; California","147969","49288",
"1400000US06067005804","Census Tract 58.04; Sacramento County; California","222083","49159",
"1400000US06067005901","Census Tract 59.01; Sacramento County; California","120539","31558",
"1400000US06067005903","Census Tract 59.03; Sacramento County; California","76250","13978",
"1400000US06067005904","Census Tract 59.04; Sacramento County; California","186054","46583",
"1400000US06067006002","Census Tract 60.02; Sacramento County; California","65631","16877",
"1400000US06067006003","Census Tract 60.03; Sacramento County; California","62938","23043",
"1400000US06067006004","Census Tract 60.04; Sacramento County; California","130368","10402",
"1400000US06067006101","Census Tract 61.01; Sacramento County; California","83882","41213",
"1400000US06067006102","Census Tract 61.02; Sacramento County; California","64505","40887",
"1400000US06067006202","Census Tract 62.02; Sacramento County; California","46173","15264",
"1400000US06067006203","Census Tract 62.03; Sacramento County; California","42237","18317",
"1400000US06067006204","Census Tract 62.04; Sacramento County; California","51477","12096",
"1400000US06067006300","Census Tract 63; Sacramento County; California","63317","29003",
"1400000US06067006400","Census Tract 64; Sacramento County; California","71250","12338",
"1400000US06067006501","Census Tract 65.01; Sacramento County; California","35841","25178",
"1400000US06067006502","Census Tract 65.02; Sacramento County; California","124286","8645",
"1400000US06067006600","Census Tract 66; Sacramento County; California","66154","31225",
"1400000US06067006703","Census Tract 67.03; Sacramento County; California","70970","22530",
"1400000US06067006704","Census Tract 67.04; Sacramento County; California","74056","21877",
"1400000US06067006705","Census Tract 67.05; Sacramento County; California","58589","27684",
"1400000US06067006706","Census Tract 67.06; Sacramento County; California","62917","39450",
"1400000US06067006801","Census Tract 68.01; Sacramento County; California","77917","66334",
"1400000US06067006802","Census Tract 68.02; Sacramento County; California","-","**",
"1400000US06067006803","Census Tract 68.03; Sacramento County; California","76932","17511",
"1400000US06067006901","Census Tract 69.01; Sacramento County; California","103931","52133",
"1400000US06067006902","Census Tract 69.02; Sacramento County; California","62335","25876",
"1400000US06067007001","Census Tract 70.01; Sacramento County; California","64250","30025",
"1400000US06067007007","Census Tract 70.07; Sacramento County; California","88201","18357",
"1400000US06067007010","Census Tract 70.10; Sacramento County; California","118363","58202",
"1400000US06067007011","Census Tract 70.11; Sacramento County; California","108352","30914",
"1400000US06067007012","Census Tract 70.12; Sacramento County; California","94034","17495",
"1400000US06067007013","Census Tract 70.13; Sacramento County; California","95881","2405",
"1400000US06067007016","Census Tract 70.16; Sacramento County; California","108408","23103",
"1400000US06067007017","Census Tract 70.17; Sacramento County; California","118615","23142",
"1400000US06067007019","Census Tract 70.19; Sacramento County; California","120833","58187",
"1400000US06067007020","Census Tract 70.20; Sacramento County; California","152542","12010",
"1400000US06067007021","Census Tract 70.21; Sacramento County; California","73462","28123",
"1400000US06067007022","Census Tract 70.22; Sacramento County; California","51770","18383",
"1400000US06067007023","Census Tract 70.23; Sacramento County; California","79311","7747",
"1400000US06067007024","Census Tract 70.24; Sacramento County; California","55781","35649",
"1400000US06067007025","Census Tract 70.25; Sacramento County; California","121111","31477",
"1400000US06067007026","Census Tract 70.26; Sacramento County; California","123496","14763",
"1400000US06067007027","Census Tract 70.27; Sacramento County; California","99429","13308",
"1400000US06067007028","Census Tract 70.28; Sacramento County; California","117039","14194",
"1400000US06067007101","Census Tract 71.01; Sacramento County; California","186625","58999",
"1400000US06067007103","Census Tract 71.03; Sacramento County; California","89904","24331",
"1400000US06067007105","Census Tract 71.05; Sacramento County; California","105282","11660",
"1400000US06067007106","Census Tract 71.06; Sacramento County; California","130909","26816",
"1400000US06067007107","Census Tract 71.07; Sacramento County; California","155114","25383",
"1400000US06067007108","Census Tract 71.08; Sacramento County; California","140217","23418",
"1400000US06067007109","Census Tract 71.09; Sacramento County; California","94022","35191",
"1400000US06067007110","Census Tract 71.10; Sacramento County; California","134221","19372",
"1400000US06067007111","Census Tract 71.11; Sacramento County; California","154712","43501",
"1400000US06067007202","Census Tract 72.02; Sacramento County; California","84388","48562",
"1400000US06067007204","Census Tract 72.04; Sacramento County; California","96435","32000",
"1400000US06067007206","Census Tract 72.06; Sacramento County; California","108382","16494",
"1400000US06067007207","Census Tract 72.07; Sacramento County; California","104399","21820",
"1400000US06067007208","Census Tract 72.08; Sacramento County; California","113958","24644",
"1400000US06067007209","Census Tract 72.09; Sacramento County; California","105112","34543",
"1400000US06067007301","Census Tract 73.01; Sacramento County; California","51340","7852",
"1400000US06067007402","Census Tract 74.02; Sacramento County; California","92138","16258",
"1400000US06067007403","Census Tract 74.03; Sacramento County; California","87045","30104",
"1400000US06067007413","Census Tract 74.13; Sacramento County; California","57681","13083",
"1400000US06067007414","Census Tract 74.14; Sacramento County; California","62368","25585",
"1400000US06067007415","Census Tract 74.15; Sacramento County; California","84779","16692",
"1400000US06067007416","Census Tract 74.16; Sacramento County; California","73793","12713",
"1400000US06067007417","Census Tract 74.17; Sacramento County; California","111595","19549",
"1400000US06067007422","Census Tract 74.22; Sacramento County; California","80577","15470",
"1400000US06067007423","Census Tract 74.23; Sacramento County; California","43302","7264",
"1400000US06067007424","Census Tract 74.24; Sacramento County; California","53516","30385",
"1400000US06067007426","Census Tract 74.26; Sacramento County; California","94286","31030",
"1400000US06067007427","Census Tract 74.27; Sacramento County; California","85808","26713",
"1400000US06067007428","Census Tract 74.28; Sacramento County; California","91369","12084",
"1400000US06067007429","Census Tract 74.29; Sacramento County; California","47955","18530",
"1400000US06067007430","Census Tract 74.30; Sacramento County; California","98611","12538",
"1400000US06067007431","Census Tract 74.31; Sacramento County; California","110809","26180",
"1400000US06067007432","Census Tract 74.32; Sacramento County; California","120553","21825",
"1400000US06067007434","Census Tract 74.34; Sacramento County; California","73438","18547",
"1400000US06067007435","Census Tract 74.35; Sacramento County; California","53199","37922",
"1400000US06067007436","Census Tract 74.36; Sacramento County; California","86552","49101",
"1400000US06067007437","Census Tract 74.37; Sacramento County; California","166736","21001",
"1400000US06067007438","Census Tract 74.38; Sacramento County; California","48611","33983",
"1400000US06067007439","Census Tract 74.39; Sacramento County; California","106411","22708",
"1400000US06067007501","Census Tract 75.01; Sacramento County; California","68929","7808",
"1400000US06067007503","Census Tract 75.03; Sacramento County; California","79144","28181",
"1400000US06067007504","Census Tract 75.04; Sacramento County; California","124083","18060",
"1400000US06067007602","Census Tract 76.02; Sacramento County; California","90536","26201",
"1400000US06067007603","Census Tract 76.03; Sacramento County; California","94926","44831",
"1400000US06067007604","Census Tract 76.04; Sacramento County; California","86081","29006",
"1400000US06067007701","Census Tract 77.01; Sacramento County; California","61685","20481",
"1400000US06067007702","Census Tract 77.02; Sacramento County; California","170278","46359",
"1400000US06067007801","Census Tract 78.01; Sacramento County; California","113661","13543",
"1400000US06067007802","Census Tract 78.02; Sacramento County; California","94803","39211",
"1400000US06067007903","Census Tract 79.03; Sacramento County; California","103594","18136",
"1400000US06067007904","Census Tract 79.04; Sacramento County; California","119022","15166",
"1400000US06067007905","Census Tract 79.05; Sacramento County; California","140521","33359",
"1400000US06067007906","Census Tract 79.06; Sacramento County; California","100906","17211",
"1400000US06067008005","Census Tract 80.05; Sacramento County; California","157813","29280",
"1400000US06067008006","Census Tract 80.06; Sacramento County; California","158551","30259",
"1400000US06067008007","Census Tract 80.07; Sacramento County; California","114236","51831",
"1400000US06067008008","Census Tract 80.08; Sacramento County; California","111210","27383",
"1400000US06067008009","Census Tract 80.09; Sacramento County; California","155777","30682",
"1400000US06067008010","Census Tract 80.10; Sacramento County; California","128819","45589",
"1400000US06067008111","Census Tract 81.11; Sacramento County; California","106250","38231",
"1400000US06067008113","Census Tract 81.13; Sacramento County; California","84802","14306",
"1400000US06067008117","Census Tract 81.17; Sacramento County; California","94323","18269",
"1400000US06067008119","Census Tract 81.19; Sacramento County; California","87821","29525",
"1400000US06067008120","Census Tract 81.20; Sacramento County; California","101162","10987",
"1400000US06067008122","Census Tract 81.22; Sacramento County; California","115833","17706",
"1400000US06067008124","Census Tract 81.24; Sacramento County; California","107386","23522",
"1400000US06067008125","Census Tract 81.25; Sacramento County; California","109226","14437",
"1400000US06067008127","Census Tract 81.27; Sacramento County; California","90417","8275",
"1400000US06067008128","Census Tract 81.28; Sacramento County; California","78958","6541",
"1400000US06067008129","Census Tract 81.29; Sacramento County; California","89036","6227",
"1400000US06067008130","Census Tract 81.30; Sacramento County; California","103846","14528",
"1400000US06067008131","Census Tract 81.31; Sacramento County; California","75357","23441",
"1400000US06067008132","Census Tract 81.32; Sacramento County; California","125000","23196",
"1400000US06067008133","Census Tract 81.33; Sacramento County; California","65313","11278",
"1400000US06067008134","Census Tract 81.34; Sacramento County; California","88897","16372",
"1400000US06067008135","Census Tract 81.35; Sacramento County; California","105453","33790",
"1400000US06067008136","Census Tract 81.36; Sacramento County; California","67656","26545",
"1400000US06067008137","Census Tract 81.37; Sacramento County; California","103424","14048",
"1400000US06067008138","Census Tract 81.38; Sacramento County; California","95106","20757",
"1400000US06067008139","Census Tract 81.39; Sacramento County; California","56554","10471",
"1400000US06067008140","Census Tract 81.40; Sacramento County; California","124940","16272",
"1400000US06067008141","Census Tract 81.41; Sacramento County; California","73995","26051",
"1400000US06067008142","Census Tract 81.42; Sacramento County; California","79909","30965",
"1400000US06067008143","Census Tract 81.43; Sacramento County; California","87381","14412",
"1400000US06067008144","Census Tract 81.44; Sacramento County; California","126429","11371",
"1400000US06067008145","Census Tract 81.45; Sacramento County; California","119423","38643",
"1400000US06067008203","Census Tract 82.03; Sacramento County; California","100385","17051",
"1400000US06067008204","Census Tract 82.04; Sacramento County; California","129028","9285",
"1400000US06067008206","Census Tract 82.06; Sacramento County; California","102778","22443",
"1400000US06067008207","Census Tract 82.07; Sacramento County; California","123819","23903",
"1400000US06067008208","Census Tract 82.08; Sacramento County; California","92917","19240",
"1400000US06067008209","Census Tract 82.09; Sacramento County; California","152143","29127",
"1400000US06067008210","Census Tract 82.10; Sacramento County; California","167147","21283",
"1400000US06067008211","Census Tract 82.11; Sacramento County; California","133750","29104",
"1400000US06067008402","Census Tract 84.02; Sacramento County; California","144304","18696",
"1400000US06067008403","Census Tract 84.03; Sacramento County; California","154427","58147",
"1400000US06067008404","Census Tract 84.04; Sacramento County; California","84661","21213",
"1400000US06067008501","Census Tract 85.01; Sacramento County; California","180049","21266",
"1400000US06067008504","Census Tract 85.04; Sacramento County; California","153472","32643",
"1400000US06067008505","Census Tract 85.05; Sacramento County; California","170329","16297",
"1400000US06067008506","Census Tract 85.06; Sacramento County; California","124333","16261",
"1400000US06067008507","Census Tract 85.07; Sacramento County; California","140000","29204",
"1400000US06067008508","Census Tract 85.08; Sacramento County; California","193945","20817",
"1400000US06067008509","Census Tract 85.09; Sacramento County; California","218654","31847",
"1400000US06067008510","Census Tract 85.10; Sacramento County; California","200913","7704",
"1400000US06067008512","Census Tract 85.12; Sacramento County; California","198315","16787",
"1400000US06067008513","Census Tract 85.13; Sacramento County; California","197500","25287",
"1400000US06067008601","Census Tract 86.01; Sacramento County; California","170909","38157",
"1400000US06067008602","Census Tract 86.02; Sacramento County; California","93333","69565",
"1400000US06067008702","Census Tract 87.02; Sacramento County; California","212796","28977",
"1400000US06067008703","Census Tract 87.03; Sacramento County; California","143244","47531",
"1400000US06067008704","Census Tract 87.04; Sacramento County; California","152067","8193",
"1400000US06067008706","Census Tract 87.06; Sacramento County; California","198452","35366",
"1400000US06067008707","Census Tract 87.07; Sacramento County; California","165526","32801",
"1400000US06067008708","Census Tract 87.08; Sacramento County; California","152708","17510",
"1400000US06067008802","Census Tract 88.02; Sacramento County; California","161439","18423",
"1400000US06067008803","Census Tract 88.03; Sacramento County; California","125607","58712",
"1400000US06067008905","Census Tract 89.05; Sacramento County; California","96165","16163",
"1400000US06067008907","Census Tract 89.07; Sacramento County; California","76055","10974",
"1400000US06067008908","Census Tract 89.08; Sacramento County; California","67153","30149",
"1400000US06067008909","Census Tract 89.09; Sacramento County; California","125096","43538",
"1400000US06067008910","Census Tract 89.10; Sacramento County; California","81940","11334",
"1400000US06067008911","Census Tract 89.11; Sacramento County; California","59315","13168",
"1400000US06067008912","Census Tract 89.12; Sacramento County; California","106842","18824",
"1400000US06067008913","Census Tract 89.13; Sacramento County; California","81696","40397",
"1400000US06067009004","Census Tract 90.04; Sacramento County; California","93981","16231",
"1400000US06067009005","Census Tract 90.05; Sacramento County; California","91545","21348",
"1400000US06067009006","Census Tract 90.06; Sacramento County; California","69246","9873",
"1400000US06067009007","Census Tract 90.07; Sacramento County; California","59702","21816",
"1400000US06067009008","Census Tract 90.08; Sacramento County; California","74747","12473",
"1400000US06067009010","Census Tract 90.10; Sacramento County; California","100731","15678",
"1400000US06067009011","Census Tract 90.11; Sacramento County; California","139375","23579",
"1400000US06067009103","Census Tract 91.03; Sacramento County; California","117390","29675",
"1400000US06067009105","Census Tract 91.05; Sacramento County; California","87670","25627",
"1400000US06067009106","Census Tract 91.06; Sacramento County; California","112386","25203",
"1400000US06067009107","Census Tract 91.07; Sacramento County; California","108558","21573",
"1400000US06067009108","Census Tract 91.08; Sacramento County; California","96500","7030",
"1400000US06067009109","Census Tract 91.09; Sacramento County; California","120379","7489",
"1400000US06067009110","Census Tract 91.10; Sacramento County; California","37244","5597",
"1400000US06067009111","Census Tract 91.11; Sacramento County; California","68664","9732",
"1400000US06067009112","Census Tract 91.12; Sacramento County; California","92486","16136",
"1400000US06067009201","Census Tract 92.01; Sacramento County; California","102004","17333",
"1400000US06067009307","Census Tract 93.07; Sacramento County; California","125610","12259",
"1400000US06067009308","Census Tract 93.08; Sacramento County; California","98929","16521",
"1400000US06067009309","Census Tract 93.09; Sacramento County; California","109779","17461",
"1400000US06067009310","Census Tract 93.10; Sacramento County; California","113833","14890",
"1400000US06067009311","Census Tract 93.11; Sacramento County; California","93551","5644",
"1400000US06067009312","Census Tract 93.12; Sacramento County; California","100956","12100",
"1400000US06067009314","Census Tract 93.14; Sacramento County; California","88484","20974",
"1400000US06067009316","Census Tract 93.16; Sacramento County; California","99196","24057",
"1400000US06067009317","Census Tract 93.17; Sacramento County; California","112917","31104",
"1400000US06067009318","Census Tract 93.18; Sacramento County; California","65357","7878",
"1400000US06067009319","Census Tract 93.19; Sacramento County; California","96039","10549",
"1400000US06067009320","Census Tract 93.20; Sacramento County; California","88784","15551",
"1400000US06067009321","Census Tract 93.21; Sacramento County; California","85000","21724",
"1400000US06067009323","Census Tract 93.23; Sacramento County; California","176510","28493",
"1400000US06067009326","Census Tract 93.26; Sacramento County; California","171284","17090",
"1400000US06067009328","Census Tract 93.28; Sacramento County; California","160203","29041",
"1400000US06067009329","Census Tract 93.29; Sacramento County; California","93068","23851",
"1400000US06067009330","Census Tract 93.30; Sacramento County; California","194286","54998",
"1400000US06067009331","Census Tract 93.31; Sacramento County; California","146486","45980",
"1400000US06067009332","Census Tract 93.32; Sacramento County; California","175536","29120",
"1400000US06067009333","Census Tract 93.33; Sacramento County; California","119938","33379",
"1400000US06067009334","Census Tract 93.34; Sacramento County; California","145341","22233",
"1400000US06067009335","Census Tract 93.35; Sacramento County; California","99362","16383",
"1400000US06067009336","Census Tract 93.36; Sacramento County; California","165078","50283",
"1400000US06067009403","Census Tract 94.03; Sacramento County; California","96922","11064",
"1400000US06067009404","Census Tract 94.04; Sacramento County; California","163017","55879",
"1400000US06067009406","Census Tract 94.06; Sacramento County; California","142755","42275",
"1400000US06067009408","Census Tract 94.08; Sacramento County; California","122532","52214",
"1400000US06067009409","Census Tract 94.09; Sacramento County; California","146908","20542",
"1400000US06067009410","Census Tract 94.10; Sacramento County; California","104115","28161",
"1400000US06067009501","Census Tract 95.01; Sacramento County; California","97667","33563",
"1400000US06067009502","Census Tract 95.02; Sacramento County; California","119944","38030",
"1400000US06067009503","Census Tract 95.03; Sacramento County; California","84423","15899",
"1400000US06067009504","Census Tract 95.04; Sacramento County; California","76528","48637",
"1400000US06067009601","Census Tract 96.01; Sacramento County; California","71576","10276",
"1400000US06067009608","Census Tract 96.08; Sacramento County; California","87404","15376",
"1400000US06067009609","Census Tract 96.09; Sacramento County; California","84102","29914",
"1400000US06067009610","Census Tract 96.10; Sacramento County; California","92440","12903",
"1400000US06067009611","Census Tract 96.11; Sacramento County; California","97435","29115",
"1400000US06067009612","Census Tract 96.12; Sacramento County; California","108352","19573",
"1400000US06067009614","Census Tract 96.14; Sacramento County; California","116417","25323",
"1400000US06067009616","Census Tract 96.16; Sacramento County; California","118860","19358",
"1400000US06067009617","Census Tract 96.17; Sacramento County; California","163713","9730",
"1400000US06067009618","Census Tract 96.18; Sacramento County; California","110433","13667",
"1400000US06067009622","Census Tract 96.22; Sacramento County; California","143281","33071",
"1400000US06067009632","Census Tract 96.32; Sacramento County; California","159107","21569",
"1400000US06067009633","Census Tract 96.33; Sacramento County; California","84558","10533",
"1400000US06067009634","Census Tract 96.34; Sacramento County; California","47969","21157",
"1400000US06067009635","Census Tract 96.35; Sacramento County; California","153984","20057",
"1400000US06067009637","Census Tract 96.37; Sacramento County; California","157679","22833",
"1400000US06067009639","Census Tract 96.39; Sacramento County; California","101771","39958",
"1400000US06067009640","Census Tract 96.40; Sacramento County; California","75474","65510",
"1400000US06067009641","Census Tract 96.41; Sacramento County; California","74554","20546",
"1400000US06067009642","Census Tract 96.42; Sacramento County; California","96591","7545",
"1400000US06067009643","Census Tract 96.43; Sacramento County; California","126286","8463",
"1400000US06067009644","Census Tract 96.44; Sacramento County; California","140295","24648",
"1400000US06067009645","Census Tract 96.45; Sacramento County; California","139000","39940",
"1400000US06067009646","Census Tract 96.46; Sacramento County; California","131184","42643",
"1400000US06067009647","Census Tract 96.47; Sacramento County; California","96894","16904",
"1400000US06067009648","Census Tract 96.48; Sacramento County; California","126111","44954",
"1400000US06067009649","Census Tract 96.49; Sacramento County; California","156071","19557",
"1400000US06067009650","Census Tract 96.50; Sacramento County; California","195170","42478",
"1400000US06067009651","Census Tract 96.51; Sacramento County; California","129656","34497",
"1400000US06067009652","Census Tract 96.52; Sacramento County; California","154129","33319",
"1400000US06067009653","Census Tract 96.53; Sacramento County; California","123750","21889",
"1400000US06067009800","Census Tract 98; Sacramento County; California","69479","17603",
"1400000US06067009900","Census Tract 99; Sacramento County; California","100057","41702",
"1400000US06067988300","Census Tract 9883; Sacramento County; California","-","**",
"1400000US06069000100","Census Tract 1; San Benito County; California","126116","24924",
"1400000US06069000200","Census Tract 2; San Benito County; California","129868","39818",
"1400000US06069000300","Census Tract 3; San Benito County; California","117656","32914",
"1400000US06069000400","Census Tract 4; San Benito County; California","84476","9386",
"1400000US06069000501","Census Tract 5.01; San Benito County; California","148212","13048",
"1400000US06069000502","Census Tract 5.02; San Benito County; California","122232","19909",
"1400000US06069000601","Census Tract 6.01; San Benito County; California","121528","36177",
"1400000US06069000602","Census Tract 6.02; San Benito County; California","99587","24450",
"1400000US06069000701","Census Tract 7.01; San Benito County; California","102733","6223",
"1400000US06069000702","Census Tract 7.02; San Benito County; California","117570","12228",
"1400000US06069000801","Census Tract 8.01; San Benito County; California","147414","35103",
"1400000US06069000802","Census Tract 8.02; San Benito County; California","150673","17423",
"1400000US06071000103","Census Tract 1.03; San Bernardino County; California","113452","13474",
"1400000US06071000104","Census Tract 1.04; San Bernardino County; California","132898","22930",
"1400000US06071000105","Census Tract 1.05; San Bernardino County; California","125588","13708",
"1400000US06071000107","Census Tract 1.07; San Bernardino County; California","132212","32560",
"1400000US06071000108","Census Tract 1.08; San Bernardino County; California","110581","30556",
"1400000US06071000109","Census Tract 1.09; San Bernardino County; California","127933","23009",
"1400000US06071000111","Census Tract 1.11; San Bernardino County; California","117656","37176",
"1400000US06071000115","Census Tract 1.15; San Bernardino County; California","132722","36038",
"1400000US06071000117","Census Tract 1.17; San Bernardino County; California","156914","22766",
"1400000US06071000118","Census Tract 1.18; San Bernardino County; California","156531","23144",
"1400000US06071000119","Census Tract 1.19; San Bernardino County; California","84621","15213",
"1400000US06071000120","Census Tract 1.20; San Bernardino County; California","110786","21434",
"1400000US06071000121","Census Tract 1.21; San Bernardino County; California","144444","25811",
"1400000US06071000122","Census Tract 1.22; San Bernardino County; California","191382","21986",
"1400000US06071000201","Census Tract 2.01; San Bernardino County; California","87600","24420",
"1400000US06071000203","Census Tract 2.03; San Bernardino County; California","93397","16471",
"1400000US06071000205","Census Tract 2.05; San Bernardino County; California","87143","24279",
"1400000US06071000207","Census Tract 2.07; San Bernardino County; California","97447","62524",
"1400000US06071000208","Census Tract 2.08; San Bernardino County; California","115592","31734",
"1400000US06071000304","Census Tract 3.04; San Bernardino County; California","97723","21405",
"1400000US06071000305","Census Tract 3.05; San Bernardino County; California","55033","14643",
"1400000US06071000306","Census Tract 3.06; San Bernardino County; California","60250","11701",
"1400000US06071000307","Census Tract 3.07; San Bernardino County; California","61594","8508",
"1400000US06071000308","Census Tract 3.08; San Bernardino County; California","88864","35762",
"1400000US06071000401","Census Tract 4.01; San Bernardino County; California","126047","11551",
"1400000US06071000403","Census Tract 4.03; San Bernardino County; California","119844","19061",
"1400000US06071000404","Census Tract 4.04; San Bernardino County; California","106542","20278",
"1400000US06071000501","Census Tract 5.01; San Bernardino County; California","120923","22053",
"1400000US06071000503","Census Tract 5.03; San Bernardino County; California","86482","8554",
"1400000US06071000504","Census Tract 5.04; San Bernardino County; California","115238","23206",
"1400000US06071000603","Census Tract 6.03; San Bernardino County; California","92813","11156",
"1400000US06071000604","Census Tract 6.04; San Bernardino County; California","112202","15472",
"1400000US06071000605","Census Tract 6.05; San Bernardino County; California","59745","19994",
"1400000US06071000606","Census Tract 6.06; San Bernardino County; California","95531","4298",
"1400000US06071000804","Census Tract 8.04; San Bernardino County; California","167029","25107",
"1400000US06071000808","Census Tract 8.08; San Bernardino County; California","99688","22379",
"1400000US06071000812","Census Tract 8.12; San Bernardino County; California","176685","42622",
"1400000US06071000813","Census Tract 8.13; San Bernardino County; California","135150","31527",
"1400000US06071000814","Census Tract 8.14; San Bernardino County; California","183800","45272",
"1400000US06071000815","Census Tract 8.15; San Bernardino County; California","149985","19015",
"1400000US06071000816","Census Tract 8.16; San Bernardino County; California","154167","62663",
"1400000US06071000817","Census Tract 8.17; San Bernardino County; California","130938","30923",
"1400000US06071000818","Census Tract 8.18; San Bernardino County; California","132674","22163",
"1400000US06071000819","Census Tract 8.19; San Bernardino County; California","189073","38542",
"1400000US06071000820","Census Tract 8.20; San Bernardino County; California","172688","28947",
"1400000US06071000821","Census Tract 8.21; San Bernardino County; California","86823","26294",
"1400000US06071000823","Census Tract 8.23; San Bernardino County; California","85826","14964",
"1400000US06071000824","Census Tract 8.24; San Bernardino County; California","79375","24899",
"1400000US06071000825","Census Tract 8.25; San Bernardino County; California","67768","20490",
"1400000US06071000826","Census Tract 8.26; San Bernardino County; California","114250","26988",
"1400000US06071000901","Census Tract 9.01; San Bernardino County; California","100912","18966",
"1400000US06071000903","Census Tract 9.03; San Bernardino County; California","93643","27777",
"1400000US06071000904","Census Tract 9.04; San Bernardino County; California","88846","16266",
"1400000US06071001001","Census Tract 10.01; San Bernardino County; California","70611","19161",
"1400000US06071001002","Census Tract 10.02; San Bernardino County; California","75882","9330",
"1400000US06071001101","Census Tract 11.01; San Bernardino County; California","71539","17186",
"1400000US06071001103","Census Tract 11.03; San Bernardino County; California","93095","32975",
"1400000US06071001104","Census Tract 11.04; San Bernardino County; California","113611","30872",
"1400000US06071001200","Census Tract 12; San Bernardino County; California","108367","16931",
"1400000US06071001305","Census Tract 13.05; San Bernardino County; California","58897","20822",
"1400000US06071001307","Census Tract 13.07; San Bernardino County; California","95426","11612",
"1400000US06071001308","Census Tract 13.08; San Bernardino County; California","72917","15168",
"1400000US06071001309","Census Tract 13.09; San Bernardino County; California","75776","9782",
"1400000US06071001310","Census Tract 13.10; San Bernardino County; California","93382","13829",
"1400000US06071001311","Census Tract 13.11; San Bernardino County; California","131985","18266",
"1400000US06071001312","Census Tract 13.12; San Bernardino County; California","107222","15465",
"1400000US06071001400","Census Tract 14; San Bernardino County; California","51462","28165",
"1400000US06071001501","Census Tract 15.01; San Bernardino County; California","76944","15310",
"1400000US06071001503","Census Tract 15.03; San Bernardino County; California","55298","14153",
"1400000US06071001504","Census Tract 15.04; San Bernardino County; California","67992","25266",
"1400000US06071001600","Census Tract 16; San Bernardino County; California","57784","10222",
"1400000US06071001702","Census Tract 17.02; San Bernardino County; California","98125","27278",
"1400000US06071001703","Census Tract 17.03; San Bernardino County; California","132337","16115",
"1400000US06071001704","Census Tract 17.04; San Bernardino County; California","76984","22317",
"1400000US06071001706","Census Tract 17.06; San Bernardino County; California","81156","29120",
"1400000US06071001707","Census Tract 17.07; San Bernardino County; California","99021","10339",
"1400000US06071001803","Census Tract 18.03; San Bernardino County; California","81250","7748",
"1400000US06071001804","Census Tract 18.04; San Bernardino County; California","107770","31388",
"1400000US06071001806","Census Tract 18.06; San Bernardino County; California","118367","13502",
"1400000US06071001808","Census Tract 18.08; San Bernardino County; California","112438","23320",
"1400000US06071001809","Census Tract 18.09; San Bernardino County; California","75163","8219",
"1400000US06071001810","Census Tract 18.10; San Bernardino County; California","74500","20978",
"1400000US06071001812","Census Tract 18.12; San Bernardino County; California","70801","9410",
"1400000US06071001813","Census Tract 18.13; San Bernardino County; California","89245","8203",
"1400000US06071001901","Census Tract 19.01; San Bernardino County; California","144861","22976",
"1400000US06071001906","Census Tract 19.06; San Bernardino County; California","124079","33309",
"1400000US06071001907","Census Tract 19.07; San Bernardino County; California","96574","29089",
"1400000US06071001908","Census Tract 19.08; San Bernardino County; California","120804","34296",
"1400000US06071001909","Census Tract 19.09; San Bernardino County; California","109297","46519",
"1400000US06071001910","Census Tract 19.10; San Bernardino County; California","100156","44606",
"1400000US06071001911","Census Tract 19.11; San Bernardino County; California","141310","22925",
"1400000US06071002011","Census Tract 20.11; San Bernardino County; California","136587","10820",
"1400000US06071002013","Census Tract 20.13; San Bernardino County; California","121989","30557",
"1400000US06071002014","Census Tract 20.14; San Bernardino County; California","154667","20026",
"1400000US06071002015","Census Tract 20.15; San Bernardino County; California","106382","17191",
"1400000US06071002016","Census Tract 20.16; San Bernardino County; California","131118","21515",
"1400000US06071002017","Census Tract 20.17; San Bernardino County; California","148814","17055",
"1400000US06071002018","Census Tract 20.18; San Bernardino County; California","126938","20136",
"1400000US06071002019","Census Tract 20.19; San Bernardino County; California","97992","19385",
"1400000US06071002021","Census Tract 20.21; San Bernardino County; California","168750","32640",
"1400000US06071002023","Census Tract 20.23; San Bernardino County; California","76393","11106",
"1400000US06071002025","Census Tract 20.25; San Bernardino County; California","92104","13877",
"1400000US06071002027","Census Tract 20.27; San Bernardino County; California","134224","30439",
"1400000US06071002028","Census Tract 20.28; San Bernardino County; California","116250","19289",
"1400000US06071002029","Census Tract 20.29; San Bernardino County; California","134400","15642",
"1400000US06071002031","Census Tract 20.31; San Bernardino County; California","160216","34277",
"1400000US06071002035","Census Tract 20.35; San Bernardino County; California","102072","22202",
"1400000US06071002037","Census Tract 20.37; San Bernardino County; California","139265","17937",
"1400000US06071002038","Census Tract 20.38; San Bernardino County; California","140114","30769",
"1400000US06071002039","Census Tract 20.39; San Bernardino County; California","146064","26634",
"1400000US06071002040","Census Tract 20.40; San Bernardino County; California","199265","73776",
"1400000US06071002041","Census Tract 20.41; San Bernardino County; California","171250","16061",
"1400000US06071002042","Census Tract 20.42; San Bernardino County; California","224628","38594",
"1400000US06071002043","Census Tract 20.43; San Bernardino County; California","234336","43117",
"1400000US06071002044","Census Tract 20.44; San Bernardino County; California","158429","7735",
"1400000US06071002045","Census Tract 20.45; San Bernardino County; California","144559","23957",
"1400000US06071002046","Census Tract 20.46; San Bernardino County; California","149057","24870",
"1400000US06071002047","Census Tract 20.47; San Bernardino County; California","112451","43066",
"1400000US06071002048","Census Tract 20.48; San Bernardino County; California","185272","74064",
"1400000US06071002049","Census Tract 20.49; San Bernardino County; California","92733","8978",
"1400000US06071002050","Census Tract 20.50; San Bernardino County; California","88873","14138",
"1400000US06071002051","Census Tract 20.51; San Bernardino County; California","140392","54038",
"1400000US06071002101","Census Tract 21.01; San Bernardino County; California","85335","21058",
"1400000US06071002103","Census Tract 21.03; San Bernardino County; California","87388","30015",
"1400000US06071002105","Census Tract 21.05; San Bernardino County; California","91207","12338",
"1400000US06071002107","Census Tract 21.07; San Bernardino County; California","89375","10841",
"1400000US06071002109","Census Tract 21.09; San Bernardino County; California","78125","31603",
"1400000US06071002111","Census Tract 21.11; San Bernardino County; California","79033","14684",
"1400000US06071002112","Census Tract 21.12; San Bernardino County; California","87579","28426",
"1400000US06071002204","Census Tract 22.04; San Bernardino County; California","89659","12485",
"1400000US06071002206","Census Tract 22.06; San Bernardino County; California","101190","20045",
"1400000US06071002207","Census Tract 22.07; San Bernardino County; California","72279","12633",
"1400000US06071002306","Census Tract 23.06; San Bernardino County; California","116326","25502",
"1400000US06071002307","Census Tract 23.07; San Bernardino County; California","76776","21771",
"1400000US06071002308","Census Tract 23.08; San Bernardino County; California","109292","34019",
"1400000US06071002309","Census Tract 23.09; San Bernardino County; California","123350","28884",
"1400000US06071002310","Census Tract 23.10; San Bernardino County; California","85455","36461",
"1400000US06071002311","Census Tract 23.11; San Bernardino County; California","91118","66510",
"1400000US06071002312","Census Tract 23.12; San Bernardino County; California","140639","22288",
"1400000US06071002313","Census Tract 23.13; San Bernardino County; California","103458","27360",
"1400000US06071002314","Census Tract 23.14; San Bernardino County; California","138934","25730",
"1400000US06071002315","Census Tract 23.15; San Bernardino County; California","143583","44975",
"1400000US06071002403","Census Tract 24.03; San Bernardino County; California","92712","19439",
"1400000US06071002404","Census Tract 24.04; San Bernardino County; California","107875","43059",
"1400000US06071002405","Census Tract 24.05; San Bernardino County; California","76437","9079",
"1400000US06071002406","Census Tract 24.06; San Bernardino County; California","90921","72778",
"1400000US06071002501","Census Tract 25.01; San Bernardino County; California","87949","34880",
"1400000US06071002503","Census Tract 25.03; San Bernardino County; California","79094","8842",
"1400000US06071002504","Census Tract 25.04; San Bernardino County; California","91932","11269",
"1400000US06071002602","Census Tract 26.02; San Bernardino County; California","82683","10916",
"1400000US06071002604","Census Tract 26.04; San Bernardino County; California","97250","9819",
"1400000US06071002606","Census Tract 26.06; San Bernardino County; California","100347","14212",
"1400000US06071002608","Census Tract 26.08; San Bernardino County; California","109375","29682",
"1400000US06071002609","Census Tract 26.09; San Bernardino County; California","105690","31090",
"1400000US06071002610","Census Tract 26.10; San Bernardino County; California","130526","46043",
"1400000US06071002611","Census Tract 26.11; San Bernardino County; California","124851","40713",
"1400000US06071002703","Census Tract 27.03; San Bernardino County; California","117154","25720",
"1400000US06071002705","Census Tract 27.05; San Bernardino County; California","101083","24077",
"1400000US06071002706","Census Tract 27.06; San Bernardino County; California","134643","18538",
"1400000US06071002707","Census Tract 27.07; San Bernardino County; California","166324","51981",
"1400000US06071002708","Census Tract 27.08; San Bernardino County; California","143445","17831",
"1400000US06071002709","Census Tract 27.09; San Bernardino County; California","146853","27224",
"1400000US06071002801","Census Tract 28.01; San Bernardino County; California","88083","18084",
"1400000US06071002803","Census Tract 28.03; San Bernardino County; California","73458","6712",
"1400000US06071002804","Census Tract 28.04; San Bernardino County; California","59068","18706",
"1400000US06071002901","Census Tract 29.01; San Bernardino County; California","85019","20355",
"1400000US06071002902","Census Tract 29.02; San Bernardino County; California","80266","12377",
"1400000US06071003000","Census Tract 30; San Bernardino County; California","51912","42467",
"1400000US06071003101","Census Tract 31.01; San Bernardino County; California","83227","20910",
"1400000US06071003102","Census Tract 31.02; San Bernardino County; California","52843","15154",
"1400000US06071003201","Census Tract 32.01; San Bernardino County; California","89083","17435",
"1400000US06071003202","Census Tract 32.02; San Bernardino County; California","76132","6513",
"1400000US06071003301","Census Tract 33.01; San Bernardino County; California","76016","14343",
"1400000US06071003302","Census Tract 33.02; San Bernardino County; California","82713","5833",
"1400000US06071003401","Census Tract 34.01; San Bernardino County; California","83816","17820",
"1400000US06071003403","Census Tract 34.03; San Bernardino County; California","88494","5197",
"1400000US06071003404","Census Tract 34.04; San Bernardino County; California","72928","5814",
"1400000US06071003405","Census Tract 34.05; San Bernardino County; California","54702","23057",
"1400000US06071003503","Census Tract 35.03; San Bernardino County; California","98854","31281",
"1400000US06071003505","Census Tract 35.05; San Bernardino County; California","65500","17001",
"1400000US06071003506","Census Tract 35.06; San Bernardino County; California","80000","13762",
"1400000US06071003507","Census Tract 35.07; San Bernardino County; California","93357","26044",
"1400000US06071003509","Census Tract 35.09; San Bernardino County; California","71767","20499",
"1400000US06071003510","Census Tract 35.10; San Bernardino County; California","71326","27742",
"1400000US06071003603","Census Tract 36.03; San Bernardino County; California","95227","26915",
"1400000US06071003605","Census Tract 36.05; San Bernardino County; California","92026","4459",
"1400000US06071003606","Census Tract 36.06; San Bernardino County; California","93802","30140",
"1400000US06071003607","Census Tract 36.07; San Bernardino County; California","108667","20985",
"1400000US06071003609","Census Tract 36.09; San Bernardino County; California","74235","12440",
"1400000US06071003611","Census Tract 36.11; San Bernardino County; California","75625","15235",
"1400000US06071003612","Census Tract 36.12; San Bernardino County; California","84146","16913",
"1400000US06071003700","Census Tract 37; San Bernardino County; California","56333","7540",
"1400000US06071003801","Census Tract 38.01; San Bernardino County; California","114773","21195",
"1400000US06071003803","Census Tract 38.03; San Bernardino County; California","82983","35815",
"1400000US06071003804","Census Tract 38.04; San Bernardino County; California","101902","16433",
"1400000US06071003900","Census Tract 39; San Bernardino County; California","92613","26163",
"1400000US06071004001","Census Tract 40.01; San Bernardino County; California","82481","11663",
"1400000US06071004003","Census Tract 40.03; San Bernardino County; California","73750","21374",
"1400000US06071004004","Census Tract 40.04; San Bernardino County; California","103810","17534",
"1400000US06071004101","Census Tract 41.01; San Bernardino County; California","74172","14547",
"1400000US06071004103","Census Tract 41.03; San Bernardino County; California","48430","26635",
"1400000US06071004104","Census Tract 41.04; San Bernardino County; California","57463","20478",
"1400000US06071004201","Census Tract 42.01; San Bernardino County; California","64464","17275",
"1400000US06071004202","Census Tract 42.02; San Bernardino County; California","56791","15962",
"1400000US06071004301","Census Tract 43.01; San Bernardino County; California","75428","25600",
"1400000US06071004302","Census Tract 43.02; San Bernardino County; California","61250","15126",
"1400000US06071004401","Census Tract 44.01; San Bernardino County; California","76000","3947",
"1400000US06071004403","Census Tract 44.03; San Bernardino County; California","75577","24472",
"1400000US06071004404","Census Tract 44.04; San Bernardino County; California","71983","3729",
"1400000US06071004503","Census Tract 45.03; San Bernardino County; California","129922","34607",
"1400000US06071004505","Census Tract 45.05; San Bernardino County; California","73523","17228",
"1400000US06071004507","Census Tract 45.07; San Bernardino County; California","57063","19766",
"1400000US06071004509","Census Tract 45.09; San Bernardino County; California","73707","16617",
"1400000US06071004510","Census Tract 45.10; San Bernardino County; California","80191","20259",
"1400000US06071004511","Census Tract 45.11; San Bernardino County; California","115229","29068",
"1400000US06071004512","Census Tract 45.12; San Bernardino County; California","105278","14625",
"1400000US06071004601","Census Tract 46.01; San Bernardino County; California","69911","19983",
"1400000US06071004603","Census Tract 46.03; San Bernardino County; California","91155","10857",
"1400000US06071004604","Census Tract 46.04; San Bernardino County; California","61167","16135",
"1400000US06071004700","Census Tract 47; San Bernardino County; California","63727","12249",
"1400000US06071004800","Census Tract 48; San Bernardino County; California","68448","32162",
"1400000US06071004901","Census Tract 49.01; San Bernardino County; California","55372","10598",
"1400000US06071004902","Census Tract 49.02; San Bernardino County; California","53571","21795",
"1400000US06071005101","Census Tract 51.01; San Bernardino County; California","94229","9014",
"1400000US06071005102","Census Tract 51.02; San Bernardino County; California","82054","66535",
"1400000US06071005200","Census Tract 52; San Bernardino County; California","75557","15863",
"1400000US06071005300","Census Tract 53; San Bernardino County; California","53542","10337",
"1400000US06071005400","Census Tract 54; San Bernardino County; California","53447","11390",
"1400000US06071005501","Census Tract 55.01; San Bernardino County; California","-","**",
"1400000US06071005502","Census Tract 55.02; San Bernardino County; California","42770","13691",
"1400000US06071005601","Census Tract 56.01; San Bernardino County; California","56495","23285",
"1400000US06071005602","Census Tract 56.02; San Bernardino County; California","42342","22180",
"1400000US06071005701","Census Tract 57.01; San Bernardino County; California","56400","4811",
"1400000US06071005800","Census Tract 58; San Bernardino County; California","45184","12279",
"1400000US06071006101","Census Tract 61.01; San Bernardino County; California","80762","21092",
"1400000US06071006102","Census Tract 61.02; San Bernardino County; California","110839","9772",
"1400000US06071006201","Census Tract 62.01; San Bernardino County; California","82514","17552",
"1400000US06071006203","Census Tract 62.03; San Bernardino County; California","48088","16882",
"1400000US06071006204","Census Tract 62.04; San Bernardino County; California","42500","12279",
"1400000US06071006301","Census Tract 63.01; San Bernardino County; California","77083","18772",
"1400000US06071006303","Census Tract 63.03; San Bernardino County; California","47120","28601",
"1400000US06071006304","Census Tract 63.04; San Bernardino County; California","58378","22290",
"1400000US06071006401","Census Tract 64.01; San Bernardino County; California","39432","8773",
"1400000US06071006402","Census Tract 64.02; San Bernardino County; California","66356","6558",
"1400000US06071006501","Census Tract 65.01; San Bernardino County; California","40970","12328",
"1400000US06071006502","Census Tract 65.02; San Bernardino County; California","60089","18023",
"1400000US06071006601","Census Tract 66.01; San Bernardino County; California","73193","19417",
"1400000US06071006603","Census Tract 66.03; San Bernardino County; California","75574","10421",
"1400000US06071006604","Census Tract 66.04; San Bernardino County; California","75635","7393",
"1400000US06071006700","Census Tract 67; San Bernardino County; California","62540","12076",
"1400000US06071007001","Census Tract 70.01; San Bernardino County; California","54554","23029",
"1400000US06071007002","Census Tract 70.02; San Bernardino County; California","77091","16958",
"1400000US06071007104","Census Tract 71.04; San Bernardino County; California","126250","8994",
"1400000US06071007105","Census Tract 71.05; San Bernardino County; California","108802","19469",
"1400000US06071007106","Census Tract 71.06; San Bernardino County; California","95217","19154",
"1400000US06071007107","Census Tract 71.07; San Bernardino County; California","46685","36432",
"1400000US06071007108","Census Tract 71.08; San Bernardino County; California","73260","19099",
"1400000US06071007110","Census Tract 71.10; San Bernardino County; California","101989","21767",
"1400000US06071007111","Census Tract 71.11; San Bernardino County; California","77318","7519",
"1400000US06071007112","Census Tract 71.12; San Bernardino County; California","63438","10819",
"1400000US06071007201","Census Tract 72.01; San Bernardino County; California","80196","9133",
"1400000US06071007202","Census Tract 72.02; San Bernardino County; California","65375","20865",
"1400000US06071007303","Census Tract 73.03; San Bernardino County; California","75036","20328",
"1400000US06071007305","Census Tract 73.05; San Bernardino County; California","75986","15038",
"1400000US06071007306","Census Tract 73.06; San Bernardino County; California","122865","11247",
"1400000US06071007307","Census Tract 73.07; San Bernardino County; California","136474","51674",
"1400000US06071007308","Census Tract 73.08; San Bernardino County; California","121817","28469",
"1400000US06071007404","Census Tract 74.04; San Bernardino County; California","107216","23901",
"1400000US06071007407","Census Tract 74.07; San Bernardino County; California","63381","10236",
"1400000US06071007408","Census Tract 74.08; San Bernardino County; California","44688","14856",
"1400000US06071007409","Census Tract 74.09; San Bernardino County; California","78922","17050",
"1400000US06071007410","Census Tract 74.10; San Bernardino County; California","43794","3688",
"1400000US06071007411","Census Tract 74.11; San Bernardino County; California","125603","16425",
"1400000US06071007412","Census Tract 74.12; San Bernardino County; California","83533","17659",
"1400000US06071007603","Census Tract 76.03; San Bernardino County; California","58906","19880",
"1400000US06071007604","Census Tract 76.04; San Bernardino County; California","82137","16056",
"1400000US06071007605","Census Tract 76.05; San Bernardino County; California","39477","6968",
"1400000US06071007606","Census Tract 76.06; San Bernardino County; California","44516","4837",
"1400000US06071007800","Census Tract 78; San Bernardino County; California","96000","29184",
"1400000US06071007903","Census Tract 79.03; San Bernardino County; California","118464","15742",
"1400000US06071007904","Census Tract 79.04; San Bernardino County; California","179688","28144",
"1400000US06071007905","Census Tract 79.05; San Bernardino County; California","148509","22116",
"1400000US06071007906","Census Tract 79.06; San Bernardino County; California","168194","39683",
"1400000US06071008001","Census Tract 80.01; San Bernardino County; California","94087","13781",
"1400000US06071008003","Census Tract 80.03; San Bernardino County; California","60357","12435",
"1400000US06071008004","Census Tract 80.04; San Bernardino County; California","64549","6639",
"1400000US06071008100","Census Tract 81; San Bernardino County; California","60761","8378",
"1400000US06071008201","Census Tract 82.01; San Bernardino County; California","87895","12103",
"1400000US06071008202","Census Tract 82.02; San Bernardino County; California","110000","26557",
"1400000US06071008301","Census Tract 83.01; San Bernardino County; California","130754","7619",
"1400000US06071008302","Census Tract 83.02; San Bernardino County; California","200625","19172",
"1400000US06071008402","Census Tract 84.02; San Bernardino County; California","118920","7285",
"1400000US06071008403","Census Tract 84.03; San Bernardino County; California","121477","40098",
"1400000US06071008404","Census Tract 84.04; San Bernardino County; California","57154","13310",
"1400000US06071008405","Census Tract 84.05; San Bernardino County; California","132212","32147",
"1400000US06071008406","Census Tract 84.06; San Bernardino County; California","103835","20085",
"1400000US06071008501","Census Tract 85.01; San Bernardino County; California","174730","37947",
"1400000US06071008502","Census Tract 85.02; San Bernardino County; California","241202","50209",
"1400000US06071008601","Census Tract 86.01; San Bernardino County; California","101118","18706",
"1400000US06071008602","Census Tract 86.02; San Bernardino County; California","74018","34213",
"1400000US06071008705","Census Tract 87.05; San Bernardino County; California","79116","28040",
"1400000US06071008708","Census Tract 87.08; San Bernardino County; California","124375","29218",
"1400000US06071008709","Census Tract 87.09; San Bernardino County; California","75238","11058",
"1400000US06071008710","Census Tract 87.10; San Bernardino County; California","65165","15033",
"1400000US06071008711","Census Tract 87.11; San Bernardino County; California","155542","41801",
"1400000US06071008712","Census Tract 87.12; San Bernardino County; California","170197","15489",
"1400000US06071008713","Census Tract 87.13; San Bernardino County; California","120691","29782",
"1400000US06071008714","Census Tract 87.14; San Bernardino County; California","57238","29257",
"1400000US06071008715","Census Tract 87.15; San Bernardino County; California","153912","5434",
"1400000US06071008716","Census Tract 87.16; San Bernardino County; California","102400","29192",
"1400000US06071008800","Census Tract 88; San Bernardino County; California","96921","13485",
"1400000US06071008901","Census Tract 89.01; San Bernardino County; California","68279","7625",
"1400000US06071009109","Census Tract 91.09; San Bernardino County; California","85731","10747",
"1400000US06071009119","Census Tract 91.19; San Bernardino County; California","118713","24026",
"1400000US06071009120","Census Tract 91.20; San Bernardino County; California","65000","18922",
"1400000US06071009121","Census Tract 91.21; San Bernardino County; California","72483","70251",
"1400000US06071009122","Census Tract 91.22; San Bernardino County; California","84339","20543",
"1400000US06071009123","Census Tract 91.23; San Bernardino County; California","98733","24027",
"1400000US06071009124","Census Tract 91.24; San Bernardino County; California","80657","20681",
"1400000US06071009125","Census Tract 91.25; San Bernardino County; California","86026","22027",
"1400000US06071009126","Census Tract 91.26; San Bernardino County; California","95060","19158",
"1400000US06071009127","Census Tract 91.27; San Bernardino County; California","108848","43764",
"1400000US06071009128","Census Tract 91.28; San Bernardino County; California","78142","7841",
"1400000US06071009129","Census Tract 91.29; San Bernardino County; California","73558","15194",
"1400000US06071009130","Census Tract 91.30; San Bernardino County; California","91190","28242",
"1400000US06071009131","Census Tract 91.31; San Bernardino County; California","39889","14757",
"1400000US06071009132","Census Tract 91.32; San Bernardino County; California","47778","20081",
"1400000US06071009133","Census Tract 91.33; San Bernardino County; California","72574","12247",
"1400000US06071009134","Census Tract 91.34; San Bernardino County; California","59194","6193",
"1400000US06071009135","Census Tract 91.35; San Bernardino County; California","86442","25601",
"1400000US06071009136","Census Tract 91.36; San Bernardino County; California","73143","5541",
"1400000US06071009137","Census Tract 91.37; San Bernardino County; California","104931","9130",
"1400000US06071009138","Census Tract 91.38; San Bernardino County; California","82184","32812",
"1400000US06071009139","Census Tract 91.39; San Bernardino County; California","145613","62609",
"1400000US06071009201","Census Tract 92.01; San Bernardino County; California","85046","39306",
"1400000US06071009202","Census Tract 92.02; San Bernardino County; California","95250","23525",
"1400000US06071009300","Census Tract 93; San Bernardino County; California","147531","114271",
"1400000US06071009400","Census Tract 94; San Bernardino County; California","45045","16008",
"1400000US06071009501","Census Tract 95.01; San Bernardino County; California","52073","16764",
"1400000US06071009502","Census Tract 95.02; San Bernardino County; California","73332","6315",
"1400000US06071009708","Census Tract 97.08; San Bernardino County; California","72216","12736",
"1400000US06071009709","Census Tract 97.09; San Bernardino County; California","62702","11793",
"1400000US06071009712","Census Tract 97.12; San Bernardino County; California","50460","9104",
"1400000US06071009713","Census Tract 97.13; San Bernardino County; California","88368","21712",
"1400000US06071009714","Census Tract 97.14; San Bernardino County; California","88906","51365",
"1400000US06071009717","Census Tract 97.17; San Bernardino County; California","105074","22869",
"1400000US06071009718","Census Tract 97.18; San Bernardino County; California","72898","21065",
"1400000US06071009719","Census Tract 97.19; San Bernardino County; California","104674","37495",
"1400000US06071009720","Census Tract 97.20; San Bernardino County; California","60109","7499",
"1400000US06071009721","Census Tract 97.21; San Bernardino County; California","45070","10166",
"1400000US06071009722","Census Tract 97.22; San Bernardino County; California","72045","19020",
"1400000US06071009723","Census Tract 97.23; San Bernardino County; California","109471","17591",
"1400000US06071009724","Census Tract 97.24; San Bernardino County; California","110970","9136",
"1400000US06071009725","Census Tract 97.25; San Bernardino County; California","113500","29657",
"1400000US06071009726","Census Tract 97.26; San Bernardino County; California","63401","5491",
"1400000US06071009727","Census Tract 97.27; San Bernardino County; California","34189","9768",
"1400000US06071009800","Census Tract 98; San Bernardino County; California","40417","19232",
"1400000US06071009906","Census Tract 99.06; San Bernardino County; California","79830","20428",
"1400000US06071009908","Census Tract 99.08; San Bernardino County; California","70577","9799",
"1400000US06071009910","Census Tract 99.10; San Bernardino County; California","73563","12186",
"1400000US06071009911","Census Tract 99.11; San Bernardino County; California","79638","16960",
"1400000US06071009912","Census Tract 99.12; San Bernardino County; California","49661","13793",
"1400000US06071009913","Census Tract 99.13; San Bernardino County; California","55542","9865",
"1400000US06071009914","Census Tract 99.14; San Bernardino County; California","36607","30362",
"1400000US06071009915","Census Tract 99.15; San Bernardino County; California","91615","49059",
"1400000US06071009916","Census Tract 99.16; San Bernardino County; California","61493","8829",
"1400000US06071009917","Census Tract 99.17; San Bernardino County; California","57048","28256",
"1400000US06071009918","Census Tract 99.18; San Bernardino County; California","-","**",
"1400000US06071010009","Census Tract 100.09; San Bernardino County; California","93558","12905",
"1400000US06071010010","Census Tract 100.10; San Bernardino County; California","54279","15747",
"1400000US06071010011","Census Tract 100.11; San Bernardino County; California","79013","21222",
"1400000US06071010012","Census Tract 100.12; San Bernardino County; California","67705","10360",
"1400000US06071010014","Census Tract 100.14; San Bernardino County; California","50804","11496",
"1400000US06071010015","Census Tract 100.15; San Bernardino County; California","84495","5088",
"1400000US06071010016","Census Tract 100.16; San Bernardino County; California","79808","21058",
"1400000US06071010019","Census Tract 100.19; San Bernardino County; California","65474","9983",
"1400000US06071010021","Census Tract 100.21; San Bernardino County; California","95203","9903",
"1400000US06071010022","Census Tract 100.22; San Bernardino County; California","76726","48519",
"1400000US06071010023","Census Tract 100.23; San Bernardino County; California","83191","19079",
"1400000US06071010024","Census Tract 100.24; San Bernardino County; California","65450","20126",
"1400000US06071010027","Census Tract 100.27; San Bernardino County; California","90653","23400",
"1400000US06071010028","Census Tract 100.28; San Bernardino County; California","74327","32885",
"1400000US06071010029","Census Tract 100.29; San Bernardino County; California","71936","35641",
"1400000US06071010030","Census Tract 100.30; San Bernardino County; California","86615","32434",
"1400000US06071010031","Census Tract 100.31; San Bernardino County; California","106250","20575",
"1400000US06071010032","Census Tract 100.32; San Bernardino County; California","68431","19091",
"1400000US06071010033","Census Tract 100.33; San Bernardino County; California","24625","11496",
"1400000US06071010034","Census Tract 100.34; San Bernardino County; California","119107","75978",
"1400000US06071010035","Census Tract 100.35; San Bernardino County; California","46350","26623",
"1400000US06071010036","Census Tract 100.36; San Bernardino County; California","67397","44905",
"1400000US06071010037","Census Tract 100.37; San Bernardino County; California","73821","25983",
"1400000US06071010038","Census Tract 100.38; San Bernardino County; California","64844","25158",
"1400000US06071010039","Census Tract 100.39; San Bernardino County; California","104183","26987",
"1400000US06071010040","Census Tract 100.40; San Bernardino County; California","158910","52682",
"1400000US06071010041","Census Tract 100.41; San Bernardino County; California","100717","19441",
"1400000US06071010042","Census Tract 100.42; San Bernardino County; California","107250","30221",
"1400000US06071010300","Census Tract 103; San Bernardino County; California","67604","15552",
"1400000US06071010402","Census Tract 104.02; San Bernardino County; California","59811","13478",
"1400000US06071010410","Census Tract 104.10; San Bernardino County; California","71042","33830",
"1400000US06071010413","Census Tract 104.13; San Bernardino County; California","67212","34724",
"1400000US06071010415","Census Tract 104.15; San Bernardino County; California","71250","27029",
"1400000US06071010417","Census Tract 104.17; San Bernardino County; California","55393","9881",
"1400000US06071010419","Census Tract 104.19; San Bernardino County; California","93739","10904",
"1400000US06071010420","Census Tract 104.20; San Bernardino County; California","51389","39583",
"1400000US06071010422","Census Tract 104.22; San Bernardino County; California","58900","14994",
"1400000US06071010424","Census Tract 104.24; San Bernardino County; California","80060","18728",
"1400000US06071010425","Census Tract 104.25; San Bernardino County; California","-","**",
"1400000US06071010426","Census Tract 104.26; San Bernardino County; California","64844","21240",
"1400000US06071010427","Census Tract 104.27; San Bernardino County; California","59615","26934",
"1400000US06071010428","Census Tract 104.28; San Bernardino County; California","60729","18111",
"1400000US06071010429","Census Tract 104.29; San Bernardino County; California","71679","20249",
"1400000US06071010430","Census Tract 104.30; San Bernardino County; California","110173","37283",
"1400000US06071010431","Census Tract 104.31; San Bernardino County; California","73393","4652",
"1400000US06071010432","Census Tract 104.32; San Bernardino County; California","120341","59337",
"1400000US06071010433","Census Tract 104.33; San Bernardino County; California","42074","8873",
"1400000US06071010434","Census Tract 104.34; San Bernardino County; California","49358","31112",
"1400000US06071010435","Census Tract 104.35; San Bernardino County; California","40147","6672",
"1400000US06071010436","Census Tract 104.36; San Bernardino County; California","46458","14222",
"1400000US06071010700","Census Tract 107; San Bernardino County; California","40231","19627",
"1400000US06071010803","Census Tract 108.03; San Bernardino County; California","91227","15103",
"1400000US06071010804","Census Tract 108.04; San Bernardino County; California","87317","9907",
"1400000US06071010805","Census Tract 108.05; San Bernardino County; California","-","**",
"1400000US06071010806","Census Tract 108.06; San Bernardino County; California","90720","21076",
"1400000US06071010903","Census Tract 109.03; San Bernardino County; California","123661","38937",
"1400000US06071010904","Census Tract 109.04; San Bernardino County; California","84754","36138",
"1400000US06071010905","Census Tract 109.05; San Bernardino County; California","104926","33246",
"1400000US06071010906","Census Tract 109.06; San Bernardino County; California","-","**",
"1400000US06071011002","Census Tract 110.02; San Bernardino County; California","107778","47854",
"1400000US06071011003","Census Tract 110.03; San Bernardino County; California","94602","14062",
"1400000US06071011004","Census Tract 110.04; San Bernardino County; California","86397","21908",
"1400000US06071011101","Census Tract 111.01; San Bernardino County; California","116765","51348",
"1400000US06071011102","Census Tract 111.02; San Bernardino County; California","56250","32372",
"1400000US06071011203","Census Tract 112.03; San Bernardino County; California","97292","33124",
"1400000US06071011204","Census Tract 112.04; San Bernardino County; California","152244","46576",
"1400000US06071011205","Census Tract 112.05; San Bernardino County; California","51645","45755",
"1400000US06071011206","Census Tract 112.06; San Bernardino County; California","64800","37305",
"1400000US06071011300","Census Tract 113; San Bernardino County; California","92596","49294",
"1400000US06071011404","Census Tract 114.04; San Bernardino County; California","93167","28062",
"1400000US06071011405","Census Tract 114.05; San Bernardino County; California","108714","11388",
"1400000US06071011406","Census Tract 114.06; San Bernardino County; California","81046","9407",
"1400000US06071011407","Census Tract 114.07; San Bernardino County; California","120163","74537",
"1400000US06071011408","Census Tract 114.08; San Bernardino County; California","42083","34082",
"1400000US06071011500","Census Tract 115; San Bernardino County; California","90000","20224",
"1400000US06071011601","Census Tract 116.01; San Bernardino County; California","112952","26706",
"1400000US06071011602","Census Tract 116.02; San Bernardino County; California","91278","24320",
"1400000US06071011700","Census Tract 117; San Bernardino County; California","60673","23931",
"1400000US06071011801","Census Tract 118.01; San Bernardino County; California","102635","54346",
"1400000US06071011802","Census Tract 118.02; San Bernardino County; California","76875","16089",
"1400000US06071011900","Census Tract 119; San Bernardino County; California","84205","52021",
"1400000US06071012001","Census Tract 120.01; San Bernardino County; California","82176","14784",
"1400000US06071012002","Census Tract 120.02; San Bernardino County; California","68932","13808",
"1400000US06071012101","Census Tract 121.01; San Bernardino County; California","71813","43208",
"1400000US06071012103","Census Tract 121.03; San Bernardino County; California","37813","18247",
"1400000US06071012105","Census Tract 121.05; San Bernardino County; California","88636","28940",
"1400000US06071012106","Census Tract 121.06; San Bernardino County; California","58151","13078",
"1400000US06071012201","Census Tract 122.01; San Bernardino County; California","122267","20817",
"1400000US06071012202","Census Tract 122.02; San Bernardino County; California","-","**",
"1400000US06071012300","Census Tract 123; San Bernardino County; California","-","**",
"1400000US06071012400","Census Tract 124; San Bernardino County; California","79740","20768",
"1400000US06071012500","Census Tract 125; San Bernardino County; California","82439","27848",
"1400000US06071012700","Census Tract 127; San Bernardino County; California","107454","22853",
"1400000US06071025000","Census Tract 250; San Bernardino County; California","67313","11038",
"1400000US06071025100","Census Tract 251; San Bernardino County; California","63750","18684",
"1400000US06071940100","Census Tract 9401; San Bernardino County; California","56050","10433",
"1400000US06071980100","Census Tract 9801; San Bernardino County; California","-","**",
"1400000US06071980200","Census Tract 9802; San Bernardino County; California","-","**",
"1400000US06073000100","Census Tract 1; San Diego County; California","250,000+","***",
"1400000US06073000201","Census Tract 2.01; San Diego County; California","189514","24366",
"1400000US06073000202","Census Tract 2.02; San Diego County; California","150000","40188",
"1400000US06073000301","Census Tract 3.01; San Diego County; California","118828","38298",
"1400000US06073000302","Census Tract 3.02; San Diego County; California","247788","84268",
"1400000US06073000400","Census Tract 4; San Diego County; California","111840","43047",
"1400000US06073000500","Census Tract 5; San Diego County; California","163162","15306",
"1400000US06073000600","Census Tract 6; San Diego County; California","102826","14514",
"1400000US06073000700","Census Tract 7; San Diego County; California","117473","19744",
"1400000US06073000800","Census Tract 8; San Diego County; California","144665","51724",
"1400000US06073000901","Census Tract 9.01; San Diego County; California","132024","55327",
"1400000US06073000902","Census Tract 9.02; San Diego County; California","121167","50744",
"1400000US06073001000","Census Tract 10; San Diego County; California","91250","26704",
"1400000US06073001100","Census Tract 11; San Diego County; California","114338","40026",
"1400000US06073001201","Census Tract 12.01; San Diego County; California","80000","41299",
"1400000US06073001202","Census Tract 12.02; San Diego County; California","73019","17210",
"1400000US06073001301","Census Tract 13.01; San Diego County; California","107106","40004",
"1400000US06073001302","Census Tract 13.02; San Diego County; California","89141","67973",
"1400000US06073001400","Census Tract 14; San Diego County; California","139700","34596",
"1400000US06073001500","Census Tract 15; San Diego County; California","119259","28506",
"1400000US06073001600","Census Tract 16; San Diego County; California","63779","25008",
"1400000US06073001700","Census Tract 17; San Diego County; California","97500","18182",
"1400000US06073001801","Census Tract 18.01; San Diego County; California","83214","30379",
"1400000US06073001802","Census Tract 18.02; San Diego County; California","119688","29390",
"1400000US06073001900","Census Tract 19; San Diego County; California","132250","46139",
"1400000US06073002001","Census Tract 20.01; San Diego County; California","240227","72429",
"1400000US06073002002","Census Tract 20.02; San Diego County; California","205938","57948",
"1400000US06073002100","Census Tract 21; San Diego County; California","126469","38305",
"1400000US06073002201","Census Tract 22.01; San Diego County; California","70385","56259",
"1400000US06073002202","Census Tract 22.02; San Diego County; California","59847","10982",
"1400000US06073002301","Census Tract 23.01; San Diego County; California","76004","18559",
"1400000US06073002302","Census Tract 23.02; San Diego County; California","64018","19136",
"1400000US06073002401","Census Tract 24.01; San Diego County; California","72734","27180",
"1400000US06073002402","Census Tract 24.02; San Diego County; California","51250","6682",
"1400000US06073002501","Census Tract 25.01; San Diego County; California","77042","24811",
"1400000US06073002502","Census Tract 25.02; San Diego County; California","99781","16417",
"1400000US06073002601","Census Tract 26.01; San Diego County; California","58136","16852",
"1400000US06073002602","Census Tract 26.02; San Diego County; California","71477","28223",
"1400000US06073002702","Census Tract 27.02; San Diego County; California","73500","26602",
"1400000US06073002703","Census Tract 27.03; San Diego County; California","81353","12086",
"1400000US06073002705","Census Tract 27.05; San Diego County; California","96406","37079",
"1400000US06073002707","Census Tract 27.07; San Diego County; California","42250","13929",
"1400000US06073002708","Census Tract 27.08; San Diego County; California","48242","6384",
"1400000US06073002709","Census Tract 27.09; San Diego County; California","59239","28973",
"1400000US06073002710","Census Tract 27.10; San Diego County; California","57727","19844",
"1400000US06073002711","Census Tract 27.11; San Diego County; California","81224","8045",
"1400000US06073002712","Census Tract 27.12; San Diego County; California","67344","20569",
"1400000US06073002801","Census Tract 28.01; San Diego County; California","182045","50390",
"1400000US06073002803","Census Tract 28.03; San Diego County; California","85625","31070",
"1400000US06073002804","Census Tract 28.04; San Diego County; California","141063","32994",
"1400000US06073002902","Census Tract 29.02; San Diego County; California","107371","20701",
"1400000US06073002903","Census Tract 29.03; San Diego County; California","94106","14503",
"1400000US06073002904","Census Tract 29.04; San Diego County; California","101944","66317",
"1400000US06073002905","Census Tract 29.05; San Diego County; California","79800","18088",
"1400000US06073003001","Census Tract 30.01; San Diego County; California","99459","28607",
"1400000US06073003003","Census Tract 30.03; San Diego County; California","82791","14319",
"1400000US06073003004","Census Tract 30.04; San Diego County; California","64464","12036",
"1400000US06073003101","Census Tract 31.01; San Diego County; California","105244","39087",
"1400000US06073003103","Census Tract 31.03; San Diego County; California","112024","23490",
"1400000US06073003105","Census Tract 31.05; San Diego County; California","109583","26666",
"1400000US06073003107","Census Tract 31.07; San Diego County; California","106602","7572",
"1400000US06073003108","Census Tract 31.08; San Diego County; California","112740","26235",
"1400000US06073003109","Census Tract 31.09; San Diego County; California","123103","12416",
"1400000US06073003111","Census Tract 31.11; San Diego County; California","80151","18248",
"1400000US06073003112","Census Tract 31.12; San Diego County; California","86851","10238",
"1400000US06073003113","Census Tract 31.13; San Diego County; California","120589","11184",
"1400000US06073003114","Census Tract 31.14; San Diego County; California","110363","4653",
"1400000US06073003115","Census Tract 31.15; San Diego County; California","94375","22593",
"1400000US06073003201","Census Tract 32.01; San Diego County; California","97140","11846",
"1400000US06073003202","Census Tract 32.02; San Diego County; California","92450","38027",
"1400000US06073003204","Census Tract 32.04; San Diego County; California","129282","27726",
"1400000US06073003207","Census Tract 32.07; San Diego County; California","118727","24141",
"1400000US06073003208","Census Tract 32.08; San Diego County; California","85934","14677",
"1400000US06073003209","Census Tract 32.09; San Diego County; California","85077","14284",
"1400000US06073003211","Census Tract 32.11; San Diego County; California","96875","11346",
"1400000US06073003212","Census Tract 32.12; San Diego County; California","111250","27173",
"1400000US06073003213","Census Tract 32.13; San Diego County; California","126336","11876",
"1400000US06073003214","Census Tract 32.14; San Diego County; California","89514","10749",
"1400000US06073003301","Census Tract 33.01; San Diego County; California","67891","15353",
"1400000US06073003303","Census Tract 33.03; San Diego County; California","61653","22066",
"1400000US06073003304","Census Tract 33.04; San Diego County; California","57757","12126",
"1400000US06073003305","Census Tract 33.05; San Diego County; California","65727","13436",
"1400000US06073003401","Census Tract 34.01; San Diego County; California","80538","16215",
"1400000US06073003403","Census Tract 34.03; San Diego County; California","61220","13071",
"1400000US06073003404","Census Tract 34.04; San Diego County; California","75875","14043",
"1400000US06073003501","Census Tract 35.01; San Diego County; California","77639","35224",
"1400000US06073003502","Census Tract 35.02; San Diego County; California","51923","38045",
"1400000US06073003601","Census Tract 36.01; San Diego County; California","83125","20865",
"1400000US06073003602","Census Tract 36.02; San Diego County; California","63889","9988",
"1400000US06073003603","Census Tract 36.03; San Diego County; California","62586","11188",
"1400000US06073003800","Census Tract 38; San Diego County; California","-","**",
"1400000US06073003901","Census Tract 39.01; San Diego County; California","62383","10960",
"1400000US06073003902","Census Tract 39.02; San Diego County; California","54730","14252",
"1400000US06073004000","Census Tract 40; San Diego County; California","52375","20131",
"1400000US06073004101","Census Tract 41.01; San Diego County; California","105000","45699",
"1400000US06073004102","Census Tract 41.02; San Diego County; California","-","**",
"1400000US06073004200","Census Tract 42; San Diego County; California","144943","47261",
"1400000US06073004300","Census Tract 43; San Diego County; California","143026","44532",
"1400000US06073004400","Census Tract 44; San Diego County; California","150313","24383",
"1400000US06073004501","Census Tract 45.01; San Diego County; California","75769","32418",
"1400000US06073004600","Census Tract 46; San Diego County; California","78196","3925",
"1400000US06073004700","Census Tract 47; San Diego County; California","83750","42648",
"1400000US06073004800","Census Tract 48; San Diego County; California","61957","13099",
"1400000US06073004900","Census Tract 49; San Diego County; California","57855","16073",
"1400000US06073005000","Census Tract 50; San Diego County; California","56250","28786",
"1400000US06073005101","Census Tract 51.01; San Diego County; California","61811","2007",
"1400000US06073005102","Census Tract 51.02; San Diego County; California","131792","111581",
"1400000US06073005103","Census Tract 51.03; San Diego County; California","80556","58491",
"1400000US06073005201","Census Tract 52.01; San Diego County; California","112261","21690",
"1400000US06073005202","Census Tract 52.02; San Diego County; California","124828","40027",
"1400000US06073005301","Census Tract 53.01; San Diego County; California","90475","52867",
"1400000US06073005302","Census Tract 53.02; San Diego County; California","139904","97918",
"1400000US06073005401","Census Tract 54.01; San Diego County; California","186827","88246",
"1400000US06073005402","Census Tract 54.02; San Diego County; California","165726","73923",
"1400000US06073005403","Census Tract 54.03; San Diego County; California","159832","63112",
"1400000US06073005500","Census Tract 55; San Diego County; California","-","**",
"1400000US06073005601","Census Tract 56.01; San Diego County; California","-","**",
"1400000US06073005602","Census Tract 56.02; San Diego County; California","220292","109407",
"1400000US06073005700","Census Tract 57; San Diego County; California","108542","70963",
"1400000US06073005801","Census Tract 58.01; San Diego County; California","193750","51973",
"1400000US06073005802","Census Tract 58.02; San Diego County; California","151467","10946",
"1400000US06073005900","Census Tract 59; San Diego County; California","153942","40103",
"1400000US06073006000","Census Tract 60; San Diego County; California","149871","31232",
"1400000US06073006100","Census Tract 61; San Diego County; California","106364","23450",
"1400000US06073006200","Census Tract 62; San Diego County; California","-","**",
"1400000US06073006300","Census Tract 63; San Diego County; California","-","**",
"1400000US06073006500","Census Tract 65; San Diego County; California","114841","36685",
"1400000US06073006600","Census Tract 66; San Diego County; California","94408","32253",
"1400000US06073006801","Census Tract 68.01; San Diego County; California","102778","28343",
"1400000US06073006802","Census Tract 68.02; San Diego County; California","106061","25258",
"1400000US06073006900","Census Tract 69; San Diego County; California","141168","13170",
"1400000US06073007002","Census Tract 70.02; San Diego County; California","231667","25741",
"1400000US06073007100","Census Tract 71; San Diego County; California","188462","37062",
"1400000US06073007200","Census Tract 72; San Diego County; California","203250","54472",
"1400000US06073007302","Census Tract 73.02; San Diego County; California","195294","34853",
"1400000US06073007303","Census Tract 73.03; San Diego County; California","173438","72981",
"1400000US06073007304","Census Tract 73.04; San Diego County; California","113143","14227",
"1400000US06073007401","Census Tract 74.01; San Diego County; California","93846","63621",
"1400000US06073007402","Census Tract 74.02; San Diego County; California","130884","55073",
"1400000US06073007501","Census Tract 75.01; San Diego County; California","134357","33887",
"1400000US06073007502","Census Tract 75.02; San Diego County; California","121449","17956",
"1400000US06073007601","Census Tract 76.01; San Diego County; California","142163","33967",
"1400000US06073007602","Census Tract 76.02; San Diego County; California","148214","78714",
"1400000US06073007701","Census Tract 77.01; San Diego County; California","176375","83464",
"1400000US06073007702","Census Tract 77.02; San Diego County; California","175586","36704",
"1400000US06073007800","Census Tract 78; San Diego County; California","119415","18273",
"1400000US06073007905","Census Tract 79.05; San Diego County; California","96917","56245",
"1400000US06073007907","Census Tract 79.07; San Diego County; California","128750","18505",
"1400000US06073007908","Census Tract 79.08; San Diego County; California","83813","42291",
"1400000US06073007910","Census Tract 79.10; San Diego County; California","88882","73670",
"1400000US06073007911","Census Tract 79.11; San Diego County; California","133558","48364",
"1400000US06073007912","Census Tract 79.12; San Diego County; California","151151","40012",
"1400000US06073008002","Census Tract 80.02; San Diego County; California","200640","31940",
"1400000US06073008003","Census Tract 80.03; San Diego County; California","178494","40358",
"1400000US06073008006","Census Tract 80.06; San Diego County; California","145156","45920",
"1400000US06073008101","Census Tract 81.01; San Diego County; California","141875","65464",
"1400000US06073008102","Census Tract 81.02; San Diego County; California","224196","52278",
"1400000US06073008201","Census Tract 82.01; San Diego County; California","250,000+","***",
"1400000US06073008202","Census Tract 82.02; San Diego County; California","179868","42922",
"1400000US06073008301","Census Tract 83.01; San Diego County; California","229643","60060",
"1400000US06073008303","Census Tract 83.03; San Diego County; California","250,000+","***",
"1400000US06073008305","Census Tract 83.05; San Diego County; California","-","**",
"1400000US06073008306","Census Tract 83.06; San Diego County; California","250,000+","***",
"1400000US06073008307","Census Tract 83.07; San Diego County; California","186696","26645",
"1400000US06073008310","Census Tract 83.10; San Diego County; California","191759","30054",
"1400000US06073008311","Census Tract 83.11; San Diego County; California","250,000+","***",
"1400000US06073008312","Census Tract 83.12; San Diego County; California","198750","61126",
"1400000US06073008313","Census Tract 83.13; San Diego County; California","250,000+","***",
"1400000US06073008324","Census Tract 83.24; San Diego County; California","222056","43128",
"1400000US06073008327","Census Tract 83.27; San Diego County; California","201250","64565",
"1400000US06073008328","Census Tract 83.28; San Diego County; California","250,000+","***",
"1400000US06073008330","Census Tract 83.30; San Diego County; California","195000","54643",
"1400000US06073008331","Census Tract 83.31; San Diego County; California","250,000+","***",
"1400000US06073008336","Census Tract 83.36; San Diego County; California","204545","28865",
"1400000US06073008337","Census Tract 83.37; San Diego County; California","180826","5788",
"1400000US06073008339","Census Tract 83.39; San Diego County; California","110000","69342",
"1400000US06073008343","Census Tract 83.43; San Diego County; California","127656","20118",
"1400000US06073008344","Census Tract 83.44; San Diego County; California","190781","47176",
"1400000US06073008345","Census Tract 83.45; San Diego County; California","115000","57608",
"1400000US06073008346","Census Tract 83.46; San Diego County; California","185278","17762",
"1400000US06073008347","Census Tract 83.47; San Diego County; California","151176","20020",
"1400000US06073008348","Census Tract 83.48; San Diego County; California","156007","29642",
"1400000US06073008349","Census Tract 83.49; San Diego County; California","156125","43288",
"1400000US06073008350","Census Tract 83.50; San Diego County; California","120402","18587",
"1400000US06073008351","Census Tract 83.51; San Diego County; California","138500","40333",
"1400000US06073008352","Census Tract 83.52; San Diego County; California","123516","21772",
"1400000US06073008353","Census Tract 83.53; San Diego County; California","151743","36513",
"1400000US06073008355","Census Tract 83.55; San Diego County; California","152821","11879",
"1400000US06073008356","Census Tract 83.56; San Diego County; California","141136","36152",
"1400000US06073008357","Census Tract 83.57; San Diego County; California","119063","15242",
"1400000US06073008358","Census Tract 83.58; San Diego County; California","121066","13380",
"1400000US06073008359","Census Tract 83.59; San Diego County; California","85506","17564",
"1400000US06073008360","Census Tract 83.60; San Diego County; California","93925","27624",
"1400000US06073008361","Census Tract 83.61; San Diego County; California","127639","41898",
"1400000US06073008362","Census Tract 83.62; San Diego County; California","143906","21914",
"1400000US06073008363","Census Tract 83.63; San Diego County; California","71023","25395",
"1400000US06073008364","Census Tract 83.64; San Diego County; California","142731","29358",
"1400000US06073008365","Census Tract 83.65; San Diego County; California","208923","16873",
"1400000US06073008366","Census Tract 83.66; San Diego County; California","243607","38860",
"1400000US06073008367","Census Tract 83.67; San Diego County; California","115769","48281",
"1400000US06073008368","Census Tract 83.68; San Diego County; California","212455","27867",
"1400000US06073008369","Census Tract 83.69; San Diego County; California","174883","164617",
"1400000US06073008370","Census Tract 83.70; San Diego County; California","186500","37903",
"1400000US06073008371","Census Tract 83.71; San Diego County; California","182500","79819",
"1400000US06073008372","Census Tract 83.72; San Diego County; California","250,000+","***",
"1400000US06073008373","Census Tract 83.73; San Diego County; California","227644","58221",
"1400000US06073008374","Census Tract 83.74; San Diego County; California","250,000+","***",
"1400000US06073008375","Census Tract 83.75; San Diego County; California","185250","81717",
"1400000US06073008376","Census Tract 83.76; San Diego County; California","138167","43301",
"1400000US06073008377","Census Tract 83.77; San Diego County; California","120769","35017",
"1400000US06073008378","Census Tract 83.78; San Diego County; California","157000","11670",
"1400000US06073008379","Census Tract 83.79; San Diego County; California","146768","40435",
"1400000US06073008380","Census Tract 83.80; San Diego County; California","110078","49318",
"1400000US06073008381","Census Tract 83.81; San Diego County; California","153589","39930",
"1400000US06073008501","Census Tract 85.01; San Diego County; California","144722","31198",
"1400000US06073008502","Census Tract 85.02; San Diego County; California","118207","29199",
"1400000US06073008503","Census Tract 85.03; San Diego County; California","149491","45407",
"1400000US06073008504","Census Tract 85.04; San Diego County; California","141907","14561",
"1400000US06073008505","Census Tract 85.05; San Diego County; California","103348","42031",
"1400000US06073008506","Census Tract 85.06; San Diego County; California","127727","13241",
"1400000US06073008507","Census Tract 85.07; San Diego County; California","96375","24624",
"1400000US06073008509","Census Tract 85.09; San Diego County; California","144545","18462",
"1400000US06073008510","Census Tract 85.10; San Diego County; California","104591","13487",
"1400000US06073008511","Census Tract 85.11; San Diego County; California","139074","11106",
"1400000US06073008512","Census Tract 85.12; San Diego County; California","129625","49144",
"1400000US06073008513","Census Tract 85.13; San Diego County; California","147917","26430",
"1400000US06073008600","Census Tract 86; San Diego County; California","69300","15725",
"1400000US06073008701","Census Tract 87.01; San Diego County; California","103561","19654",
"1400000US06073008702","Census Tract 87.02; San Diego County; California","130563","39826",
"1400000US06073008800","Census Tract 88; San Diego County; California","75031","18467",
"1400000US06073008901","Census Tract 89.01; San Diego County; California","103038","11876",
"1400000US06073008902","Census Tract 89.02; San Diego County; California","121078","40519",
"1400000US06073009000","Census Tract 90; San Diego County; California","118750","28351",
"1400000US06073009101","Census Tract 91.01; San Diego County; California","107456","42260",
"1400000US06073009102","Census Tract 91.02; San Diego County; California","73333","17571",
"1400000US06073009103","Census Tract 91.03; San Diego County; California","171700","13098",
"1400000US06073009104","Census Tract 91.04; San Diego County; California","147759","31876",
"1400000US06073009107","Census Tract 91.07; San Diego County; California","106571","27711",
"1400000US06073009108","Census Tract 91.08; San Diego County; California","111932","55864",
"1400000US06073009109","Census Tract 91.09; San Diego County; California","-","**",
"1400000US06073009201","Census Tract 92.01; San Diego County; California","84196","48096",
"1400000US06073009203","Census Tract 92.03; San Diego County; California","169474","47108",
"1400000US06073009204","Census Tract 92.04; San Diego County; California","215926","83208",
"1400000US06073009301","Census Tract 93.01; San Diego County; California","113675","5818",
"1400000US06073009305","Census Tract 93.05; San Diego County; California","129706","23825",
"1400000US06073009306","Census Tract 93.06; San Diego County; California","130380","36772",
"1400000US06073009307","Census Tract 93.07; San Diego County; California","115675","12421",
"1400000US06073009308","Census Tract 93.08; San Diego County; California","101734","39498",
"1400000US06073009400","Census Tract 94; San Diego County; California","90787","10883",
"1400000US06073009502","Census Tract 95.02; San Diego County; California","153644","29952",
"1400000US06073009504","Census Tract 95.04; San Diego County; California","250,000+","***",
"1400000US06073009505","Census Tract 95.05; San Diego County; California","124850","58835",
"1400000US06073009506","Census Tract 95.06; San Diego County; California","163500","16833",
"1400000US06073009507","Census Tract 95.07; San Diego County; California","116458","40050",
"1400000US06073009509","Census Tract 95.09; San Diego County; California","125941","25254",
"1400000US06073009510","Census Tract 95.10; San Diego County; California","58100","17073",
"1400000US06073009511","Census Tract 95.11; San Diego County; California","68798","15137",
"1400000US06073009602","Census Tract 96.02; San Diego County; California","188466","25224",
"1400000US06073009603","Census Tract 96.03; San Diego County; California","63339","12973",
"1400000US06073009604","Census Tract 96.04; San Diego County; California","108125","58010",
"1400000US06073009703","Census Tract 97.03; San Diego County; California","148036","26093",
"1400000US06073009704","Census Tract 97.04; San Diego County; California","126731","26762",
"1400000US06073009705","Census Tract 97.05; San Diego County; California","169120","49096",
"1400000US06073009706","Census Tract 97.06; San Diego County; California","184259","47447",
"1400000US06073009801","Census Tract 98.01; San Diego County; California","173220","21021",
"1400000US06073009802","Census Tract 98.02; San Diego County; California","115020","27562",
"1400000US06073009804","Census Tract 98.04; San Diego County; California","164031","15171",
"1400000US06073009805","Census Tract 98.05; San Diego County; California","141359","24193",
"1400000US06073009901","Census Tract 99.01; San Diego County; California","-","**",
"1400000US06073009902","Census Tract 99.02; San Diego County; California","-","**",
"1400000US06073010001","Census Tract 100.01; San Diego County; California","112639","23019",
"1400000US06073010003","Census Tract 100.03; San Diego County; California","104574","13689",
"1400000US06073010004","Census Tract 100.04; San Diego County; California","110357","29711",
"1400000US06073010005","Census Tract 100.05; San Diego County; California","61406","28596",
"1400000US06073010009","Census Tract 100.09; San Diego County; California","92533","13707",
"1400000US06073010010","Census Tract 100.10; San Diego County; California","80927","17595",
"1400000US06073010011","Census Tract 100.11; San Diego County; California","118594","23553",
"1400000US06073010012","Census Tract 100.12; San Diego County; California","90804","31315",
"1400000US06073010013","Census Tract 100.13; San Diego County; California","75223","13116",
"1400000US06073010015","Census Tract 100.15; San Diego County; California","136444","17360",
"1400000US06073010016","Census Tract 100.16; San Diego County; California","-","**",
"1400000US06073010017","Census Tract 100.17; San Diego County; California","108076","11707",
"1400000US06073010018","Census Tract 100.18; San Diego County; California","141921","28892",
"1400000US06073010019","Census Tract 100.19; San Diego County; California","133654","8040",
"1400000US06073010103","Census Tract 101.03; San Diego County; California","64255","12004",
"1400000US06073010104","Census Tract 101.04; San Diego County; California","125625","51887",
"1400000US06073010106","Census Tract 101.06; San Diego County; California","51486","25196",
"1400000US06073010107","Census Tract 101.07; San Diego County; California","90068","21352",
"1400000US06073010109","Census Tract 101.09; San Diego County; California","103433","9607",
"1400000US06073010110","Census Tract 101.10; San Diego County; California","65377","16174",
"1400000US06073010111","Census Tract 101.11; San Diego County; California","64261","24457",
"1400000US06073010112","Census Tract 101.12; San Diego County; California","59539","19172",
"1400000US06073010201","Census Tract 102.01; San Diego County; California","114091","14747",
"1400000US06073010202","Census Tract 102.02; San Diego County; California","120125","52318",
"1400000US06073010300","Census Tract 103; San Diego County; California","97802","21226",
"1400000US06073010401","Census Tract 104.01; San Diego County; California","96333","19433",
"1400000US06073010402","Census Tract 104.02; San Diego County; California","62740","14531",
"1400000US06073010501","Census Tract 105.01; San Diego County; California","124643","24627",
"1400000US06073010502","Census Tract 105.02; San Diego County; California","56506","20008",
"1400000US06073010601","Census Tract 106.01; San Diego County; California","209438","65730",
"1400000US06073010800","Census Tract 108; San Diego County; California","130000","23285",
"1400000US06073010900","Census Tract 109; San Diego County; California","198571","40727",
"1400000US06073011000","Census Tract 110; San Diego County; California","155750","55976",
"1400000US06073011100","Census Tract 111; San Diego County; California","144836","27884",
"1400000US06073011300","Census Tract 113; San Diego County; California","155114","102391",
"1400000US06073011601","Census Tract 116.01; San Diego County; California","66746","9400",
"1400000US06073011602","Census Tract 116.02; San Diego County; California","61201","9466",
"1400000US06073011700","Census Tract 117; San Diego County; California","60845","12870",
"1400000US06073011801","Census Tract 118.01; San Diego County; California","65833","30686",
"1400000US06073011802","Census Tract 118.02; San Diego County; California","57700","14256",
"1400000US06073011902","Census Tract 119.02; San Diego County; California","96081","11761",
"1400000US06073012002","Census Tract 120.02; San Diego County; California","59828","9446",
"1400000US06073012003","Census Tract 120.03; San Diego County; California","87250","22348",
"1400000US06073012101","Census Tract 121.01; San Diego County; California","106895","32437",
"1400000US06073012102","Census Tract 121.02; San Diego County; California","73182","15148",
"1400000US06073012200","Census Tract 122; San Diego County; California","64861","9295",
"1400000US06073012302","Census Tract 123.02; San Diego County; California","63516","19885",
"1400000US06073012303","Census Tract 123.03; San Diego County; California","79813","24107",
"1400000US06073012304","Census Tract 123.04; San Diego County; California","112438","48127",
"1400000US06073012401","Census Tract 124.01; San Diego County; California","92746","26468",
"1400000US06073012402","Census Tract 124.02; San Diego County; California","59091","24593",
"1400000US06073012501","Census Tract 125.01; San Diego County; California","47339","11952",
"1400000US06073012502","Census Tract 125.02; San Diego County; California","71563","15255",
"1400000US06073012600","Census Tract 126; San Diego County; California","86678","20683",
"1400000US06073012700","Census Tract 127; San Diego County; California","77149","9526",
"1400000US06073012800","Census Tract 128; San Diego County; California","87214","19265",
"1400000US06073012900","Census Tract 129; San Diego County; California","105148","16981",
"1400000US06073013000","Census Tract 130; San Diego County; California","84455","15765",
"1400000US06073013102","Census Tract 131.02; San Diego County; California","65602","7202",
"1400000US06073013103","Census Tract 131.03; San Diego County; California","88540","14236",
"1400000US06073013104","Census Tract 131.04; San Diego County; California","78169","13111",
"1400000US06073013203","Census Tract 132.03; San Diego County; California","51644","33655",
"1400000US06073013204","Census Tract 132.04; San Diego County; California","75851","7459",
"1400000US06073013205","Census Tract 132.05; San Diego County; California","61429","23138",
"1400000US06073013206","Census Tract 132.06; San Diego County; California","52919","9554",
"1400000US06073013301","Census Tract 133.01; San Diego County; California","116175","10698",
"1400000US06073013302","Census Tract 133.02; San Diego County; California","118057","26179",
"1400000US06073013303","Census Tract 133.03; San Diego County; California","85865","13805",
"1400000US06073013306","Census Tract 133.06; San Diego County; California","84583","13886",
"1400000US06073013307","Census Tract 133.07; San Diego County; California","83585","24460",
"1400000US06073013308","Census Tract 133.08; San Diego County; California","96575","19714",
"1400000US06073013309","Census Tract 133.09; San Diego County; California","146071","17225",
"1400000US06073013312","Census Tract 133.12; San Diego County; California","110000","24070",
"1400000US06073013315","Census Tract 133.15; San Diego County; California","139496","10781",
"1400000US06073013316","Census Tract 133.16; San Diego County; California","152696","29680",
"1400000US06073013317","Census Tract 133.17; San Diego County; California","149241","11015",
"1400000US06073013318","Census Tract 133.18; San Diego County; California","125781","57861",
"1400000US06073013319","Census Tract 133.19; San Diego County; California","149832","13243",
"1400000US06073013320","Census Tract 133.20; San Diego County; California","132361","16896",
"1400000US06073013321","Census Tract 133.21; San Diego County; California","148799","20758",
"1400000US06073013322","Census Tract 133.22; San Diego County; California","175341","32561",
"1400000US06073013323","Census Tract 133.23; San Diego County; California","162028","51524",
"1400000US06073013324","Census Tract 133.24; San Diego County; California","157584","28685",
"1400000US06073013325","Census Tract 133.25; San Diego County; California","103796","37568",
"1400000US06073013326","Census Tract 133.26; San Diego County; California","179800","64211",
"1400000US06073013327","Census Tract 133.27; San Diego County; California","184760","61349",
"1400000US06073013401","Census Tract 134.01; San Diego County; California","153426","17922",
"1400000US06073013409","Census Tract 134.09; San Diego County; California","125120","12635",
"1400000US06073013411","Census Tract 134.11; San Diego County; California","173413","20379",
"1400000US06073013412","Census Tract 134.12; San Diego County; California","114079","19035",
"1400000US06073013414","Census Tract 134.14; San Diego County; California","148558","19716",
"1400000US06073013415","Census Tract 134.15; San Diego County; California","174250","33499",
"1400000US06073013416","Census Tract 134.16; San Diego County; California","122054","12048",
"1400000US06073013417","Census Tract 134.17; San Diego County; California","154150","16998",
"1400000US06073013418","Census Tract 134.18; San Diego County; California","104468","39964",
"1400000US06073013420","Census Tract 134.20; San Diego County; California","130583","18528",
"1400000US06073013421","Census Tract 134.21; San Diego County; California","145341","27652",
"1400000US06073013422","Census Tract 134.22; San Diego County; California","159758","32769",
"1400000US06073013423","Census Tract 134.23; San Diego County; California","162855","30456",
"1400000US06073013424","Census Tract 134.24; San Diego County; California","161161","46140",
"1400000US06073013425","Census Tract 134.25; San Diego County; California","188429","2342",
"1400000US06073013503","Census Tract 135.03; San Diego County; California","103902","25630",
"1400000US06073013504","Census Tract 135.04; San Diego County; California","139426","24656",
"1400000US06073013505","Census Tract 135.05; San Diego County; California","123882","24886",
"1400000US06073013506","Census Tract 135.06; San Diego County; California","103056","17117",
"1400000US06073013601","Census Tract 136.01; San Diego County; California","122667","11081",
"1400000US06073013604","Census Tract 136.04; San Diego County; California","104833","15914",
"1400000US06073013605","Census Tract 136.05; San Diego County; California","174044","73698",
"1400000US06073013607","Census Tract 136.07; San Diego County; California","118864","54045",
"1400000US06073013608","Census Tract 136.08; San Diego County; California","89188","16865",
"1400000US06073013701","Census Tract 137.01; San Diego County; California","126875","14258",
"1400000US06073013702","Census Tract 137.02; San Diego County; California","95043","6359",
"1400000US06073013801","Census Tract 138.01; San Diego County; California","98984","42985",
"1400000US06073013802","Census Tract 138.02; San Diego County; California","83162","20013",
"1400000US06073013903","Census Tract 139.03; San Diego County; California","137593","37681",
"1400000US06073013905","Census Tract 139.05; San Diego County; California","133000","36235",
"1400000US06073013906","Census Tract 139.06; San Diego County; California","77456","21306",
"1400000US06073013907","Census Tract 139.07; San Diego County; California","59242","15848",
"1400000US06073013908","Census Tract 139.08; San Diego County; California","81016","8590",
"1400000US06073013909","Census Tract 139.09; San Diego County; California","89767","28264",
"1400000US06073014001","Census Tract 140.01; San Diego County; California","94821","36149",
"1400000US06073014002","Census Tract 140.02; San Diego County; California","85255","20233",
"1400000US06073014101","Census Tract 141.01; San Diego County; California","105867","33303",
"1400000US06073014102","Census Tract 141.02; San Diego County; California","102979","16511",
"1400000US06073014200","Census Tract 142; San Diego County; California","124808","42102",
"1400000US06073014300","Census Tract 143; San Diego County; California","88165","18129",
"1400000US06073014400","Census Tract 144; San Diego County; California","63942","16404",
"1400000US06073014500","Census Tract 145; San Diego County; California","94219","24861",
"1400000US06073014601","Census Tract 146.01; San Diego County; California","73000","22223",
"1400000US06073014602","Census Tract 146.02; San Diego County; California","126791","25155",
"1400000US06073014701","Census Tract 147.01; San Diego County; California","120024","34496",
"1400000US06073014702","Census Tract 147.02; San Diego County; California","136546","34483",
"1400000US06073014803","Census Tract 148.03; San Diego County; California","105778","6313",
"1400000US06073014804","Census Tract 148.04; San Diego County; California","131167","25625",
"1400000US06073014805","Census Tract 148.05; San Diego County; California","117788","26644",
"1400000US06073014806","Census Tract 148.06; San Diego County; California","94018","56471",
"1400000US06073014901","Census Tract 149.01; San Diego County; California","86917","32215",
"1400000US06073014902","Census Tract 149.02; San Diego County; California","88214","15406",
"1400000US06073015001","Census Tract 150.01; San Diego County; California","109397","42634",
"1400000US06073015002","Census Tract 150.02; San Diego County; California","71250","39645",
"1400000US06073015100","Census Tract 151; San Diego County; California","117675","17200",
"1400000US06073015200","Census Tract 152; San Diego County; California","155655","21056",
"1400000US06073015301","Census Tract 153.01; San Diego County; California","62390","43304",
"1400000US06073015302","Census Tract 153.02; San Diego County; California","118705","27454",
"1400000US06073015403","Census Tract 154.03; San Diego County; California","156827","31811",
"1400000US06073015405","Census Tract 154.05; San Diego County; California","137304","19612",
"1400000US06073015406","Census Tract 154.06; San Diego County; California","156927","32159",
"1400000US06073015407","Census Tract 154.07; San Diego County; California","42326","11126",
"1400000US06073015408","Census Tract 154.08; San Diego County; California","138063","50504",
"1400000US06073015501","Census Tract 155.01; San Diego County; California","118250","17089",
"1400000US06073015502","Census Tract 155.02; San Diego County; California","141500","30166",
"1400000US06073015601","Census Tract 156.01; San Diego County; California","101063","27242",
"1400000US06073015602","Census Tract 156.02; San Diego County; California","180170","35391",
"1400000US06073015701","Census Tract 157.01; San Diego County; California","42490","9470",
"1400000US06073015704","Census Tract 157.04; San Diego County; California","51691","19098",
"1400000US06073015705","Census Tract 157.05; San Diego County; California","61160","14605",
"1400000US06073015706","Census Tract 157.06; San Diego County; California","39261","17417",
"1400000US06073015801","Census Tract 158.01; San Diego County; California","53998","3550",
"1400000US06073015802","Census Tract 158.02; San Diego County; California","65313","21727",
"1400000US06073015901","Census Tract 159.01; San Diego County; California","45129","11303",
"1400000US06073015902","Census Tract 159.02; San Diego County; California","53750","34238",
"1400000US06073016000","Census Tract 160; San Diego County; California","108348","26373",
"1400000US06073016100","Census Tract 161; San Diego County; California","115043","20204",
"1400000US06073016201","Census Tract 162.01; San Diego County; California","151524","20088",
"1400000US06073016202","Census Tract 162.02; San Diego County; California","77619","35113",
"1400000US06073016301","Census Tract 163.01; San Diego County; California","64500","14750",
"1400000US06073016302","Census Tract 163.02; San Diego County; California","47405","27451",
"1400000US06073016401","Census Tract 164.01; San Diego County; California","120139","23060",
"1400000US06073016403","Census Tract 164.03; San Diego County; California","69320","50004",
"1400000US06073016404","Census Tract 164.04; San Diego County; California","46674","38967",
"1400000US06073016502","Census Tract 165.02; San Diego County; California","75313","20510",
"1400000US06073016503","Census Tract 165.03; San Diego County; California","97431","14053",
"1400000US06073016504","Census Tract 165.04; San Diego County; California","75714","25197",
"1400000US06073016606","Census Tract 166.06; San Diego County; California","142731","18786",
"1400000US06073016607","Census Tract 166.07; San Diego County; California","142056","6377",
"1400000US06073016608","Census Tract 166.08; San Diego County; California","140045","10563",
"1400000US06073016609","Census Tract 166.09; San Diego County; California","123523","16396",
"1400000US06073016610","Census Tract 166.10; San Diego County; California","94250","26525",
"1400000US06073016613","Census Tract 166.13; San Diego County; California","130536","17546",
"1400000US06073016614","Census Tract 166.14; San Diego County; California","125068","17529",
"1400000US06073016615","Census Tract 166.15; San Diego County; California","137361","18703",
"1400000US06073016616","Census Tract 166.16; San Diego County; California","115000","14159",
"1400000US06073016617","Census Tract 166.17; San Diego County; California","73333","37695",
"1400000US06073016618","Census Tract 166.18; San Diego County; California","122361","14237",
"1400000US06073016619","Census Tract 166.19; San Diego County; California","95145","16898",
"1400000US06073016620","Census Tract 166.20; San Diego County; California","106929","47022",
"1400000US06073016621","Census Tract 166.21; San Diego County; California","163849","35166",
"1400000US06073016703","Census Tract 167.03; San Diego County; California","117905","13667",
"1400000US06073016704","Census Tract 167.04; San Diego County; California","136016","22462",
"1400000US06073016705","Census Tract 167.05; San Diego County; California","90280","31448",
"1400000US06073016706","Census Tract 167.06; San Diego County; California","89097","44695",
"1400000US06073016804","Census Tract 168.04; San Diego County; California","81495","11404",
"1400000US06073016806","Census Tract 168.06; San Diego County; California","105404","22494",
"1400000US06073016807","Census Tract 168.07; San Diego County; California","145120","47451",
"1400000US06073016809","Census Tract 168.09; San Diego County; California","105905","11214",
"1400000US06073016810","Census Tract 168.10; San Diego County; California","172333","24998",
"1400000US06073016811","Census Tract 168.11; San Diego County; California","137734","27422",
"1400000US06073016812","Census Tract 168.12; San Diego County; California","111711","35415",
"1400000US06073016813","Census Tract 168.13; San Diego County; California","136641","47440",
"1400000US06073016901","Census Tract 169.01; San Diego County; California","163059","32665",
"1400000US06073016902","Census Tract 169.02; San Diego County; California","120885","15626",
"1400000US06073017006","Census Tract 170.06; San Diego County; California","195313","59531",
"1400000US06073017009","Census Tract 170.09; San Diego County; California","98611","20163",
"1400000US06073017010","Census Tract 170.10; San Diego County; California","198421","17973",
"1400000US06073017014","Census Tract 170.14; San Diego County; California","103920","32310",
"1400000US06073017018","Census Tract 170.18; San Diego County; California","125913","36327",
"1400000US06073017020","Census Tract 170.20; San Diego County; California","201042","20252",
"1400000US06073017021","Census Tract 170.21; San Diego County; California","188250","31858",
"1400000US06073017022","Census Tract 170.22; San Diego County; California","167031","21063",
"1400000US06073017031","Census Tract 170.31; San Diego County; California","154250","48009",
"1400000US06073017033","Census Tract 170.33; San Diego County; California","185895","12448",
"1400000US06073017034","Census Tract 170.34; San Diego County; California","130042","33533",
"1400000US06073017035","Census Tract 170.35; San Diego County; California","132018","8537",
"1400000US06073017036","Census Tract 170.36; San Diego County; California","151719","46665",
"1400000US06073017037","Census Tract 170.37; San Diego County; California","124853","44001",
"1400000US06073017039","Census Tract 170.39; San Diego County; California","148672","37163",
"1400000US06073017040","Census Tract 170.40; San Diego County; California","151875","28064",
"1400000US06073017041","Census Tract 170.41; San Diego County; California","156094","35638",
"1400000US06073017043","Census Tract 170.43; San Diego County; California","217500","20530",
"1400000US06073017044","Census Tract 170.44; San Diego County; California","237368","40371",
"1400000US06073017045","Census Tract 170.45; San Diego County; California","241136","23763",
"1400000US06073017046","Census Tract 170.46; San Diego County; California","176667","28311",
"1400000US06073017047","Census Tract 170.47; San Diego County; California","188684","38763",
"1400000US06073017048","Census Tract 170.48; San Diego County; California","116025","28096",
"1400000US06073017049","Census Tract 170.49; San Diego County; California","122857","14148",
"1400000US06073017050","Census Tract 170.50; San Diego County; California","107244","45445",
"1400000US06073017051","Census Tract 170.51; San Diego County; California","146780","32786",
"1400000US06073017052","Census Tract 170.52; San Diego County; California","140292","35637",
"1400000US06073017053","Census Tract 170.53; San Diego County; California","212396","38827",
"1400000US06073017054","Census Tract 170.54; San Diego County; California","175163","14063",
"1400000US06073017055","Census Tract 170.55; San Diego County; California","179375","32717",
"1400000US06073017056","Census Tract 170.56; San Diego County; California","123393","31422",
"1400000US06073017057","Census Tract 170.57; San Diego County; California","189762","28920",
"1400000US06073017058","Census Tract 170.58; San Diego County; California","146763","47052",
"1400000US06073017059","Census Tract 170.59; San Diego County; California","131392","21575",
"1400000US06073017060","Census Tract 170.60; San Diego County; California","182917","26014",
"1400000US06073017061","Census Tract 170.61; San Diego County; California","206719","119844",
"1400000US06073017062","Census Tract 170.62; San Diego County; California","247034","48468",
"1400000US06073017063","Census Tract 170.63; San Diego County; California","146827","42795",
"1400000US06073017064","Census Tract 170.64; San Diego County; California","195906","26294",
"1400000US06073017065","Census Tract 170.65; San Diego County; California","206625","41490",
"1400000US06073017066","Census Tract 170.66; San Diego County; California","219589","74332",
"1400000US06073017067","Census Tract 170.67; San Diego County; California","226894","52876",
"1400000US06073017068","Census Tract 170.68; San Diego County; California","155664","21580",
"1400000US06073017069","Census Tract 170.69; San Diego County; California","187125","30509",
"1400000US06073017070","Census Tract 170.70; San Diego County; California","226296","33863",
"1400000US06073017071","Census Tract 170.71; San Diego County; California","229063","72974",
"1400000US06073017104","Census Tract 171.04; San Diego County; California","161375","37544",
"1400000US06073017106","Census Tract 171.06; San Diego County; California","250,000+","***",
"1400000US06073017107","Census Tract 171.07; San Diego County; California","195556","40577",
"1400000US06073017108","Census Tract 171.08; San Diego County; California","191591","33260",
"1400000US06073017109","Census Tract 171.09; San Diego County; California","250,000+","***",
"1400000US06073017111","Census Tract 171.11; San Diego County; California","229757","60427",
"1400000US06073017112","Census Tract 171.12; San Diego County; California","243672","112924",
"1400000US06073017113","Census Tract 171.13; San Diego County; California","136333","66423",
"1400000US06073017201","Census Tract 172.01; San Diego County; California","250,000+","***",
"1400000US06073017202","Census Tract 172.02; San Diego County; California","235938","46790",
"1400000US06073017303","Census Tract 173.03; San Diego County; California","153583","63925",
"1400000US06073017305","Census Tract 173.05; San Diego County; California","169844","36388",
"1400000US06073017306","Census Tract 173.06; San Diego County; California","237636","25780",
"1400000US06073017307","Census Tract 173.07; San Diego County; California","168594","51937",
"1400000US06073017308","Census Tract 173.08; San Diego County; California","236103","120935",
"1400000US06073017403","Census Tract 174.03; San Diego County; California","188516","34248",
"1400000US06073017405","Census Tract 174.05; San Diego County; California","125469","48809",
"1400000US06073017406","Census Tract 174.06; San Diego County; California","212625","31129",
"1400000US06073017407","Census Tract 174.07; San Diego County; California","231667","64316",
"1400000US06073017408","Census Tract 174.08; San Diego County; California","163750","83535",
"1400000US06073017501","Census Tract 175.01; San Diego County; California","163834","39737",
"1400000US06073017502","Census Tract 175.02; San Diego County; California","125156","47554",
"1400000US06073017601","Census Tract 176.01; San Diego County; California","215238","55544",
"1400000US06073017603","Census Tract 176.03; San Diego County; California","213542","44949",
"1400000US06073017605","Census Tract 176.05; San Diego County; California","227750","122489",
"1400000US06073017606","Census Tract 176.06; San Diego County; California","112928","23598",
"1400000US06073017701","Census Tract 177.01; San Diego County; California","150125","41071",
"1400000US06073017702","Census Tract 177.02; San Diego County; California","142222","34357",
"1400000US06073017801","Census Tract 178.01; San Diego County; California","121591","41130",
"1400000US06073017808","Census Tract 178.08; San Diego County; California","164265","27092",
"1400000US06073017809","Census Tract 178.09; San Diego County; California","180357","43507",
"1400000US06073017810","Census Tract 178.10; San Diego County; California","193948","14131",
"1400000US06073017811","Census Tract 178.11; San Diego County; California","214643","40713",
"1400000US06073017813","Census Tract 178.13; San Diego County; California","146250","35884",
"1400000US06073017901","Census Tract 179.01; San Diego County; California","95924","59607",
"1400000US06073017902","Census Tract 179.02; San Diego County; California","-","**",
"1400000US06073018000","Census Tract 180; San Diego County; California","122177","74478",
"1400000US06073018101","Census Tract 181.01; San Diego County; California","124145","28983",
"1400000US06073018102","Census Tract 181.02; San Diego County; California","120192","38399",
"1400000US06073018201","Census Tract 182.01; San Diego County; California","100083","30566",
"1400000US06073018202","Census Tract 182.02; San Diego County; California","94073","67612",
"1400000US06073018301","Census Tract 183.01; San Diego County; California","144188","45868",
"1400000US06073018302","Census Tract 183.02; San Diego County; California","91902","40593",
"1400000US06073018400","Census Tract 184; San Diego County; California","87123","17385",
"1400000US06073018504","Census Tract 185.04; San Diego County; California","83889","42911",
"1400000US06073018509","Census Tract 185.09; San Diego County; California","64583","11041",
"1400000US06073018510","Census Tract 185.10; San Diego County; California","87007","19569",
"1400000US06073018511","Census Tract 185.11; San Diego County; California","83125","18656",
"1400000US06073018512","Census Tract 185.12; San Diego County; California","103015","26806",
"1400000US06073018515","Census Tract 185.15; San Diego County; California","143147","35793",
"1400000US06073018516","Census Tract 185.16; San Diego County; California","131709","36289",
"1400000US06073018517","Census Tract 185.17; San Diego County; California","101964","20796",
"1400000US06073018518","Census Tract 185.18; San Diego County; California","104074","24292",
"1400000US06073018519","Census Tract 185.19; San Diego County; California","83633","9330",
"1400000US06073018520","Census Tract 185.20; San Diego County; California","88309","9869",
"1400000US06073018521","Census Tract 185.21; San Diego County; California","114964","64374",
"1400000US06073018522","Census Tract 185.22; San Diego County; California","126833","21179",
"1400000US06073018523","Census Tract 185.23; San Diego County; California","122152","15484",
"1400000US06073018524","Census Tract 185.24; San Diego County; California","122739","48410",
"1400000US06073018525","Census Tract 185.25; San Diego County; California","169412","53796",
"1400000US06073018601","Census Tract 186.01; San Diego County; California","106987","10960",
"1400000US06073018608","Census Tract 186.08; San Diego County; California","122138","12261",
"1400000US06073018609","Census Tract 186.09; San Diego County; California","98504","20398",
"1400000US06073018612","Census Tract 186.12; San Diego County; California","146913","22816",
"1400000US06073018613","Census Tract 186.13; San Diego County; California","90842","22516",
"1400000US06073018615","Census Tract 186.15; San Diego County; California","67295","21382",
"1400000US06073018616","Census Tract 186.16; San Diego County; California","83140","12527",
"1400000US06073018617","Census Tract 186.17; San Diego County; California","150682","19063",
"1400000US06073018618","Census Tract 186.18; San Diego County; California","74531","19523",
"1400000US06073018619","Census Tract 186.19; San Diego County; California","172372","16840",
"1400000US06073018620","Census Tract 186.20; San Diego County; California","90000","55612",
"1400000US06073018621","Census Tract 186.21; San Diego County; California","93496","781",
"1400000US06073018622","Census Tract 186.22; San Diego County; California","76045","7689",
"1400000US06073018700","Census Tract 187; San Diego County; California","64860","4194",
"1400000US06073018801","Census Tract 188.01; San Diego County; California","112975","16607",
"1400000US06073018803","Census Tract 188.03; San Diego County; California","111813","10469",
"1400000US06073018804","Census Tract 188.04; San Diego County; California","136633","36120",
"1400000US06073018805","Census Tract 188.05; San Diego County; California","136638","8670",
"1400000US06073018903","Census Tract 189.03; San Diego County; California","74375","20609",
"1400000US06073018904","Census Tract 189.04; San Diego County; California","80000","23049",
"1400000US06073018905","Census Tract 189.05; San Diego County; California","105754","16738",
"1400000US06073018906","Census Tract 189.06; San Diego County; California","75944","14004",
"1400000US06073019001","Census Tract 190.01; San Diego County; California","116977","23762",
"1400000US06073019002","Census Tract 190.02; San Diego County; California","147350","17009",
"1400000US06073019103","Census Tract 191.03; San Diego County; California","117661","14008",
"1400000US06073019105","Census Tract 191.05; San Diego County; California","150767","35220",
"1400000US06073019107","Census Tract 191.07; San Diego County; California","179286","47747",
"1400000US06073019108","Census Tract 191.08; San Diego County; California","98333","27420",
"1400000US06073019109","Census Tract 191.09; San Diego County; California","119402","33115",
"1400000US06073019110","Census Tract 191.10; San Diego County; California","121750","22455",
"1400000US06073019111","Census Tract 191.11; San Diego County; California","138214","45831",
"1400000US06073019203","Census Tract 192.03; San Diego County; California","150822","20991",
"1400000US06073019205","Census Tract 192.05; San Diego County; California","89160","29884",
"1400000US06073019206","Census Tract 192.06; San Diego County; California","94356","15919",
"1400000US06073019208","Census Tract 192.08; San Diego County; California","161957","27368",
"1400000US06073019209","Census Tract 192.09; San Diego County; California","141989","39995",
"1400000US06073019210","Census Tract 192.10; San Diego County; California","70710","19560",
"1400000US06073019301","Census Tract 193.01; San Diego County; California","127438","43767",
"1400000US06073019303","Census Tract 193.03; San Diego County; California","154490","24466",
"1400000US06073019304","Census Tract 193.04; San Diego County; California","108015","26190",
"1400000US06073019305","Census Tract 193.05; San Diego County; California","86512","20291",
"1400000US06073019403","Census Tract 194.03; San Diego County; California","112949","10486",
"1400000US06073019404","Census Tract 194.04; San Diego County; California","103500","47157",
"1400000US06073019405","Census Tract 194.05; San Diego County; California","76866","10649",
"1400000US06073019406","Census Tract 194.06; San Diego County; California","88897","19164",
"1400000US06073019501","Census Tract 195.01; San Diego County; California","82786","16478",
"1400000US06073019502","Census Tract 195.02; San Diego County; California","61154","12149",
"1400000US06073019503","Census Tract 195.03; San Diego County; California","95800","16427",
"1400000US06073019601","Census Tract 196.01; San Diego County; California","122982","39316",
"1400000US06073019602","Census Tract 196.02; San Diego County; California","113466","14463",
"1400000US06073019701","Census Tract 197.01; San Diego County; California","104461","16508",
"1400000US06073019702","Census Tract 197.02; San Diego County; California","117313","22122",
"1400000US06073019803","Census Tract 198.03; San Diego County; California","103983","42887",
"1400000US06073019804","Census Tract 198.04; San Diego County; California","161696","10806",
"1400000US06073019805","Census Tract 198.05; San Diego County; California","98649","7307",
"1400000US06073019808","Census Tract 198.08; San Diego County; California","120863","21264",
"1400000US06073019809","Census Tract 198.09; San Diego County; California","155402","20394",
"1400000US06073019810","Census Tract 198.10; San Diego County; California","132328","26838",
"1400000US06073019811","Census Tract 198.11; San Diego County; California","152734","32683",
"1400000US06073019902","Census Tract 199.02; San Diego County; California","112344","30927",
"1400000US06073019903","Census Tract 199.03; San Diego County; California","112353","32437",
"1400000US06073019904","Census Tract 199.04; San Diego County; California","123275","20705",
"1400000US06073019905","Census Tract 199.05; San Diego County; California","114871","27572",
"1400000US06073020015","Census Tract 200.15; San Diego County; California","213173","45433",
"1400000US06073020017","Census Tract 200.17; San Diego County; California","70250","13277",
"1400000US06073020019","Census Tract 200.19; San Diego County; California","117716","31324",
"1400000US06073020021","Census Tract 200.21; San Diego County; California","84079","7050",
"1400000US06073020023","Census Tract 200.23; San Diego County; California","112708","29007",
"1400000US06073020024","Census Tract 200.24; San Diego County; California","116250","17380",
"1400000US06073020025","Census Tract 200.25; San Diego County; California","81723","21077",
"1400000US06073020026","Census Tract 200.26; San Diego County; California","137202","14100",
"1400000US06073020028","Census Tract 200.28; San Diego County; California","55066","16435",
"1400000US06073020029","Census Tract 200.29; San Diego County; California","71761","21297",
"1400000US06073020030","Census Tract 200.30; San Diego County; California","213472","12893",
"1400000US06073020031","Census Tract 200.31; San Diego County; California","134301","26852",
"1400000US06073020032","Census Tract 200.32; San Diego County; California","180469","41642",
"1400000US06073020033","Census Tract 200.33; San Diego County; California","116772","31215",
"1400000US06073020034","Census Tract 200.34; San Diego County; California","250,000+","***",
"1400000US06073020035","Census Tract 200.35; San Diego County; California","173909","38767",
"1400000US06073020036","Census Tract 200.36; San Diego County; California","71022","12573",
"1400000US06073020037","Census Tract 200.37; San Diego County; California","94389","21077",
"1400000US06073020038","Census Tract 200.38; San Diego County; California","151250","32538",
"1400000US06073020039","Census Tract 200.39; San Diego County; California","159286","32032",
"1400000US06073020040","Census Tract 200.40; San Diego County; California","173583","35440",
"1400000US06073020041","Census Tract 200.41; San Diego County; California","95391","53596",
"1400000US06073020042","Census Tract 200.42; San Diego County; California","153368","53572",
"1400000US06073020043","Census Tract 200.43; San Diego County; California","213679","48216",
"1400000US06073020044","Census Tract 200.44; San Diego County; California","220159","37204",
"1400000US06073020105","Census Tract 201.05; San Diego County; California","103929","21979",
"1400000US06073020106","Census Tract 201.06; San Diego County; California","111635","39144",
"1400000US06073020107","Census Tract 201.07; San Diego County; California","102773","24293",
"1400000US06073020108","Census Tract 201.08; San Diego County; California","69792","11872",
"1400000US06073020109","Census Tract 201.09; San Diego County; California","102282","8122",
"1400000US06073020110","Census Tract 201.10; San Diego County; California","138125","31423",
"1400000US06073020111","Census Tract 201.11; San Diego County; California","188583","67385",
"1400000US06073020202","Census Tract 202.02; San Diego County; California","53553","6671",
"1400000US06073020206","Census Tract 202.06; San Diego County; California","80431","22778",
"1400000US06073020207","Census Tract 202.07; San Diego County; California","54290","1939",
"1400000US06073020208","Census Tract 202.08; San Diego County; California","110179","10549",
"1400000US06073020209","Census Tract 202.09; San Diego County; California","74938","22529",
"1400000US06073020210","Census Tract 202.10; San Diego County; California","73264","21241",
"1400000US06073020211","Census Tract 202.11; San Diego County; California","61500","12547",
"1400000US06073020213","Census Tract 202.13; San Diego County; California","55194","9772",
"1400000US06073020214","Census Tract 202.14; San Diego County; California","60109","12391",
"1400000US06073020304","Census Tract 203.04; San Diego County; California","157586","12755",
"1400000US06073020305","Census Tract 203.05; San Diego County; California","125987","41153",
"1400000US06073020308","Census Tract 203.08; San Diego County; California","62298","29258",
"1400000US06073020309","Census Tract 203.09; San Diego County; California","108295","26847",
"1400000US06073020310","Census Tract 203.10; San Diego County; California","140550","20821",
"1400000US06073020311","Census Tract 203.11; San Diego County; California","115486","33730",
"1400000US06073020312","Census Tract 203.12; San Diego County; California","145741","24500",
"1400000US06073020313","Census Tract 203.13; San Diego County; California","80641","25933",
"1400000US06073020401","Census Tract 204.01; San Diego County; California","206618","33733",
"1400000US06073020403","Census Tract 204.03; San Diego County; California","135000","26205",
"1400000US06073020404","Census Tract 204.04; San Diego County; California","106923","30593",
"1400000US06073020405","Census Tract 204.05; San Diego County; California","176250","36569",
"1400000US06073020500","Census Tract 205; San Diego County; California","80714","9947",
"1400000US06073020601","Census Tract 206.01; San Diego County; California","61622","7665",
"1400000US06073020602","Census Tract 206.02; San Diego County; California","71411","17297",
"1400000US06073020705","Census Tract 207.05; San Diego County; California","133688","25575",
"1400000US06073020706","Census Tract 207.06; San Diego County; California","205934","11115",
"1400000US06073020707","Census Tract 207.07; San Diego County; California","97724","50350",
"1400000US06073020708","Census Tract 207.08; San Diego County; California","159653","44581",
"1400000US06073020710","Census Tract 207.10; San Diego County; California","161000","29299",
"1400000US06073020711","Census Tract 207.11; San Diego County; California","166146","48768",
"1400000US06073020712","Census Tract 207.12; San Diego County; California","160909","29334",
"1400000US06073020801","Census Tract 208.01; San Diego County; California","172938","14680",
"1400000US06073020805","Census Tract 208.05; San Diego County; California","110417","10247",
"1400000US06073020806","Census Tract 208.06; San Diego County; California","85462","21338",
"1400000US06073020807","Census Tract 208.07; San Diego County; California","158558","25181",
"1400000US06073020810","Census Tract 208.10; San Diego County; California","135074","19849",
"1400000US06073020811","Census Tract 208.11; San Diego County; California","150114","34697",
"1400000US06073020812","Census Tract 208.12; San Diego County; California","52295","33943",
"1400000US06073020813","Census Tract 208.13; San Diego County; California","116178","26822",
"1400000US06073020902","Census Tract 209.02; San Diego County; California","135333","23496",
"1400000US06073020903","Census Tract 209.03; San Diego County; California","96450","22749",
"1400000US06073020904","Census Tract 209.04; San Diego County; California","102500","14618",
"1400000US06073021001","Census Tract 210.01; San Diego County; California","71680","16611",
"1400000US06073021002","Census Tract 210.02; San Diego County; California","117850","55649",
"1400000US06073021101","Census Tract 211.01; San Diego County; California","105035","49778",
"1400000US06073021102","Census Tract 211.02; San Diego County; California","55993","30424",
"1400000US06073021202","Census Tract 212.02; San Diego County; California","110677","21887",
"1400000US06073021204","Census Tract 212.04; San Diego County; California","138778","6690",
"1400000US06073021205","Census Tract 212.05; San Diego County; California","110547","26646",
"1400000US06073021206","Census Tract 212.06; San Diego County; California","137153","30652",
"1400000US06073021302","Census Tract 213.02; San Diego County; California","131105","17050",
"1400000US06073021304","Census Tract 213.04; San Diego County; California","166354","32514",
"1400000US06073021305","Census Tract 213.05; San Diego County; California","138276","19936",
"1400000US06073021306","Census Tract 213.06; San Diego County; California","159537","28384",
"1400000US06073021401","Census Tract 214.01; San Diego County; California","94375","23916",
"1400000US06073021402","Census Tract 214.02; San Diego County; California","142366","40625",
"1400000US06073021501","Census Tract 215.01; San Diego County; California","250,000+","***",
"1400000US06073021502","Census Tract 215.02; San Diego County; California","211250","59935",
"1400000US06073021600","Census Tract 216; San Diego County; California","119048","14398",
"1400000US06073021800","Census Tract 218; San Diego County; California","246250","64354",
"1400000US06073021900","Census Tract 219; San Diego County; California","43516","17675",
"1400000US06073022000","Census Tract 220; San Diego County; California","66292","15055",
"1400000US06073022101","Census Tract 221.01; San Diego County; California","192375","97260",
"1400000US06073022102","Census Tract 221.02; San Diego County; California","167610","42306",
"1400000US06073990100","Census Tract 9901; San Diego County; California","-","**",
"1400000US06075010101","Census Tract 101.01; San Francisco County; California","101338","30774",
"1400000US06075010102","Census Tract 101.02; San Francisco County; California","-","**",
"1400000US06075010201","Census Tract 102.01; San Francisco County; California","250,000+","***",
"1400000US06075010202","Census Tract 102.02; San Francisco County; California","157296","119514",
"1400000US06075010300","Census Tract 103; San Francisco County; California","193885","120247",
"1400000US06075010401","Census Tract 104.01; San Francisco County; California","250,000+","***",
"1400000US06075010402","Census Tract 104.02; San Francisco County; California","250,000+","***",
"1400000US06075010500","Census Tract 105; San Francisco County; California","221190","39187",
"1400000US06075010600","Census Tract 106; San Francisco County; California","115938","35904",
"1400000US06075010701","Census Tract 107.01; San Francisco County; California","32732","4896",
"1400000US06075010702","Census Tract 107.02; San Francisco County; California","-","**",
"1400000US06075010800","Census Tract 108; San Francisco County; California","199219","69644",
"1400000US06075010901","Census Tract 109.01; San Francisco County; California","250,000+","***",
"1400000US06075010902","Census Tract 109.02; San Francisco County; California","179297","52881",
"1400000US06075011001","Census Tract 110.01; San Francisco County; California","-","**",
"1400000US06075011002","Census Tract 110.02; San Francisco County; California","156714","75686",
"1400000US06075011101","Census Tract 111.01; San Francisco County; California","121820","13453",
"1400000US06075011102","Census Tract 111.02; San Francisco County; California","151461","20133",
"1400000US06075011200","Census Tract 112; San Francisco County; California","183182","47524",
"1400000US06075011300","Census Tract 113; San Francisco County; California","36588","28810",
"1400000US06075011700","Census Tract 117; San Francisco County; California","98398","53158",
"1400000US06075011800","Census Tract 118; San Francisco County; California","50033","10123",
"1400000US06075011901","Census Tract 119.01; San Francisco County; California","214628","89562",
"1400000US06075011902","Census Tract 119.02; San Francisco County; California","51563","45990",
"1400000US06075012001","Census Tract 120.01; San Francisco County; California","-","**",
"1400000US06075012002","Census Tract 120.02; San Francisco County; California","95833","29263",
"1400000US06075012100","Census Tract 121; San Francisco County; California","127762","105272",
"1400000US06075012202","Census Tract 122.02; San Francisco County; California","83750","78803",
"1400000US06075012203","Census Tract 122.03; San Francisco County; California","-","**",
"1400000US06075012204","Census Tract 122.04; San Francisco County; California","117519","74108",
"1400000US06075012301","Census Tract 123.01; San Francisco County; California","68512","33651",
"1400000US06075012302","Census Tract 123.02; San Francisco County; California","81375","35647",
"1400000US06075012403","Census Tract 124.03; San Francisco County; California","71592","19935",
"1400000US06075012404","Census Tract 124.04; San Francisco County; California","76196","21057",
"1400000US06075012405","Census Tract 124.05; San Francisco County; California","89551","37833",
"1400000US06075012406","Census Tract 124.06; San Francisco County; California","-","**",
"1400000US06075012502","Census Tract 125.02; San Francisco County; California","53824","48141",
"1400000US06075012503","Census Tract 125.03; San Francisco County; California","80645","17006",
"1400000US06075012504","Census Tract 125.04; San Francisco County; California","-","**",
"1400000US06075012601","Census Tract 126.01; San Francisco County; California","248224","103078",
"1400000US06075012602","Census Tract 126.02; San Francisco County; California","250,000+","***",
"1400000US06075012700","Census Tract 127; San Francisco County; California","250,000+","***",
"1400000US06075012801","Census Tract 128.01; San Francisco County; California","250,000+","***",
"1400000US06075012802","Census Tract 128.02; San Francisco County; California","250,000+","***",
"1400000US06075012901","Census Tract 129.01; San Francisco County; California","250,000+","***",
"1400000US06075012902","Census Tract 129.02; San Francisco County; California","250,000+","***",
"1400000US06075013001","Census Tract 130.01; San Francisco County; California","119160","923",
"1400000US06075013002","Census Tract 130.02; San Francisco County; California","250,000+","***",
"1400000US06075013101","Census Tract 131.01; San Francisco County; California","208417","75692",
"1400000US06075013102","Census Tract 131.02; San Francisco County; California","250,000+","***",
"1400000US06075013200","Census Tract 132; San Francisco County; California","250,000+","***",
"1400000US06075013300","Census Tract 133; San Francisco County; California","250,000+","***",
"1400000US06075013401","Census Tract 134.01; San Francisco County; California","250,000+","***",
"1400000US06075013402","Census Tract 134.02; San Francisco County; California","250,000+","***",
"1400000US06075013500","Census Tract 135; San Francisco County; California","250,000+","***",
"1400000US06075015100","Census Tract 151; San Francisco County; California","226944","24151",
"1400000US06075015201","Census Tract 152.01; San Francisco County; California","165169","82015",
"1400000US06075015202","Census Tract 152.02; San Francisco County; California","250,000+","***",
"1400000US06075015300","Census Tract 153; San Francisco County; California","250,000+","***",
"1400000US06075015401","Census Tract 154.01; San Francisco County; California","239614","49264",
"1400000US06075015402","Census Tract 154.02; San Francisco County; California","250,000+","***",
"1400000US06075015500","Census Tract 155; San Francisco County; California","189077","40413",
"1400000US06075015600","Census Tract 156; San Francisco County; California","130147","69509",
"1400000US06075015701","Census Tract 157.01; San Francisco County; California","187542","50503",
"1400000US06075015702","Census Tract 157.02; San Francisco County; California","250,000+","***",
"1400000US06075015801","Census Tract 158.01; San Francisco County; California","175066","48312",
"1400000US06075015802","Census Tract 158.02; San Francisco County; California","215179","77876",
"1400000US06075015900","Census Tract 159; San Francisco County; California","157597","97517",
"1400000US06075016000","Census Tract 160; San Francisco County; California","141793","52406",
"1400000US06075016101","Census Tract 161.01; San Francisco County; California","-","**",
"1400000US06075016102","Census Tract 161.02; San Francisco County; California","54688","39574",
"1400000US06075016200","Census Tract 162; San Francisco County; California","250,000+","***",
"1400000US06075016300","Census Tract 163; San Francisco County; California","175313","95090",
"1400000US06075016400","Census Tract 164; San Francisco County; California","233750","107181",
"1400000US06075016500","Census Tract 165; San Francisco County; California","220030","72651",
"1400000US06075016601","Census Tract 166.01; San Francisco County; California","210417","14496",
"1400000US06075016602","Census Tract 166.02; San Francisco County; California","250,000+","***",
"1400000US06075016700","Census Tract 167; San Francisco County; California","250,000+","***",
"1400000US06075016801","Census Tract 168.01; San Francisco County; California","250,000+","***",
"1400000US06075016802","Census Tract 168.02; San Francisco County; California","153135","52061",
"1400000US06075016900","Census Tract 169; San Francisco County; California","250,000+","***",
"1400000US06075017000","Census Tract 170; San Francisco County; California","250,000+","***",
"1400000US06075017101","Census Tract 171.01; San Francisco County; California","250,000+","***",
"1400000US06075017102","Census Tract 171.02; San Francisco County; California","250,000+","***",
"1400000US06075017602","Census Tract 176.02; San Francisco County; California","136935","62565",
"1400000US06075017603","Census Tract 176.03; San Francisco County; California","-","**",
"1400000US06075017604","Census Tract 176.04; San Francisco County; California","117250","76938",
"1400000US06075017700","Census Tract 177; San Francisco County; California","-","**",
"1400000US06075017801","Census Tract 178.01; San Francisco County; California","65625","63458",
"1400000US06075017803","Census Tract 178.03; San Francisco County; California","189375","161092",
"1400000US06075017804","Census Tract 178.04; San Francisco County; California","212321","167306",
"1400000US06075017903","Census Tract 179.03; San Francisco County; California","53182","22925",
"1400000US06075018000","Census Tract 180; San Francisco County; California","218681","134588",
"1400000US06075020101","Census Tract 201.01; San Francisco County; California","141529","44867",
"1400000US06075020102","Census Tract 201.02; San Francisco County; California","87361","25696",
"1400000US06075020201","Census Tract 202.01; San Francisco County; California","250,000+","***",
"1400000US06075020202","Census Tract 202.02; San Francisco County; California","121071","92649",
"1400000US06075020300","Census Tract 203; San Francisco County; California","242750","28772",
"1400000US06075020401","Census Tract 204.01; San Francisco County; California","242083","51877",
"1400000US06075020402","Census Tract 204.02; San Francisco County; California","200217","62134",
"1400000US06075020500","Census Tract 205; San Francisco County; California","250,000+","***",
"1400000US06075020601","Census Tract 206.01; San Francisco County; California","250,000+","***",
"1400000US06075020602","Census Tract 206.02; San Francisco County; California","202525","52980",
"1400000US06075020701","Census Tract 207.01; San Francisco County; California","250,000+","***",
"1400000US06075020702","Census Tract 207.02; San Francisco County; California","-","**",
"1400000US06075020801","Census Tract 208.01; San Francisco County; California","102897","14275",
"1400000US06075020802","Census Tract 208.02; San Francisco County; California","76714","3641",
"1400000US06075020900","Census Tract 209; San Francisco County; California","95706","20690",
"1400000US06075021000","Census Tract 210; San Francisco County; California","205045","63643",
"1400000US06075021100","Census Tract 211; San Francisco County; California","250,000+","***",
"1400000US06075021200","Census Tract 212; San Francisco County; California","224688","54895",
"1400000US06075021300","Census Tract 213; San Francisco County; California","250,000+","***",
"1400000US06075021400","Census Tract 214; San Francisco County; California","250,000+","***",
"1400000US06075021500","Census Tract 215; San Francisco County; California","250,000+","***",
"1400000US06075021600","Census Tract 216; San Francisco County; California","250,000+","***",
"1400000US06075021700","Census Tract 217; San Francisco County; California","183125","105165",
"1400000US06075021800","Census Tract 218; San Francisco County; California","250,000+","***",
"1400000US06075022600","Census Tract 226; San Francisco County; California","250,000+","***",
"1400000US06075022702","Census Tract 227.02; San Francisco County; California","250,000+","***",
"1400000US06075022704","Census Tract 227.04; San Francisco County; California","250,000+","***",
"1400000US06075022801","Census Tract 228.01; San Francisco County; California","142721","52769",
"1400000US06075022802","Census Tract 228.02; San Francisco County; California","208409","62609",
"1400000US06075022803","Census Tract 228.03; San Francisco County; California","166354","35835",
"1400000US06075022901","Census Tract 229.01; San Francisco County; California","77535","28674",
"1400000US06075022902","Census Tract 229.02; San Francisco County; California","142656","44031",
"1400000US06075022903","Census Tract 229.03; San Francisco County; California","185333","72558",
"1400000US06075023001","Census Tract 230.01; San Francisco County; California","117233","50984",
"1400000US06075023003","Census Tract 230.03; San Francisco County; California","153871","50346",
"1400000US06075023102","Census Tract 231.02; San Francisco County; California","59221","23688",
"1400000US06075023103","Census Tract 231.03; San Francisco County; California","31776","11484",
"1400000US06075023200","Census Tract 232; San Francisco County; California","95536","48709",
"1400000US06075023300","Census Tract 233; San Francisco County; California","84292","30004",
"1400000US06075023400","Census Tract 234; San Francisco County; California","-","**",
"1400000US06075025100","Census Tract 251; San Francisco County; California","143750","49960",
"1400000US06075025200","Census Tract 252; San Francisco County; California","170588","88138",
"1400000US06075025300","Census Tract 253; San Francisco County; California","205205","42999",
"1400000US06075025401","Census Tract 254.01; San Francisco County; California","183939","75295",
"1400000US06075025402","Census Tract 254.02; San Francisco County; California","174063","42933",
"1400000US06075025403","Census Tract 254.03; San Francisco County; California","113977","67753",
"1400000US06075025501","Census Tract 255.01; San Francisco County; California","131875","57891",
"1400000US06075025502","Census Tract 255.02; San Francisco County; California","214219","87029",
"1400000US06075025600","Census Tract 256; San Francisco County; California","109196","45463",
"1400000US06075025701","Census Tract 257.01; San Francisco County; California","124928","11450",
"1400000US06075025702","Census Tract 257.02; San Francisco County; California","114819","52889",
"1400000US06075025800","Census Tract 258; San Francisco County; California","121731","57850",
"1400000US06075025900","Census Tract 259; San Francisco County; California","156591","68272",
"1400000US06075026001","Census Tract 260.01; San Francisco County; California","117458","14442",
"1400000US06075026002","Census Tract 260.02; San Francisco County; California","119306","24961",
"1400000US06075026003","Census Tract 260.03; San Francisco County; California","124032","31204",
"1400000US06075026004","Census Tract 260.04; San Francisco County; California","116146","43816",
"1400000US06075026100","Census Tract 261; San Francisco County; California","131422","33842",
"1400000US06075026201","Census Tract 262.01; San Francisco County; California","149525","21658",
"1400000US06075026202","Census Tract 262.02; San Francisco County; California","142984","22640",
"1400000US06075026301","Census Tract 263.01; San Francisco County; California","101763","11482",
"1400000US06075026302","Census Tract 263.02; San Francisco County; California","132708","44751",
"1400000US06075026303","Census Tract 263.03; San Francisco County; California","129183","33693",
"1400000US06075026401","Census Tract 264.01; San Francisco County; California","76538","18140",
"1400000US06075026402","Census Tract 264.02; San Francisco County; California","120733","20905",
"1400000US06075026403","Census Tract 264.03; San Francisco County; California","77143","74834",
"1400000US06075026404","Census Tract 264.04; San Francisco County; California","95375","35356",
"1400000US06075030101","Census Tract 301.01; San Francisco County; California","177543","11305",
"1400000US06075030102","Census Tract 301.02; San Francisco County; California","250,000+","***",
"1400000US06075030201","Census Tract 302.01; San Francisco County; California","131464","48634",
"1400000US06075030202","Census Tract 302.02; San Francisco County; California","141957","60192",
"1400000US06075030301","Census Tract 303.01; San Francisco County; California","193400","64224",
"1400000US06075030302","Census Tract 303.02; San Francisco County; California","226528","52386",
"1400000US06075030400","Census Tract 304; San Francisco County; California","170000","52670",
"1400000US06075030500","Census Tract 305; San Francisco County; California","234010","87823",
"1400000US06075030600","Census Tract 306; San Francisco County; California","250,000+","***",
"1400000US06075030700","Census Tract 307; San Francisco County; California","224273","48560",
"1400000US06075030800","Census Tract 308; San Francisco County; California","227784","80174",
"1400000US06075030900","Census Tract 309; San Francisco County; California","238479","30820",
"1400000US06075031000","Census Tract 310; San Francisco County; California","205521","38488",
"1400000US06075031100","Census Tract 311; San Francisco County; California","196136","39986",
"1400000US06075031201","Census Tract 312.01; San Francisco County; California","122500","63144",
"1400000US06075031202","Census Tract 312.02; San Francisco County; California","123512","46755",
"1400000US06075031301","Census Tract 313.01; San Francisco County; California","143464","22655",
"1400000US06075031302","Census Tract 313.02; San Francisco County; California","125500","20717",
"1400000US06075031401","Census Tract 314.01; San Francisco County; California","93125","17418",
"1400000US06075031402","Census Tract 314.02; San Francisco County; California","166525","36119",
"1400000US06075032601","Census Tract 326.01; San Francisco County; California","180065","34774",
"1400000US06075032602","Census Tract 326.02; San Francisco County; California","184167","29616",
"1400000US06075032700","Census Tract 327; San Francisco County; California","185290","63639",
"1400000US06075032801","Census Tract 328.01; San Francisco County; California","157589","67431",
"1400000US06075032802","Census Tract 328.02; San Francisco County; California","152097","38054",
"1400000US06075032901","Census Tract 329.01; San Francisco County; California","170568","18784",
"1400000US06075032902","Census Tract 329.02; San Francisco County; California","124830","39287",
"1400000US06075033001","Census Tract 330.01; San Francisco County; California","193917","65344",
"1400000US06075033002","Census Tract 330.02; San Francisco County; California","206719","57167",
"1400000US06075033100","Census Tract 331; San Francisco County; California","181375","27849",
"1400000US06075033201","Census Tract 332.01; San Francisco County; California","181851","12215",
"1400000US06075033203","Census Tract 332.03; San Francisco County; California","159107","45658",
"1400000US06075033204","Census Tract 332.04; San Francisco County; California","91719","54621",
"1400000US06075035101","Census Tract 351.01; San Francisco County; California","128523","79881",
"1400000US06075035102","Census Tract 351.02; San Francisco County; California","203200","60989",
"1400000US06075035201","Census Tract 352.01; San Francisco County; California","136019","26033",
"1400000US06075035202","Census Tract 352.02; San Francisco County; California","123846","32047",
"1400000US06075035300","Census Tract 353; San Francisco County; California","200714","42910",
"1400000US06075035400","Census Tract 354; San Francisco County; California","143844","24875",
"1400000US06075040100","Census Tract 401; San Francisco County; California","153021","57810",
"1400000US06075040200","Census Tract 402; San Francisco County; California","250,000+","***",
"1400000US06075042601","Census Tract 426.01; San Francisco County; California","156932","38144",
"1400000US06075042602","Census Tract 426.02; San Francisco County; California","190896","25829",
"1400000US06075042700","Census Tract 427; San Francisco County; California","139868","40641",
"1400000US06075042800","Census Tract 428; San Francisco County; California","250,000+","***",
"1400000US06075045100","Census Tract 451; San Francisco County; California","223007","47030",
"1400000US06075045201","Census Tract 452.01; San Francisco County; California","206731","56725",
"1400000US06075045202","Census Tract 452.02; San Francisco County; California","184375","64083",
"1400000US06075047600","Census Tract 476; San Francisco County; California","200264","50313",
"1400000US06075047701","Census Tract 477.01; San Francisco County; California","141995","70621",
"1400000US06075047702","Census Tract 477.02; San Francisco County; California","158698","42052",
"1400000US06075047801","Census Tract 478.01; San Francisco County; California","217083","47363",
"1400000US06075047802","Census Tract 478.02; San Francisco County; California","217651","65683",
"1400000US06075047902","Census Tract 479.02; San Francisco County; California","161583","71327",
"1400000US06075047903","Census Tract 479.03; San Francisco County; California","178604","11471",
"1400000US06075047904","Census Tract 479.04; San Francisco County; California","103370","24551",
"1400000US06075060100","Census Tract 601; San Francisco County; California","250,000+","***",
"1400000US06075060400","Census Tract 604; San Francisco County; California","91304","38811",
"1400000US06075060502","Census Tract 605.02; San Francisco County; California","53487","34241",
"1400000US06075060701","Census Tract 607.01; San Francisco County; California","250,000+","***",
"1400000US06075060702","Census Tract 607.02; San Francisco County; California","169741","155516",
"1400000US06075060703","Census Tract 607.03; San Francisco County; California","173049","172174",
"1400000US06075061000","Census Tract 610; San Francisco County; California","123977","35533",
"1400000US06075061101","Census Tract 611.01; San Francisco County; California","43376","9277",
"1400000US06075061102","Census Tract 611.02; San Francisco County; California","45809","11021",
"1400000US06075061200","Census Tract 612; San Francisco County; California","82292","37760",
"1400000US06075061401","Census Tract 614.01; San Francisco County; California","233309","112078",
"1400000US06075061402","Census Tract 614.02; San Francisco County; California","227361","38193",
"1400000US06075061501","Census Tract 615.01; San Francisco County; California","250,000+","***",
"1400000US06075061502","Census Tract 615.02; San Francisco County; California","-","**",
"1400000US06075061503","Census Tract 615.03; San Francisco County; California","231310","128893",
"1400000US06075061504","Census Tract 615.04; San Francisco County; California","250,000+","***",
"1400000US06075061505","Census Tract 615.05; San Francisco County; California","250,000+","***",
"1400000US06075061506","Census Tract 615.06; San Francisco County; California","250,000+","***",
"1400000US06075061507","Census Tract 615.07; San Francisco County; California","190909","66497",
"1400000US06075061508","Census Tract 615.08; San Francisco County; California","212656","84819",
"1400000US06075980200","Census Tract 9802; San Francisco County; California","-","**",
"1400000US06075980300","Census Tract 9803; San Francisco County; California","-","**",
"1400000US06075980401","Census Tract 9804.01; San Francisco County; California","-","**",
"1400000US06075980501","Census Tract 9805.01; San Francisco County; California","23500","14143",
"1400000US06075980600","Census Tract 9806; San Francisco County; California","136167","43755",
"1400000US06075980900","Census Tract 9809; San Francisco County; California","-","**",
"1400000US06075990100","Census Tract 9901; San Francisco County; California","-","**",
"1400000US06075990200","Census Tract 9902; San Francisco County; California","-","**",
"1400000US06077000101","Census Tract 1.01; San Joaquin County; California","43629","18123",
"1400000US06077000102","Census Tract 1.02; San Joaquin County; California","32356","16170",
"1400000US06077000300","Census Tract 3; San Joaquin County; California","-","**",
"1400000US06077000401","Census Tract 4.01; San Joaquin County; California","85903","9460",
"1400000US06077000402","Census Tract 4.02; San Joaquin County; California","48617","27387",
"1400000US06077000500","Census Tract 5; San Joaquin County; California","62208","20897",
"1400000US06077000600","Census Tract 6; San Joaquin County; California","40610","6877",
"1400000US06077000700","Census Tract 7; San Joaquin County; California","42861","16533",
"1400000US06077000802","Census Tract 8.02; San Joaquin County; California","69877","6116",
"1400000US06077000803","Census Tract 8.03; San Joaquin County; California","114943","22092",
"1400000US06077000900","Census Tract 9; San Joaquin County; California","68293","20952",
"1400000US06077001000","Census Tract 10; San Joaquin County; California","105264","26803",
"1400000US06077001101","Census Tract 11.01; San Joaquin County; California","69132","19313",
"1400000US06077001102","Census Tract 11.02; San Joaquin County; California","76207","23911",
"1400000US06077001200","Census Tract 12; San Joaquin County; California","124917","32428",
"1400000US06077001300","Census Tract 13; San Joaquin County; California","68217","11677",
"1400000US06077001400","Census Tract 14; San Joaquin County; California","76719","21855",
"1400000US06077001501","Census Tract 15.01; San Joaquin County; California","102212","39188",
"1400000US06077001502","Census Tract 15.02; San Joaquin County; California","49265","31690",
"1400000US06077001600","Census Tract 16; San Joaquin County; California","63370","18926",
"1400000US06077001700","Census Tract 17; San Joaquin County; California","47865","30531",
"1400000US06077001800","Census Tract 18; San Joaquin County; California","73125","13198",
"1400000US06077001900","Census Tract 19; San Joaquin County; California","60769","5489",
"1400000US06077002000","Census Tract 20; San Joaquin County; California","62109","7452",
"1400000US06077002100","Census Tract 21; San Joaquin County; California","47429","16450",
"1400000US06077002201","Census Tract 22.01; San Joaquin County; California","46576","16422",
"1400000US06077002202","Census Tract 22.02; San Joaquin County; California","51381","7379",
"1400000US06077002300","Census Tract 23; San Joaquin County; California","62440","22527",
"1400000US06077002401","Census Tract 24.01; San Joaquin County; California","83489","14920",
"1400000US06077002402","Census Tract 24.02; San Joaquin County; California","46667","23770",
"1400000US06077002503","Census Tract 25.03; San Joaquin County; California","55987","10769",
"1400000US06077002504","Census Tract 25.04; San Joaquin County; California","96500","38425",
"1400000US06077002701","Census Tract 27.01; San Joaquin County; California","57500","12453",
"1400000US06077002702","Census Tract 27.02; San Joaquin County; California","62045","20652",
"1400000US06077002800","Census Tract 28; San Joaquin County; California","86250","8963",
"1400000US06077003106","Census Tract 31.06; San Joaquin County; California","98167","14277",
"1400000US06077003108","Census Tract 31.08; San Joaquin County; California","84115","9719",
"1400000US06077003109","Census Tract 31.09; San Joaquin County; California","69980","18651",
"1400000US06077003110","Census Tract 31.10; San Joaquin County; California","71789","19983",
"1400000US06077003111","Census Tract 31.11; San Joaquin County; California","65625","16581",
"1400000US06077003112","Census Tract 31.12; San Joaquin County; California","101219","29146",
"1400000US06077003115","Census Tract 31.15; San Joaquin County; California","87841","46019",
"1400000US06077003116","Census Tract 31.16; San Joaquin County; California","-","**",
"1400000US06077003117","Census Tract 31.17; San Joaquin County; California","173266","23436",
"1400000US06077003118","Census Tract 31.18; San Joaquin County; California","134722","49419",
"1400000US06077003119","Census Tract 31.19; San Joaquin County; California","195278","47033",
"1400000US06077003203","Census Tract 32.03; San Joaquin County; California","117673","15859",
"1400000US06077003205","Census Tract 32.05; San Joaquin County; California","107885","44726",
"1400000US06077003209","Census Tract 32.09; San Joaquin County; California","115662","15345",
"1400000US06077003210","Census Tract 32.10; San Joaquin County; California","100966","12420",
"1400000US06077003213","Census Tract 32.13; San Joaquin County; California","80833","28680",
"1400000US06077003214","Census Tract 32.14; San Joaquin County; California","116058","14026",
"1400000US06077003215","Census Tract 32.15; San Joaquin County; California","82641","15436",
"1400000US06077003216","Census Tract 32.16; San Joaquin County; California","101517","3371",
"1400000US06077003217","Census Tract 32.17; San Joaquin County; California","49135","27133",
"1400000US06077003218","Census Tract 32.18; San Joaquin County; California","84000","32711",
"1400000US06077003219","Census Tract 32.19; San Joaquin County; California","117786","18244",
"1400000US06077003305","Census Tract 33.05; San Joaquin County; California","83849","15356",
"1400000US06077003306","Census Tract 33.06; San Joaquin County; California","68447","16006",
"1400000US06077003307","Census Tract 33.07; San Joaquin County; California","54438","13079",
"1400000US06077003308","Census Tract 33.08; San Joaquin County; California","59750","40060",
"1400000US06077003310","Census Tract 33.10; San Joaquin County; California","54632","29878",
"1400000US06077003311","Census Tract 33.11; San Joaquin County; California","87122","14019",
"1400000US06077003312","Census Tract 33.12; San Joaquin County; California","36458","9382",
"1400000US06077003313","Census Tract 33.13; San Joaquin County; California","74403","13017",
"1400000US06077003403","Census Tract 34.03; San Joaquin County; California","81506","21611",
"1400000US06077003404","Census Tract 34.04; San Joaquin County; California","55540","6315",
"1400000US06077003405","Census Tract 34.05; San Joaquin County; California","86010","15583",
"1400000US06077003406","Census Tract 34.06; San Joaquin County; California","39573","14921",
"1400000US06077003407","Census Tract 34.07; San Joaquin County; California","58882","22680",
"1400000US06077003409","Census Tract 34.09; San Joaquin County; California","78313","7404",
"1400000US06077003410","Census Tract 34.10; San Joaquin County; California","73472","15012",
"1400000US06077003501","Census Tract 35.01; San Joaquin County; California","91696","61705",
"1400000US06077003502","Census Tract 35.02; San Joaquin County; California","129693","74195",
"1400000US06077003503","Census Tract 35.03; San Joaquin County; California","110220","23287",
"1400000US06077003504","Census Tract 35.04; San Joaquin County; California","104908","27775",
"1400000US06077003601","Census Tract 36.01; San Joaquin County; California","133900","27605",
"1400000US06077003602","Census Tract 36.02; San Joaquin County; California","95439","31892",
"1400000US06077003700","Census Tract 37; San Joaquin County; California","61006","18991",
"1400000US06077003803","Census Tract 38.03; San Joaquin County; California","114531","25543",
"1400000US06077003804","Census Tract 38.04; San Joaquin County; California","123750","23376",
"1400000US06077003805","Census Tract 38.05; San Joaquin County; California","131080","12240",
"1400000US06077003806","Census Tract 38.06; San Joaquin County; California","119286","48484",
"1400000US06077003807","Census Tract 38.07; San Joaquin County; California","109674","10646",
"1400000US06077003808","Census Tract 38.08; San Joaquin County; California","101071","36114",
"1400000US06077003900","Census Tract 39; San Joaquin County; California","100917","69147",
"1400000US06077004001","Census Tract 40.01; San Joaquin County; California","59659","16676",
"1400000US06077004003","Census Tract 40.03; San Joaquin County; California","139500","16999",
"1400000US06077004004","Census Tract 40.04; San Joaquin County; California","132625","23394",
"1400000US06077004104","Census Tract 41.04; San Joaquin County; California","129205","26142",
"1400000US06077004105","Census Tract 41.05; San Joaquin County; California","121964","24805",
"1400000US06077004106","Census Tract 41.06; San Joaquin County; California","111542","29690",
"1400000US06077004107","Census Tract 41.07; San Joaquin County; California","84063","24016",
"1400000US06077004108","Census Tract 41.08; San Joaquin County; California","130549","17325",
"1400000US06077004202","Census Tract 42.02; San Joaquin County; California","161023","15610",
"1400000US06077004203","Census Tract 42.03; San Joaquin County; California","79913","16518",
"1400000US06077004204","Census Tract 42.04; San Joaquin County; California","103940","12580",
"1400000US06077004205","Census Tract 42.05; San Joaquin County; California","78224","22761",
"1400000US06077004206","Census Tract 42.06; San Joaquin County; California","89839","35424",
"1400000US06077004302","Census Tract 43.02; San Joaquin County; California","89375","20545",
"1400000US06077004305","Census Tract 43.05; San Joaquin County; California","141029","41249",
"1400000US06077004307","Census Tract 43.07; San Joaquin County; California","81719","10323",
"1400000US06077004308","Census Tract 43.08; San Joaquin County; California","83333","26071",
"1400000US06077004309","Census Tract 43.09; San Joaquin County; California","112422","51898",
"1400000US06077004310","Census Tract 43.10; San Joaquin County; California","169457","13229",
"1400000US06077004402","Census Tract 44.02; San Joaquin County; California","105000","19107",
"1400000US06077004403","Census Tract 44.03; San Joaquin County; California","30313","11848",
"1400000US06077004404","Census Tract 44.04; San Joaquin County; California","66667","27970",
"1400000US06077004501","Census Tract 45.01; San Joaquin County; California","72391","30460",
"1400000US06077004502","Census Tract 45.02; San Joaquin County; California","50227","9309",
"1400000US06077004600","Census Tract 46; San Joaquin County; California","117132","34962",
"1400000US06077004701","Census Tract 47.01; San Joaquin County; California","112473","27306",
"1400000US06077004703","Census Tract 47.03; San Joaquin County; California","133958","28397",
"1400000US06077004704","Census Tract 47.04; San Joaquin County; California","121833","40969",
"1400000US06077004800","Census Tract 48; San Joaquin County; California","123691","14576",
"1400000US06077004903","Census Tract 49.03; San Joaquin County; California","99514","31764",
"1400000US06077004904","Census Tract 49.04; San Joaquin County; California","106620","9935",
"1400000US06077004905","Census Tract 49.05; San Joaquin County; California","103879","43387",
"1400000US06077004906","Census Tract 49.06; San Joaquin County; California","86205","29074",
"1400000US06077005001","Census Tract 50.01; San Joaquin County; California","110489","75134",
"1400000US06077005003","Census Tract 50.03; San Joaquin County; California","154023","30815",
"1400000US06077005004","Census Tract 50.04; San Joaquin County; California","116415","24424",
"1400000US06077005106","Census Tract 51.06; San Joaquin County; California","148910","20024",
"1400000US06077005108","Census Tract 51.08; San Joaquin County; California","78882","19387",
"1400000US06077005109","Census Tract 51.09; San Joaquin County; California","58113","11749",
"1400000US06077005119","Census Tract 51.19; San Joaquin County; California","120824","38085",
"1400000US06077005122","Census Tract 51.22; San Joaquin County; California","197813","49652",
"1400000US06077005123","Census Tract 51.23; San Joaquin County; California","97700","35990",
"1400000US06077005124","Census Tract 51.24; San Joaquin County; California","74256","9839",
"1400000US06077005125","Census Tract 51.25; San Joaquin County; California","95278","11981",
"1400000US06077005126","Census Tract 51.26; San Joaquin County; California","82238","15202",
"1400000US06077005127","Census Tract 51.27; San Joaquin County; California","131853","34425",
"1400000US06077005129","Census Tract 51.29; San Joaquin County; California","95260","19799",
"1400000US06077005130","Census Tract 51.30; San Joaquin County; California","99063","21947",
"1400000US06077005131","Census Tract 51.31; San Joaquin County; California","90491","20783",
"1400000US06077005132","Census Tract 51.32; San Joaquin County; California","61982","36086",
"1400000US06077005133","Census Tract 51.33; San Joaquin County; California","83936","15590",
"1400000US06077005134","Census Tract 51.34; San Joaquin County; California","110463","16128",
"1400000US06077005135","Census Tract 51.35; San Joaquin County; California","125122","11469",
"1400000US06077005136","Census Tract 51.36; San Joaquin County; California","118711","29382",
"1400000US06077005137","Census Tract 51.37; San Joaquin County; California","142794","32256",
"1400000US06077005138","Census Tract 51.38; San Joaquin County; California","75982","41092",
"1400000US06077005139","Census Tract 51.39; San Joaquin County; California","161124","13609",
"1400000US06077005140","Census Tract 51.40; San Joaquin County; California","76902","31227",
"1400000US06077005141","Census Tract 51.41; San Joaquin County; California","103179","30775",
"1400000US06077005208","Census Tract 52.08; San Joaquin County; California","111495","19510",
"1400000US06077005211","Census Tract 52.11; San Joaquin County; California","157121","21411",
"1400000US06077005212","Census Tract 52.12; San Joaquin County; California","177722","15918",
"1400000US06077005213","Census Tract 52.13; San Joaquin County; California","155714","44278",
"1400000US06077005214","Census Tract 52.14; San Joaquin County; California","145125","24701",
"1400000US06077005215","Census Tract 52.15; San Joaquin County; California","192663","43169",
"1400000US06077005216","Census Tract 52.16; San Joaquin County; California","155536","30220",
"1400000US06077005217","Census Tract 52.17; San Joaquin County; California","127132","42924",
"1400000US06077005218","Census Tract 52.18; San Joaquin County; California","183239","34629",
"1400000US06077005219","Census Tract 52.19; San Joaquin County; California","164907","16907",
"1400000US06077005220","Census Tract 52.20; San Joaquin County; California","103750","10758",
"1400000US06077005221","Census Tract 52.21; San Joaquin County; California","191316","23905",
"1400000US06077005222","Census Tract 52.22; San Joaquin County; California","166531","11385",
"1400000US06077005223","Census Tract 52.23; San Joaquin County; California","194295","33866",
"1400000US06077005224","Census Tract 52.24; San Joaquin County; California","138750","16777",
"1400000US06077005225","Census Tract 52.25; San Joaquin County; California","102908","47886",
"1400000US06077005303","Census Tract 53.03; San Joaquin County; California","70938","10634",
"1400000US06077005307","Census Tract 53.07; San Joaquin County; California","96765","16793",
"1400000US06077005308","Census Tract 53.08; San Joaquin County; California","108542","27592",
"1400000US06077005309","Census Tract 53.09; San Joaquin County; California","107003","9045",
"1400000US06077005310","Census Tract 53.10; San Joaquin County; California","99844","48481",
"1400000US06077005311","Census Tract 53.11; San Joaquin County; California","47632","20038",
"1400000US06077005312","Census Tract 53.12; San Joaquin County; California","138934","25752",
"1400000US06077005403","Census Tract 54.03; San Joaquin County; California","130575","12736",
"1400000US06077005405","Census Tract 54.05; San Joaquin County; California","89960","46290",
"1400000US06077005406","Census Tract 54.06; San Joaquin County; California","91563","28303",
"1400000US06077005502","Census Tract 55.02; San Joaquin County; California","190975","24897",
"1400000US06077005503","Census Tract 55.03; San Joaquin County; California","80179","6890",
"1400000US06077980000","Census Tract 9800; San Joaquin County; California","-","**",
"1400000US06079010016","Census Tract 100.16; San Luis Obispo County; California","100000","17191",
"1400000US06079010017","Census Tract 100.17; San Luis Obispo County; California","108878","22614",
"1400000US06079010101","Census Tract 101.01; San Luis Obispo County; California","114583","9348",
"1400000US06079010103","Census Tract 101.03; San Luis Obispo County; California","92031","24620",
"1400000US06079010104","Census Tract 101.04; San Luis Obispo County; California","93527","56555",
"1400000US06079010202","Census Tract 102.02; San Luis Obispo County; California","111482","20598",
"1400000US06079010204","Census Tract 102.04; San Luis Obispo County; California","106667","20339",
"1400000US06079010205","Census Tract 102.05; San Luis Obispo County; California","94554","16326",
"1400000US06079010206","Census Tract 102.06; San Luis Obispo County; California","134028","21867",
"1400000US06079010207","Census Tract 102.07; San Luis Obispo County; California","125398","20865",
"1400000US06079010301","Census Tract 103.01; San Luis Obispo County; California","102266","45299",
"1400000US06079010302","Census Tract 103.02; San Luis Obispo County; California","167596","44526",
"1400000US06079010303","Census Tract 103.03; San Luis Obispo County; California","122500","16623",
"1400000US06079010403","Census Tract 104.03; San Luis Obispo County; California","91471","20858",
"1400000US06079010404","Census Tract 104.04; San Luis Obispo County; California","105000","21078",
"1400000US06079010504","Census Tract 105.04; San Luis Obispo County; California","114508","27535",
"1400000US06079010505","Census Tract 105.05; San Luis Obispo County; California","96198","40578",
"1400000US06079010506","Census Tract 105.06; San Luis Obispo County; California","146328","52346",
"1400000US06079010602","Census Tract 106.02; San Luis Obispo County; California","93575","20225",
"1400000US06079010603","Census Tract 106.03; San Luis Obispo County; California","120766","17150",
"1400000US06079010701","Census Tract 107.01; San Luis Obispo County; California","114258","12121",
"1400000US06079010703","Census Tract 107.03; San Luis Obispo County; California","91761","3890",
"1400000US06079010707","Census Tract 107.07; San Luis Obispo County; California","122083","19729",
"1400000US06079010902","Census Tract 109.02; San Luis Obispo County; California","91500","62428",
"1400000US06079010903","Census Tract 109.03; San Luis Obispo County; California","-","**",
"1400000US06079010904","Census Tract 109.04; San Luis Obispo County; California","-","**",
"1400000US06079011001","Census Tract 110.01; San Luis Obispo County; California","144038","14986",
"1400000US06079011002","Census Tract 110.02; San Luis Obispo County; California","138578","16451",
"1400000US06079011101","Census Tract 111.01; San Luis Obispo County; California","119291","21607",
"1400000US06079011103","Census Tract 111.03; San Luis Obispo County; California","121406","66259",
"1400000US06079011104","Census Tract 111.04; San Luis Obispo County; California","116875","18599",
"1400000US06079011105","Census Tract 111.05; San Luis Obispo County; California","124844","28792",
"1400000US06079011201","Census Tract 112.01; San Luis Obispo County; California","87702","14825",
"1400000US06079011202","Census Tract 112.02; San Luis Obispo County; California","142313","54025",
"1400000US06079011300","Census Tract 113; San Luis Obispo County; California","116346","25781",
"1400000US06079011400","Census Tract 114; San Luis Obispo County; California","-","**",
"1400000US06079011501","Census Tract 115.01; San Luis Obispo County; California","92500","28978",
"1400000US06079011505","Census Tract 115.05; San Luis Obispo County; California","153875","18963",
"1400000US06079011600","Census Tract 116; San Luis Obispo County; California","184350","57150",
"1400000US06079011704","Census Tract 117.04; San Luis Obispo County; California","139653","46319",
"1400000US06079011705","Census Tract 117.05; San Luis Obispo County; California","113438","34384",
"1400000US06079011706","Census Tract 117.06; San Luis Obispo County; California","156250","45646",
"1400000US06079011800","Census Tract 118; San Luis Obispo County; California","159306","23745",
"1400000US06079011901","Census Tract 119.01; San Luis Obispo County; California","121607","34113",
"1400000US06079011903","Census Tract 119.03; San Luis Obispo County; California","119063","45078",
"1400000US06079011904","Census Tract 119.04; San Luis Obispo County; California","122213","12048",
"1400000US06079012001","Census Tract 120.01; San Luis Obispo County; California","86289","27718",
"1400000US06079012002","Census Tract 120.02; San Luis Obispo County; California","73036","28210",
"1400000US06079012102","Census Tract 121.02; San Luis Obispo County; California","95775","5485",
"1400000US06079012201","Census Tract 122.01; San Luis Obispo County; California","100604","6817",
"1400000US06079012202","Census Tract 122.02; San Luis Obispo County; California","92452","23695",
"1400000US06079012302","Census Tract 123.02; San Luis Obispo County; California","123897","21133",
"1400000US06079012305","Census Tract 123.05; San Luis Obispo County; California","153542","26088",
"1400000US06079012306","Census Tract 123.06; San Luis Obispo County; California","158508","20818",
"1400000US06079012403","Census Tract 124.03; San Luis Obispo County; California","102937","27619",
"1400000US06079012404","Census Tract 124.04; San Luis Obispo County; California","118481","24843",
"1400000US06079012405","Census Tract 124.05; San Luis Obispo County; California","120363","60875",
"1400000US06079012406","Census Tract 124.06; San Luis Obispo County; California","106905","40561",
"1400000US06079012502","Census Tract 125.02; San Luis Obispo County; California","81645","29367",
"1400000US06079012503","Census Tract 125.03; San Luis Obispo County; California","89988","14403",
"1400000US06079012505","Census Tract 125.05; San Luis Obispo County; California","127833","41956",
"1400000US06079012601","Census Tract 126.01; San Luis Obispo County; California","138765","23174",
"1400000US06079012602","Census Tract 126.02; San Luis Obispo County; California","153910","8967",
"1400000US06079012705","Census Tract 127.05; San Luis Obispo County; California","100753","13286",
"1400000US06079012706","Census Tract 127.06; San Luis Obispo County; California","127076","38395",
"1400000US06079012707","Census Tract 127.07; San Luis Obispo County; California","167736","20370",
"1400000US06079012708","Census Tract 127.08; San Luis Obispo County; California","103472","91992",
"1400000US06079013000","Census Tract 130; San Luis Obispo County; California","79453","26247",
"1400000US06079013100","Census Tract 131; San Luis Obispo County; California","114832","8028",
"1400000US06079990000","Census Tract 9900; San Luis Obispo County; California","-","**",
"1400000US06081600100","Census Tract 6001; San Mateo County; California","169034","63378",
"1400000US06081600200","Census Tract 6002; San Mateo County; California","134006","23657",
"1400000US06081600300","Census Tract 6003; San Mateo County; California","172813","29866",
"1400000US06081600401","Census Tract 6004.01; San Mateo County; California","174688","17578",
"1400000US06081600402","Census Tract 6004.02; San Mateo County; California","104861","50559",
"1400000US06081600501","Census Tract 6005.01; San Mateo County; California","130278","82290",
"1400000US06081600502","Census Tract 6005.02; San Mateo County; California","132254","24197",
"1400000US06081600600","Census Tract 6006; San Mateo County; California","106563","3458",
"1400000US06081600701","Census Tract 6007.01; San Mateo County; California","120682","48597",
"1400000US06081600702","Census Tract 6007.02; San Mateo County; California","144006","68275",
"1400000US06081600800","Census Tract 6008; San Mateo County; California","95675","16454",
"1400000US06081600900","Census Tract 6009; San Mateo County; California","180054","22303",
"1400000US06081601000","Census Tract 6010; San Mateo County; California","127125","27253",
"1400000US06081601100","Census Tract 6011; San Mateo County; California","157453","24665",
"1400000US06081601200","Census Tract 6012; San Mateo County; California","154904","35090",
"1400000US06081601301","Census Tract 6013.01; San Mateo County; California","122118","17432",
"1400000US06081601302","Census Tract 6013.02; San Mateo County; California","106250","12642",
"1400000US06081601400","Census Tract 6014; San Mateo County; California","104884","19690",
"1400000US06081601501","Census Tract 6015.01; San Mateo County; California","193438","20954",
"1400000US06081601502","Census Tract 6015.02; San Mateo County; California","96840","31476",
"1400000US06081601601","Census Tract 6016.01; San Mateo County; California","116300","17155",
"1400000US06081601603","Census Tract 6016.03; San Mateo County; California","157212","23378",
"1400000US06081601604","Census Tract 6016.04; San Mateo County; California","168150","38004",
"1400000US06081601605","Census Tract 6016.05; San Mateo County; California","180804","35456",
"1400000US06081601700","Census Tract 6017; San Mateo County; California","188125","25333",
"1400000US06081601800","Census Tract 6018; San Mateo County; California","157137","34214",
"1400000US06081601901","Census Tract 6019.01; San Mateo County; California","109375","30586",
"1400000US06081601902","Census Tract 6019.02; San Mateo County; California","180962","44126",
"1400000US06081602001","Census Tract 6020.01; San Mateo County; California","165924","23881",
"1400000US06081602002","Census Tract 6020.02; San Mateo County; California","139500","40213",
"1400000US06081602100","Census Tract 6021; San Mateo County; California","87857","15803",
"1400000US06081602201","Census Tract 6022.01; San Mateo County; California","92610","21782",
"1400000US06081602202","Census Tract 6022.02; San Mateo County; California","87932","12609",
"1400000US06081602300","Census Tract 6023; San Mateo County; California","144432","55438",
"1400000US06081602400","Census Tract 6024; San Mateo County; California","142177","39206",
"1400000US06081602500","Census Tract 6025; San Mateo County; California","162273","22452",
"1400000US06081602601","Census Tract 6026.01; San Mateo County; California","161133","70055",
"1400000US06081602602","Census Tract 6026.02; San Mateo County; California","151149","32821",
"1400000US06081602700","Census Tract 6027; San Mateo County; California","178482","13924",
"1400000US06081602800","Census Tract 6028; San Mateo County; California","187768","27102",
"1400000US06081602900","Census Tract 6029; San Mateo County; California","169389","28141",
"1400000US06081603000","Census Tract 6030; San Mateo County; California","176181","21885",
"1400000US06081603100","Census Tract 6031; San Mateo County; California","214333","33598",
"1400000US06081603200","Census Tract 6032; San Mateo County; California","170268","50519",
"1400000US06081603300","Census Tract 6033; San Mateo County; California","185536","39379",
"1400000US06081603400","Census Tract 6034; San Mateo County; California","175034","49846",
"1400000US06081603700","Census Tract 6037; San Mateo County; California","162404","19854",
"1400000US06081603801","Census Tract 6038.01; San Mateo County; California","135625","15598",
"1400000US06081603802","Census Tract 6038.02; San Mateo County; California","163750","29337",
"1400000US06081603900","Census Tract 6039; San Mateo County; California","148538","41957",
"1400000US06081604000","Census Tract 6040; San Mateo County; California","165625","36340",
"1400000US06081604102","Census Tract 6041.02; San Mateo County; California","162095","52364",
"1400000US06081604103","Census Tract 6041.03; San Mateo County; California","114808","49940",
"1400000US06081604104","Census Tract 6041.04; San Mateo County; California","121728","16602",
"1400000US06081604200","Census Tract 6042; San Mateo County; California","153601","26566",
"1400000US06081604400","Census Tract 6044; San Mateo County; California","146071","37485",
"1400000US06081604500","Census Tract 6045; San Mateo County; California","188958","34657",
"1400000US06081604600","Census Tract 6046; San Mateo County; California","210125","73109",
"1400000US06081604700","Census Tract 6047; San Mateo County; California","245592","17842",
"1400000US06081604800","Census Tract 6048; San Mateo County; California","175511","20538",
"1400000US06081604900","Census Tract 6049; San Mateo County; California","187829","62973",
"1400000US06081605000","Census Tract 6050; San Mateo County; California","250,000+","***",
"1400000US06081605100","Census Tract 6051; San Mateo County; California","202216","37175",
"1400000US06081605200","Census Tract 6052; San Mateo County; California","250,000+","***",
"1400000US06081605300","Census Tract 6053; San Mateo County; California","219722","39095",
"1400000US06081605400","Census Tract 6054; San Mateo County; California","197639","28170",
"1400000US06081605501","Census Tract 6055.01; San Mateo County; California","235341","148609",
"1400000US06081605502","Census Tract 6055.02; San Mateo County; California","250,000+","***",
"1400000US06081605600","Census Tract 6056; San Mateo County; California","250,000+","***",
"1400000US06081605700","Census Tract 6057; San Mateo County; California","250,000+","***",
"1400000US06081605800","Census Tract 6058; San Mateo County; California","228500","92121",
"1400000US06081605901","Census Tract 6059.01; San Mateo County; California","143409","43686",
"1400000US06081605902","Census Tract 6059.02; San Mateo County; California","106504","29048",
"1400000US06081606000","Census Tract 6060; San Mateo County; California","102004","19897",
"1400000US06081606100","Census Tract 6061; San Mateo County; California","145195","24617",
"1400000US06081606201","Census Tract 6062.01; San Mateo County; California","47500","22447",
"1400000US06081606202","Census Tract 6062.02; San Mateo County; California","190694","72471",
"1400000US06081606300","Census Tract 6063; San Mateo County; California","134674","37336",
"1400000US06081606400","Census Tract 6064; San Mateo County; California","250,000+","***",
"1400000US06081606500","Census Tract 6065; San Mateo County; California","250,000+","***",
"1400000US06081606600","Census Tract 6066; San Mateo County; California","250,000+","***",
"1400000US06081606700","Census Tract 6067; San Mateo County; California","250,000+","***",
"1400000US06081606800","Census Tract 6068; San Mateo County; California","250,000+","***",
"1400000US06081606900","Census Tract 6069; San Mateo County; California","250,000+","***",
"1400000US06081607000","Census Tract 6070; San Mateo County; California","250,000+","***",
"1400000US06081607100","Census Tract 6071; San Mateo County; California","250,000+","***",
"1400000US06081607200","Census Tract 6072; San Mateo County; California","134345","38127",
"1400000US06081607300","Census Tract 6073; San Mateo County; California","250,000+","***",
"1400000US06081607400","Census Tract 6074; San Mateo County; California","149471","71176",
"1400000US06081607500","Census Tract 6075; San Mateo County; California","229172","31596",
"1400000US06081607600","Census Tract 6076; San Mateo County; California","159926","86088",
"1400000US06081607701","Census Tract 6077.01; San Mateo County; California","171667","35565",
"1400000US06081607702","Census Tract 6077.02; San Mateo County; California","142875","31799",
"1400000US06081607800","Census Tract 6078; San Mateo County; California","214770","27370",
"1400000US06081607900","Census Tract 6079; San Mateo County; California","169091","40892",
"1400000US06081608001","Census Tract 6080.01; San Mateo County; California","228548","34027",
"1400000US06081608002","Census Tract 6080.02; San Mateo County; California","240139","31391",
"1400000US06081608013","Census Tract 6080.13; San Mateo County; California","185179","44758",
"1400000US06081608023","Census Tract 6080.23; San Mateo County; California","250,000+","***",
"1400000US06081608024","Census Tract 6080.24; San Mateo County; California","250,000+","***",
"1400000US06081608025","Census Tract 6080.25; San Mateo County; California","197355","34712",
"1400000US06081608100","Census Tract 6081; San Mateo County; California","250,000+","***",
"1400000US06081608200","Census Tract 6082; San Mateo County; California","225889","78047",
"1400000US06081608300","Census Tract 6083; San Mateo County; California","249405","43906",
"1400000US06081608400","Census Tract 6084; San Mateo County; California","213036","45709",
"1400000US06081608501","Census Tract 6085.01; San Mateo County; California","172115","37436",
"1400000US06081608502","Census Tract 6085.02; San Mateo County; California","186023","42137",
"1400000US06081608600","Census Tract 6086; San Mateo County; California","188083","95002",
"1400000US06081608700","Census Tract 6087; San Mateo County; California","250,000+","***",
"1400000US06081608800","Census Tract 6088; San Mateo County; California","250,000+","***",
"1400000US06081608900","Census Tract 6089; San Mateo County; California","226744","31281",
"1400000US06081609000","Census Tract 6090; San Mateo County; California","250,000+","***",
"1400000US06081609100","Census Tract 6091; San Mateo County; California","250,000+","***",
"1400000US06081609201","Census Tract 6092.01; San Mateo County; California","250,000+","***",
"1400000US06081609202","Census Tract 6092.02; San Mateo County; California","201563","54594",
"1400000US06081609300","Census Tract 6093; San Mateo County; California","250,000+","***",
"1400000US06081609400","Census Tract 6094; San Mateo County; California","250,000+","***",
"1400000US06081609500","Census Tract 6095; San Mateo County; California","250,000+","***",
"1400000US06081609601","Census Tract 6096.01; San Mateo County; California","250,000+","***",
"1400000US06081609602","Census Tract 6096.02; San Mateo County; California","250,000+","***",
"1400000US06081609603","Census Tract 6096.03; San Mateo County; California","250,000+","***",
"1400000US06081609700","Census Tract 6097; San Mateo County; California","250,000+","***",
"1400000US06081609800","Census Tract 6098; San Mateo County; California","250,000+","***",
"1400000US06081609900","Census Tract 6099; San Mateo County; California","250,000+","***",
"1400000US06081610000","Census Tract 6100; San Mateo County; California","233661","71408",
"1400000US06081610100","Census Tract 6101; San Mateo County; California","171750","49461",
"1400000US06081610201","Census Tract 6102.01; San Mateo County; California","81007","17565",
"1400000US06081610202","Census Tract 6102.02; San Mateo County; California","191250","53557",
"1400000US06081610203","Census Tract 6102.03; San Mateo County; California","81288","7478",
"1400000US06081610302","Census Tract 6103.02; San Mateo County; California","131827","52030",
"1400000US06081610303","Census Tract 6103.03; San Mateo County; California","250,000+","***",
"1400000US06081610304","Census Tract 6103.04; San Mateo County; California","240769","45439",
"1400000US06081610400","Census Tract 6104; San Mateo County; California","108875","30106",
"1400000US06081610500","Census Tract 6105; San Mateo County; California","93191","49538",
"1400000US06081610601","Census Tract 6106.01; San Mateo County; California","82760","19292",
"1400000US06081610602","Census Tract 6106.02; San Mateo County; California","218482","74080",
"1400000US06081610700","Census Tract 6107; San Mateo County; California","181917","90055",
"1400000US06081610800","Census Tract 6108; San Mateo County; California","89500","39642",
"1400000US06081610901","Census Tract 6109.01; San Mateo County; California","158192","56754",
"1400000US06081610902","Census Tract 6109.02; San Mateo County; California","94864","65910",
"1400000US06081611000","Census Tract 6110; San Mateo County; California","130536","40027",
"1400000US06081611100","Census Tract 6111; San Mateo County; California","250,000+","***",
"1400000US06081611200","Census Tract 6112; San Mateo County; California","250,000+","***",
"1400000US06081611300","Census Tract 6113; San Mateo County; California","241944","37485",
"1400000US06081611400","Census Tract 6114; San Mateo County; California","250,000+","***",
"1400000US06081611500","Census Tract 6115; San Mateo County; California","250,000+","***",
"1400000US06081611600","Census Tract 6116; San Mateo County; California","250,000+","***",
"1400000US06081611700","Census Tract 6117; San Mateo County; California","145767","12437",
"1400000US06081611800","Census Tract 6118; San Mateo County; California","123125","18033",
"1400000US06081611901","Census Tract 6119.01; San Mateo County; California","117583","53357",
"1400000US06081611902","Census Tract 6119.02; San Mateo County; California","119432","69637",
"1400000US06081612001","Census Tract 6120.01; San Mateo County; California","123705","13134",
"1400000US06081612002","Census Tract 6120.02; San Mateo County; California","115481","31090",
"1400000US06081612101","Census Tract 6121.01; San Mateo County; California","75156","55321",
"1400000US06081612102","Census Tract 6121.02; San Mateo County; California","83750","56488",
"1400000US06081612500","Census Tract 6125; San Mateo County; California","239375","56910",
"1400000US06081612600","Census Tract 6126; San Mateo County; California","207981","65456",
"1400000US06081612700","Census Tract 6127; San Mateo County; California","250,000+","***",
"1400000US06081612800","Census Tract 6128; San Mateo County; California","250,000+","***",
"1400000US06081612900","Census Tract 6129; San Mateo County; California","250,000+","***",
"1400000US06081613000","Census Tract 6130; San Mateo County; California","250,000+","***",
"1400000US06081613200","Census Tract 6132; San Mateo County; California","250,000+","***",
"1400000US06081613300","Census Tract 6133; San Mateo County; California","250,000+","***",
"1400000US06081613400","Census Tract 6134; San Mateo County; California","250,000+","***",
"1400000US06081613501","Census Tract 6135.01; San Mateo County; California","196111","48384",
"1400000US06081613502","Census Tract 6135.02; San Mateo County; California","227884","13224",
"1400000US06081613600","Census Tract 6136; San Mateo County; California","210282","54570",
"1400000US06081613701","Census Tract 6137.01; San Mateo County; California","213646","79979",
"1400000US06081613702","Census Tract 6137.02; San Mateo County; California","160375","37547",
"1400000US06081613800","Census Tract 6138; San Mateo County; California","245887","71200",
"1400000US06081613900","Census Tract 6139; San Mateo County; California","250,000+","***",
"1400000US06081614000","Census Tract 6140; San Mateo County; California","212604","31839",
"1400000US06081984300","Census Tract 9843; San Mateo County; California","-","**",
"1400000US06081990100","Census Tract 9901; San Mateo County; California","-","**",
"1400000US06083000101","Census Tract 1.01; Santa Barbara County; California","118482","16618",
"1400000US06083000102","Census Tract 1.02; Santa Barbara County; California","142520","32123",
"1400000US06083000103","Census Tract 1.03; Santa Barbara County; California","250,000+","***",
"1400000US06083000201","Census Tract 2.01; Santa Barbara County; California","207881","18400",
"1400000US06083000202","Census Tract 2.02; Santa Barbara County; California","183281","52440",
"1400000US06083000301","Census Tract 3.01; Santa Barbara County; California","65343","26225",
"1400000US06083000302","Census Tract 3.02; Santa Barbara County; California","117734","41136",
"1400000US06083000400","Census Tract 4; Santa Barbara County; California","201955","26515",
"1400000US06083000501","Census Tract 5.01; Santa Barbara County; California","240203","51352",
"1400000US06083000502","Census Tract 5.02; Santa Barbara County; California","165042","24598",
"1400000US06083000600","Census Tract 6; Santa Barbara County; California","190568","22668",
"1400000US06083000700","Census Tract 7; Santa Barbara County; California","193750","34790",
"1400000US06083000801","Census Tract 8.01; Santa Barbara County; California","99321","18594",
"1400000US06083000805","Census Tract 8.05; Santa Barbara County; California","148542","124421",
"1400000US06083000806","Census Tract 8.06; Santa Barbara County; California","55534","18221",
"1400000US06083000900","Census Tract 9; Santa Barbara County; California","84306","68622",
"1400000US06083001001","Census Tract 10.01; Santa Barbara County; California","-","**",
"1400000US06083001002","Census Tract 10.02; Santa Barbara County; California","76957","26350",
"1400000US06083001101","Census Tract 11.01; Santa Barbara County; California","106893","37153",
"1400000US06083001102","Census Tract 11.02; Santa Barbara County; California","67031","16730",
"1400000US06083001203","Census Tract 12.03; Santa Barbara County; California","162279","24855",
"1400000US06083001206","Census Tract 12.06; Santa Barbara County; California","72200","23604",
"1400000US06083001208","Census Tract 12.08; Santa Barbara County; California","177917","27532",
"1400000US06083001306","Census Tract 13.06; Santa Barbara County; California","198214","58994",
"1400000US06083001307","Census Tract 13.07; Santa Barbara County; California","175385","97021",
"1400000US06083001308","Census Tract 13.08; Santa Barbara County; California","179361","51160",
"1400000US06083001403","Census Tract 14.03; Santa Barbara County; California","159609","35756",
"1400000US06083001404","Census Tract 14.04; Santa Barbara County; California","250,000+","***",
"1400000US06083001500","Census Tract 15; Santa Barbara County; California","250,000+","***",
"1400000US06083001601","Census Tract 16.01; Santa Barbara County; California","159297","39678",
"1400000US06083001604","Census Tract 16.04; Santa Barbara County; California","130521","33702",
"1400000US06083001704","Census Tract 17.04; Santa Barbara County; California","96314","27125",
"1400000US06083001706","Census Tract 17.06; Santa Barbara County; California","160179","44587",
"1400000US06083001800","Census Tract 18; Santa Barbara County; California","107813","43084",
"1400000US06083001905","Census Tract 19.05; Santa Barbara County; California","157143","28990",
"1400000US06083001907","Census Tract 19.07; Santa Barbara County; California","106169","67979",
"1400000US06083001908","Census Tract 19.08; Santa Barbara County; California","170842","31736",
"1400000US06083001909","Census Tract 19.09; Santa Barbara County; California","167903","28206",
"1400000US06083001910","Census Tract 19.10; Santa Barbara County; California","167361","34478",
"1400000US06083001911","Census Tract 19.11; Santa Barbara County; California","-","**",
"1400000US06083001912","Census Tract 19.12; Santa Barbara County; California","122083","36160",
"1400000US06083002005","Census Tract 20.05; Santa Barbara County; California","140112","12273",
"1400000US06083002006","Census Tract 20.06; Santa Barbara County; California","178750","41533",
"1400000US06083002008","Census Tract 20.08; Santa Barbara County; California","132058","29373",
"1400000US06083002009","Census Tract 20.09; Santa Barbara County; California","106250","37699",
"1400000US06083002010","Census Tract 20.10; Santa Barbara County; California","107361","27191",
"1400000US06083002011","Census Tract 20.11; Santa Barbara County; California","108021","20812",
"1400000US06083002012","Census Tract 20.12; Santa Barbara County; California","137604","26336",
"1400000US06083002013","Census Tract 20.13; Santa Barbara County; California","118785","34526",
"1400000US06083002014","Census Tract 20.14; Santa Barbara County; California","138571","28110",
"1400000US06083002015","Census Tract 20.15; Santa Barbara County; California","85595","24774",
"1400000US06083002101","Census Tract 21.01; Santa Barbara County; California","82923","9359",
"1400000US06083002102","Census Tract 21.02; Santa Barbara County; California","84830","58393",
"1400000US06083002103","Census Tract 21.03; Santa Barbara County; California","90570","23896",
"1400000US06083002205","Census Tract 22.05; Santa Barbara County; California","66146","13902",
"1400000US06083002206","Census Tract 22.06; Santa Barbara County; California","66184","20835",
"1400000US06083002209","Census Tract 22.09; Santa Barbara County; California","79375","34903",
"1400000US06083002210","Census Tract 22.10; Santa Barbara County; California","98225","10074",
"1400000US06083002211","Census Tract 22.11; Santa Barbara County; California","103457","11736",
"1400000US06083002303","Census Tract 23.03; Santa Barbara County; California","72733","14707",
"1400000US06083002304","Census Tract 23.04; Santa Barbara County; California","55650","10838",
"1400000US06083002307","Census Tract 23.07; Santa Barbara County; California","105613","14850",
"1400000US06083002308","Census Tract 23.08; Santa Barbara County; California","102464","25093",
"1400000US06083002309","Census Tract 23.09; Santa Barbara County; California","104395","22713",
"1400000US06083002310","Census Tract 23.10; Santa Barbara County; California","99653","31479",
"1400000US06083002405","Census Tract 24.05; Santa Barbara County; California","67589","17104",
"1400000US06083002406","Census Tract 24.06; Santa Barbara County; California","37658","4071",
"1400000US06083002407","Census Tract 24.07; Santa Barbara County; California","47582","10016",
"1400000US06083002408","Census Tract 24.08; Santa Barbara County; California","42402","19578",
"1400000US06083002409","Census Tract 24.09; Santa Barbara County; California","92991","20389",
"1400000US06083002410","Census Tract 24.10; Santa Barbara County; California","68867","9157",
"1400000US06083002503","Census Tract 25.03; Santa Barbara County; California","67198","23903",
"1400000US06083002504","Census Tract 25.04; Santa Barbara County; California","75982","14693",
"1400000US06083002703","Census Tract 27.03; Santa Barbara County; California","72500","12204",
"1400000US06083002705","Census Tract 27.05; Santa Barbara County; California","51815","16224",
"1400000US06083002706","Census Tract 27.06; Santa Barbara County; California","59050","10737",
"1400000US06083002707","Census Tract 27.07; Santa Barbara County; California","93536","15674",
"1400000US06083002708","Census Tract 27.08; Santa Barbara County; California","100993","13244",
"1400000US06083002709","Census Tract 27.09; Santa Barbara County; California","57917","26436",
"1400000US06083002710","Census Tract 27.10; Santa Barbara County; California","70981","26811",
"1400000US06083002802","Census Tract 28.02; Santa Barbara County; California","88777","32393",
"1400000US06083002806","Census Tract 28.06; Santa Barbara County; California","96875","21039",
"1400000US06083002808","Census Tract 28.08; Santa Barbara County; California","130700","23316",
"1400000US06083002809","Census Tract 28.09; Santa Barbara County; California","126858","26894",
"1400000US06083002906","Census Tract 29.06; Santa Barbara County; California","169643","33327",
"1400000US06083002907","Census Tract 29.07; Santa Barbara County; California","222917","44406",
"1400000US06083002909","Census Tract 29.09; Santa Barbara County; California","129449","11239",
"1400000US06083002913","Census Tract 29.13; Santa Barbara County; California","143833","39612",
"1400000US06083002914","Census Tract 29.14; Santa Barbara County; California","160577","14602",
"1400000US06083002924","Census Tract 29.24; Santa Barbara County; California","72642","25665",
"1400000US06083002926","Census Tract 29.26; Santa Barbara County; California","32212","24276",
"1400000US06083002932","Census Tract 29.32; Santa Barbara County; California","135341","21322",
"1400000US06083002933","Census Tract 29.33; Santa Barbara County; California","140341","31116",
"1400000US06083002934","Census Tract 29.34; Santa Barbara County; California","123828","38511",
"1400000US06083002935","Census Tract 29.35; Santa Barbara County; California","127596","74493",
"1400000US06083002936","Census Tract 29.36; Santa Barbara County; California","77909","31095",
"1400000US06083002937","Census Tract 29.37; Santa Barbara County; California","119563","38330",
"1400000US06083003001","Census Tract 30.01; Santa Barbara County; California","87417","26290",
"1400000US06083003004","Census Tract 30.04; Santa Barbara County; California","161360","13858",
"1400000US06083003005","Census Tract 30.05; Santa Barbara County; California","110313","32489",
"1400000US06083003007","Census Tract 30.07; Santa Barbara County; California","179417","47982",
"1400000US06083003102","Census Tract 31.02; Santa Barbara County; California","110313","29958",
"1400000US06083980000","Census Tract 9800; Santa Barbara County; California","-","**",
"1400000US06083980100","Census Tract 9801; Santa Barbara County; California","-","**",
"1400000US06083980200","Census Tract 9802; Santa Barbara County; California","81964","18955",
"1400000US06083980300","Census Tract 9803; Santa Barbara County; California","-","**",
"1400000US06083980400","Census Tract 9804; Santa Barbara County; California","-","**",
"1400000US06083980500","Census Tract 9805; Santa Barbara County; California","-","**",
"1400000US06083990000","Census Tract 9900; Santa Barbara County; California","-","**",
"1400000US06085500100","Census Tract 5001; Santa Clara County; California","142257","48139",
"1400000US06085500200","Census Tract 5002; Santa Clara County; California","180156","58476",
"1400000US06085500300","Census Tract 5003; Santa Clara County; California","157059","22156",
"1400000US06085500400","Census Tract 5004; Santa Clara County; California","163036","36039",
"1400000US06085500500","Census Tract 5005; Santa Clara County; California","187969","48802",
"1400000US06085500600","Census Tract 5006; Santa Clara County; California","156500","69549",
"1400000US06085500800","Census Tract 5008; Santa Clara County; California","164357","52992",
"1400000US06085500901","Census Tract 5009.01; Santa Clara County; California","128594","49772",
"1400000US06085500902","Census Tract 5009.02; Santa Clara County; California","39286","18748",
"1400000US06085501000","Census Tract 5010; Santa Clara County; California","95151","23065",
"1400000US06085501101","Census Tract 5011.01; Santa Clara County; California","145000","48751",
"1400000US06085501102","Census Tract 5011.02; Santa Clara County; California","129057","36931",
"1400000US06085501200","Census Tract 5012; Santa Clara County; California","125104","64630",
"1400000US06085501300","Census Tract 5013; Santa Clara County; California","158258","38985",
"1400000US06085501401","Census Tract 5014.01; Santa Clara County; California","79691","2617",
"1400000US06085501402","Census Tract 5014.02; Santa Clara County; California","93092","31317",
"1400000US06085501501","Census Tract 5015.01; Santa Clara County; California","82969","30302",
"1400000US06085501502","Census Tract 5015.02; Santa Clara County; California","66212","40640",
"1400000US06085501601","Census Tract 5016.01; Santa Clara County; California","157026","75665",
"1400000US06085501602","Census Tract 5016.02; Santa Clara County; California","43359","17116",
"1400000US06085501700","Census Tract 5017; Santa Clara County; California","86023","42489",
"1400000US06085501800","Census Tract 5018; Santa Clara County; California","172792","18482",
"1400000US06085501901","Census Tract 5019.01; Santa Clara County; California","170652","47594",
"1400000US06085501902","Census Tract 5019.02; Santa Clara County; California","157964","25782",
"1400000US06085502001","Census Tract 5020.01; Santa Clara County; California","181576","43343",
"1400000US06085502002","Census Tract 5020.02; Santa Clara County; California","92308","11655",
"1400000US06085502101","Census Tract 5021.01; Santa Clara County; California","170965","22885",
"1400000US06085502103","Census Tract 5021.03; Santa Clara County; California","105253","7708",
"1400000US06085502104","Census Tract 5021.04; Santa Clara County; California","179375","50133",
"1400000US06085502202","Census Tract 5022.02; Santa Clara County; California","133750","77702",
"1400000US06085502203","Census Tract 5022.03; Santa Clara County; California","178750","54317",
"1400000US06085502204","Census Tract 5022.04; Santa Clara County; California","72333","12162",
"1400000US06085502301","Census Tract 5023.01; Santa Clara County; California","234167","67182",
"1400000US06085502302","Census Tract 5023.02; Santa Clara County; California","127083","31388",
"1400000US06085502400","Census Tract 5024; Santa Clara County; California","250,000+","***",
"1400000US06085502500","Census Tract 5025; Santa Clara County; California","233000","35496",
"1400000US06085502601","Census Tract 5026.01; Santa Clara County; California","250,000+","***",
"1400000US06085502603","Census Tract 5026.03; Santa Clara County; California","250,000+","***",
"1400000US06085502604","Census Tract 5026.04; Santa Clara County; California","171765","74681",
"1400000US06085502701","Census Tract 5027.01; Santa Clara County; California","178173","32592",
"1400000US06085502703","Census Tract 5027.03; Santa Clara County; California","216486","38368",
"1400000US06085502704","Census Tract 5027.04; Santa Clara County; California","249432","53493",
"1400000US06085502800","Census Tract 5028; Santa Clara County; California","204038","39876",
"1400000US06085502901","Census Tract 5029.01; Santa Clara County; California","188648","30926",
"1400000US06085502902","Census Tract 5029.02; Santa Clara County; California","210288","61735",
"1400000US06085502903","Census Tract 5029.03; Santa Clara County; California","250,000+","***",
"1400000US06085502906","Census Tract 5029.06; Santa Clara County; California","172455","39805",
"1400000US06085502907","Census Tract 5029.07; Santa Clara County; California","222143","12123",
"1400000US06085502908","Census Tract 5029.08; Santa Clara County; California","220069","53957",
"1400000US06085502909","Census Tract 5029.09; Santa Clara County; California","135265","19037",
"1400000US06085502910","Census Tract 5029.10; Santa Clara County; California","165625","67203",
"1400000US06085503001","Census Tract 5030.01; Santa Clara County; California","190536","38213",
"1400000US06085503002","Census Tract 5030.02; Santa Clara County; California","196354","77046",
"1400000US06085503003","Census Tract 5030.03; Santa Clara County; California","217750","49352",
"1400000US06085503105","Census Tract 5031.05; Santa Clara County; California","91250","8580",
"1400000US06085503110","Census Tract 5031.10; Santa Clara County; California","71071","10938",
"1400000US06085503111","Census Tract 5031.11; Santa Clara County; California","124922","14928",
"1400000US06085503112","Census Tract 5031.12; Santa Clara County; California","104327","19867",
"1400000US06085503113","Census Tract 5031.13; Santa Clara County; California","103241","18756",
"1400000US06085503116","Census Tract 5031.16; Santa Clara County; California","108237","47149",
"1400000US06085503117","Census Tract 5031.17; Santa Clara County; California","95122","15830",
"1400000US06085503118","Census Tract 5031.18; Santa Clara County; California","86553","37330",
"1400000US06085503121","Census Tract 5031.21; Santa Clara County; California","86974","18067",
"1400000US06085503122","Census Tract 5031.22; Santa Clara County; California","93798","6487",
"1400000US06085503123","Census Tract 5031.23; Santa Clara County; California","70825","17639",
"1400000US06085503124","Census Tract 5031.24; Santa Clara County; California","105246","26812",
"1400000US06085503125","Census Tract 5031.25; Santa Clara County; California","168750","99240",
"1400000US06085503126","Census Tract 5031.26; Santa Clara County; California","196786","90358",
"1400000US06085503127","Census Tract 5031.27; Santa Clara County; California","250,000+","***",
"1400000US06085503207","Census Tract 5032.07; Santa Clara County; California","145139","48823",
"1400000US06085503208","Census Tract 5032.08; Santa Clara County; California","148250","32015",
"1400000US06085503210","Census Tract 5032.10; Santa Clara County; California","128500","25952",
"1400000US06085503211","Census Tract 5032.11; Santa Clara County; California","99148","16814",
"1400000US06085503212","Census Tract 5032.12; Santa Clara County; California","130385","27807",
"1400000US06085503213","Census Tract 5032.13; Santa Clara County; California","75709","13092",
"1400000US06085503217","Census Tract 5032.17; Santa Clara County; California","93892","22236",
"1400000US06085503218","Census Tract 5032.18; Santa Clara County; California","74591","13987",
"1400000US06085503219","Census Tract 5032.19; Santa Clara County; California","61026","20789",
"1400000US06085503220","Census Tract 5032.20; Santa Clara County; California","85719","41995",
"1400000US06085503221","Census Tract 5032.21; Santa Clara County; California","104881","53772",
"1400000US06085503222","Census Tract 5032.22; Santa Clara County; California","98045","17244",
"1400000US06085503304","Census Tract 5033.04; Santa Clara County; California","106078","14270",
"1400000US06085503305","Census Tract 5033.05; Santa Clara County; California","107568","10686",
"1400000US06085503306","Census Tract 5033.06; Santa Clara County; California","118603","32116",
"1400000US06085503312","Census Tract 5033.12; Santa Clara County; California","156250","13591",
"1400000US06085503313","Census Tract 5033.13; Santa Clara County; California","242989","40688",
"1400000US06085503315","Census Tract 5033.15; Santa Clara County; California","157913","8034",
"1400000US06085503321","Census Tract 5033.21; Santa Clara County; California","169107","50186",
"1400000US06085503322","Census Tract 5033.22; Santa Clara County; California","109623","16108",
"1400000US06085503323","Census Tract 5033.23; Santa Clara County; California","163750","15449",
"1400000US06085503324","Census Tract 5033.24; Santa Clara County; California","200250","52296",
"1400000US06085503325","Census Tract 5033.25; Santa Clara County; California","168500","65162",
"1400000US06085503326","Census Tract 5033.26; Santa Clara County; California","197476","50599",
"1400000US06085503327","Census Tract 5033.27; Santa Clara County; California","228224","25290",
"1400000US06085503329","Census Tract 5033.29; Santa Clara County; California","240602","24828",
"1400000US06085503330","Census Tract 5033.30; Santa Clara County; California","250,000+","***",
"1400000US06085503331","Census Tract 5033.31; Santa Clara County; California","221364","42233",
"1400000US06085503332","Census Tract 5033.32; Santa Clara County; California","194712","91097",
"1400000US06085503333","Census Tract 5033.33; Santa Clara County; California","171058","44903",
"1400000US06085503336","Census Tract 5033.36; Santa Clara County; California","151667","37589",
"1400000US06085503337","Census Tract 5033.37; Santa Clara County; California","164500","33729",
"1400000US06085503338","Census Tract 5033.38; Santa Clara County; California","250,000+","***",
"1400000US06085503339","Census Tract 5033.39; Santa Clara County; California","250,000+","***",
"1400000US06085503401","Census Tract 5034.01; Santa Clara County; California","105179","26976",
"1400000US06085503402","Census Tract 5034.02; Santa Clara County; California","90438","38530",
"1400000US06085503504","Census Tract 5035.04; Santa Clara County; California","116973","32818",
"1400000US06085503506","Census Tract 5035.06; Santa Clara County; California","102917","29448",
"1400000US06085503507","Census Tract 5035.07; Santa Clara County; California","151591","36908",
"1400000US06085503508","Census Tract 5035.08; Santa Clara County; California","116250","14738",
"1400000US06085503509","Census Tract 5035.09; Santa Clara County; California","159408","18350",
"1400000US06085503510","Census Tract 5035.10; Santa Clara County; California","102232","29006",
"1400000US06085503511","Census Tract 5035.11; Santa Clara County; California","127303","20549",
"1400000US06085503601","Census Tract 5036.01; Santa Clara County; California","94167","28091",
"1400000US06085503602","Census Tract 5036.02; Santa Clara County; California","96168","20765",
"1400000US06085503703","Census Tract 5037.03; Santa Clara County; California","96250","20843",
"1400000US06085503707","Census Tract 5037.07; Santa Clara County; California","110924","28872",
"1400000US06085503708","Census Tract 5037.08; Santa Clara County; California","128542","53695",
"1400000US06085503709","Census Tract 5037.09; Santa Clara County; California","67330","25793",
"1400000US06085503710","Census Tract 5037.10; Santa Clara County; California","64071","28337",
"1400000US06085503711","Census Tract 5037.11; Santa Clara County; California","98029","53164",
"1400000US06085503712","Census Tract 5037.12; Santa Clara County; California","65583","34090",
"1400000US06085503713","Census Tract 5037.13; Santa Clara County; California","61267","10373",
"1400000US06085503802","Census Tract 5038.02; Santa Clara County; California","128629","53575",
"1400000US06085503803","Census Tract 5038.03; Santa Clara County; California","157375","51424",
"1400000US06085503804","Census Tract 5038.04; Santa Clara County; California","118529","25028",
"1400000US06085503902","Census Tract 5039.02; Santa Clara County; California","101094","44483",
"1400000US06085503903","Census Tract 5039.03; Santa Clara County; California","146818","48084",
"1400000US06085504001","Census Tract 5040.01; Santa Clara County; California","91140","12798",
"1400000US06085504002","Census Tract 5040.02; Santa Clara County; California","105571","33500",
"1400000US06085504101","Census Tract 5041.01; Santa Clara County; California","114643","54739",
"1400000US06085504102","Census Tract 5041.02; Santa Clara County; California","119091","19017",
"1400000US06085504201","Census Tract 5042.01; Santa Clara County; California","191398","13577",
"1400000US06085504202","Census Tract 5042.02; Santa Clara County; California","198125","80879",
"1400000US06085504307","Census Tract 5043.07; Santa Clara County; California","151944","41795",
"1400000US06085504308","Census Tract 5043.08; Santa Clara County; California","190625","32964",
"1400000US06085504311","Census Tract 5043.11; Santa Clara County; California","206125","45617",
"1400000US06085504314","Census Tract 5043.14; Santa Clara County; California","210132","51881",
"1400000US06085504315","Census Tract 5043.15; Santa Clara County; California","174493","20671",
"1400000US06085504316","Census Tract 5043.16; Santa Clara County; California","186583","56954",
"1400000US06085504317","Census Tract 5043.17; Santa Clara County; California","165391","30319",
"1400000US06085504318","Census Tract 5043.18; Santa Clara County; California","117898","34387",
"1400000US06085504319","Census Tract 5043.19; Santa Clara County; California","193409","18367",
"1400000US06085504320","Census Tract 5043.20; Santa Clara County; California","195486","26334",
"1400000US06085504321","Census Tract 5043.21; Santa Clara County; California","201269","32118",
"1400000US06085504322","Census Tract 5043.22; Santa Clara County; California","174265","14085",
"1400000US06085504323","Census Tract 5043.23; Santa Clara County; California","150313","21766",
"1400000US06085504410","Census Tract 5044.10; Santa Clara County; California","139271","23026",
"1400000US06085504411","Census Tract 5044.11; Santa Clara County; California","182554","38453",
"1400000US06085504412","Census Tract 5044.12; Santa Clara County; California","148542","24830",
"1400000US06085504413","Census Tract 5044.13; Santa Clara County; California","199750","51353",
"1400000US06085504414","Census Tract 5044.14; Santa Clara County; California","203365","43954",
"1400000US06085504415","Census Tract 5044.15; Santa Clara County; California","210284","19470",
"1400000US06085504416","Census Tract 5044.16; Santa Clara County; California","212155","49881",
"1400000US06085504418","Census Tract 5044.18; Santa Clara County; California","126795","28459",
"1400000US06085504421","Census Tract 5044.21; Santa Clara County; California","183417","76893",
"1400000US06085504422","Census Tract 5044.22; Santa Clara County; California","111250","35499",
"1400000US06085504423","Census Tract 5044.23; Santa Clara County; California","216250","70955",
"1400000US06085504424","Census Tract 5044.24; Santa Clara County; California","165033","46488",
"1400000US06085504505","Census Tract 5045.05; Santa Clara County; California","243070","29611",
"1400000US06085504506","Census Tract 5045.06; Santa Clara County; California","183611","35966",
"1400000US06085504507","Census Tract 5045.07; Santa Clara County; California","159938","27063",
"1400000US06085504508","Census Tract 5045.08; Santa Clara County; California","186152","19554",
"1400000US06085504509","Census Tract 5045.09; Santa Clara County; California","179970","71104",
"1400000US06085504510","Census Tract 5045.10; Santa Clara County; California","153140","26714",
"1400000US06085504601","Census Tract 5046.01; Santa Clara County; California","148750","85388",
"1400000US06085504602","Census Tract 5046.02; Santa Clara County; California","130750","45767",
"1400000US06085504700","Census Tract 5047; Santa Clara County; California","167321","53943",
"1400000US06085504802","Census Tract 5048.02; Santa Clara County; California","136042","32672",
"1400000US06085504805","Census Tract 5048.05; Santa Clara County; California","138625","23642",
"1400000US06085504806","Census Tract 5048.06; Santa Clara County; California","123333","41255",
"1400000US06085504807","Census Tract 5048.07; Santa Clara County; California","250,000+","***",
"1400000US06085504808","Census Tract 5048.08; Santa Clara County; California","136484","88753",
"1400000US06085504902","Census Tract 5049.02; Santa Clara County; California","250,000+","***",
"1400000US06085504903","Census Tract 5049.03; Santa Clara County; California","223295","91774",
"1400000US06085505006","Census Tract 5050.06; Santa Clara County; California","236421","33143",
"1400000US06085505007","Census Tract 5050.07; Santa Clara County; California","159702","24904",
"1400000US06085505010","Census Tract 5050.10; Santa Clara County; California","204888","54950",
"1400000US06085505011","Census Tract 5050.11; Santa Clara County; California","181313","54419",
"1400000US06085505012","Census Tract 5050.12; Santa Clara County; California","230625","54952",
"1400000US06085505013","Census Tract 5050.13; Santa Clara County; California","188580","39920",
"1400000US06085505014","Census Tract 5050.14; Santa Clara County; California","128297","23642",
"1400000US06085505015","Census Tract 5050.15; Santa Clara County; California","178681","36698",
"1400000US06085505100","Census Tract 5051; Santa Clara County; California","152292","42823",
"1400000US06085505202","Census Tract 5052.02; Santa Clara County; California","156743","45117",
"1400000US06085505203","Census Tract 5052.03; Santa Clara County; California","213750","66521",
"1400000US06085505301","Census Tract 5053.01; Santa Clara County; California","171895","32806",
"1400000US06085505302","Census Tract 5053.02; Santa Clara County; California","194375","37558",
"1400000US06085505303","Census Tract 5053.03; Santa Clara County; California","173125","84999",
"1400000US06085505304","Census Tract 5053.04; Santa Clara County; California","216630","34406",
"1400000US06085505305","Census Tract 5053.05; Santa Clara County; California","232990","14988",
"1400000US06085505401","Census Tract 5054.01; Santa Clara County; California","194236","40720",
"1400000US06085505402","Census Tract 5054.02; Santa Clara County; California","189375","38687",
"1400000US06085505403","Census Tract 5054.03; Santa Clara County; California","186538","28310",
"1400000US06085505500","Census Tract 5055; Santa Clara County; California","165109","36939",
"1400000US06085505600","Census Tract 5056; Santa Clara County; California","154050","30711",
"1400000US06085505700","Census Tract 5057; Santa Clara County; California","188109","70175",
"1400000US06085505800","Census Tract 5058; Santa Clara County; California","204861","70533",
"1400000US06085505901","Census Tract 5059.01; Santa Clara County; California","212869","33792",
"1400000US06085505902","Census Tract 5059.02; Santa Clara County; California","130909","71602",
"1400000US06085506000","Census Tract 5060; Santa Clara County; California","220375","69213",
"1400000US06085506101","Census Tract 5061.01; Santa Clara County; California","209583","77007",
"1400000US06085506102","Census Tract 5061.02; Santa Clara County; California","212105","45553",
"1400000US06085506103","Census Tract 5061.03; Santa Clara County; California","250,000+","***",
"1400000US06085506202","Census Tract 5062.02; Santa Clara County; California","210625","32875",
"1400000US06085506203","Census Tract 5062.03; Santa Clara County; California","131667","42542",
"1400000US06085506204","Census Tract 5062.04; Santa Clara County; California","242750","87549",
"1400000US06085506301","Census Tract 5063.01; Santa Clara County; California","142531","2794",
"1400000US06085506302","Census Tract 5063.02; Santa Clara County; California","203333","40298",
"1400000US06085506304","Census Tract 5063.04; Santa Clara County; California","128988","40296",
"1400000US06085506305","Census Tract 5063.05; Santa Clara County; California","102149","28483",
"1400000US06085506401","Census Tract 5064.01; Santa Clara County; California","154375","68805",
"1400000US06085506402","Census Tract 5064.02; Santa Clara County; California","151283","33993",
"1400000US06085506502","Census Tract 5065.02; Santa Clara County; California","170217","56964",
"1400000US06085506503","Census Tract 5065.03; Santa Clara County; California","126037","32640",
"1400000US06085506504","Census Tract 5065.04; Santa Clara County; California","81875","31414",
"1400000US06085506505","Census Tract 5065.05; Santa Clara County; California","147652","32163",
"1400000US06085506601","Census Tract 5066.01; Santa Clara County; California","176397","43956",
"1400000US06085506603","Census Tract 5066.03; Santa Clara County; California","250,000+","***",
"1400000US06085506604","Census Tract 5066.04; Santa Clara County; California","241053","57555",
"1400000US06085506605","Census Tract 5066.05; Santa Clara County; California","186696","38855",
"1400000US06085506606","Census Tract 5066.06; Santa Clara County; California","169479","28820",
"1400000US06085506701","Census Tract 5067.01; Santa Clara County; California","196076","36041",
"1400000US06085506702","Census Tract 5067.02; Santa Clara County; California","176389","69274",
"1400000US06085506703","Census Tract 5067.03; Santa Clara County; California","230925","24366",
"1400000US06085506801","Census Tract 5068.01; Santa Clara County; California","250,000+","***",
"1400000US06085506802","Census Tract 5068.02; Santa Clara County; California","217361","18717",
"1400000US06085506803","Census Tract 5068.03; Santa Clara County; California","221429","28673",
"1400000US06085506804","Census Tract 5068.04; Santa Clara County; California","250,000+","***",
"1400000US06085506900","Census Tract 5069; Santa Clara County; California","248839","33436",
"1400000US06085507002","Census Tract 5070.02; Santa Clara County; California","250,000+","***",
"1400000US06085507003","Census Tract 5070.03; Santa Clara County; California","250,000+","***",
"1400000US06085507004","Census Tract 5070.04; Santa Clara County; California","248451","30968",
"1400000US06085507100","Census Tract 5071; Santa Clara County; California","194315","29980",
"1400000US06085507203","Census Tract 5072.03; Santa Clara County; California","213646","36401",
"1400000US06085507205","Census Tract 5072.05; Santa Clara County; California","250,000+","***",
"1400000US06085507206","Census Tract 5072.06; Santa Clara County; California","250,000+","***",
"1400000US06085507301","Census Tract 5073.01; Santa Clara County; California","250,000+","***",
"1400000US06085507302","Census Tract 5073.02; Santa Clara County; California","250,000+","***",
"1400000US06085507401","Census Tract 5074.01; Santa Clara County; California","250,000+","***",
"1400000US06085507402","Census Tract 5074.02; Santa Clara County; California","250,000+","***",
"1400000US06085507500","Census Tract 5075; Santa Clara County; California","222500","50694",
"1400000US06085507600","Census Tract 5076; Santa Clara County; California","250,000+","***",
"1400000US06085507701","Census Tract 5077.01; Santa Clara County; California","237986","29026",
"1400000US06085507702","Census Tract 5077.02; Santa Clara County; California","250,000+","***",
"1400000US06085507704","Census Tract 5077.04; Santa Clara County; California","203889","45439",
"1400000US06085507705","Census Tract 5077.05; Santa Clara County; California","250,000+","***",
"1400000US06085507805","Census Tract 5078.05; Santa Clara County; California","241821","29120",
"1400000US06085507806","Census Tract 5078.06; Santa Clara County; California","204244","36271",
"1400000US06085507807","Census Tract 5078.07; Santa Clara County; California","250,000+","***",
"1400000US06085507808","Census Tract 5078.08; Santa Clara County; California","250,000+","***",
"1400000US06085507903","Census Tract 5079.03; Santa Clara County; California","250,000+","***",
"1400000US06085507904","Census Tract 5079.04; Santa Clara County; California","250,000+","***",
"1400000US06085507905","Census Tract 5079.05; Santa Clara County; California","177169","49750",
"1400000US06085507906","Census Tract 5079.06; Santa Clara County; California","250,000+","***",
"1400000US06085508003","Census Tract 5080.03; Santa Clara County; California","250,000+","***",
"1400000US06085508004","Census Tract 5080.04; Santa Clara County; California","250,000+","***",
"1400000US06085508005","Census Tract 5080.05; Santa Clara County; California","250,000+","***",
"1400000US06085508006","Census Tract 5080.06; Santa Clara County; California","250,000+","***",
"1400000US06085508101","Census Tract 5081.01; Santa Clara County; California","250,000+","***",
"1400000US06085508102","Census Tract 5081.02; Santa Clara County; California","244286","44841",
"1400000US06085508203","Census Tract 5082.03; Santa Clara County; California","250,000+","***",
"1400000US06085508204","Census Tract 5082.04; Santa Clara County; California","250,000+","***",
"1400000US06085508205","Census Tract 5082.05; Santa Clara County; California","234167","53419",
"1400000US06085508206","Census Tract 5082.06; Santa Clara County; California","250,000+","***",
"1400000US06085508301","Census Tract 5083.01; Santa Clara County; California","250,000+","***",
"1400000US06085508303","Census Tract 5083.03; Santa Clara County; California","235341","36287",
"1400000US06085508305","Census Tract 5083.05; Santa Clara County; California","118137","19146",
"1400000US06085508306","Census Tract 5083.06; Santa Clara County; California","250,000+","***",
"1400000US06085508401","Census Tract 5084.01; Santa Clara County; California","223716","60360",
"1400000US06085508403","Census Tract 5084.03; Santa Clara County; California","250,000+","***",
"1400000US06085508404","Census Tract 5084.04; Santa Clara County; California","243821","36582",
"1400000US06085508503","Census Tract 5085.03; Santa Clara County; California","171250","26998",
"1400000US06085508505","Census Tract 5085.05; Santa Clara County; California","250,000+","***",
"1400000US06085508507","Census Tract 5085.07; Santa Clara County; California","228333","81404",
"1400000US06085508508","Census Tract 5085.08; Santa Clara County; California","141399","70430",
"1400000US06085508509","Census Tract 5085.09; Santa Clara County; California","160061","21584",
"1400000US06085508510","Census Tract 5085.10; Santa Clara County; California","144250","58954",
"1400000US06085508601","Census Tract 5086.01; Santa Clara County; California","250,000+","***",
"1400000US06085508602","Census Tract 5086.02; Santa Clara County; California","203669","79968",
"1400000US06085508705","Census Tract 5087.05; Santa Clara County; California","196250","51194",
"1400000US06085508706","Census Tract 5087.06; Santa Clara County; California","201700","102666",
"1400000US06085508707","Census Tract 5087.07; Santa Clara County; California","199045","33114",
"1400000US06085508708","Census Tract 5087.08; Santa Clara County; California","250,000+","***",
"1400000US06085508800","Census Tract 5088; Santa Clara County; California","137857","45347",
"1400000US06085508900","Census Tract 5089; Santa Clara County; California","141806","42738",
"1400000US06085509001","Census Tract 5090.01; Santa Clara County; California","140673","61968",
"1400000US06085509002","Census Tract 5090.02; Santa Clara County; California","114497","44224",
"1400000US06085509102","Census Tract 5091.02; Santa Clara County; California","206333","57141",
"1400000US06085509106","Census Tract 5091.06; Santa Clara County; California","238077","33381",
"1400000US06085509107","Census Tract 5091.07; Santa Clara County; California","126932","74304",
"1400000US06085509108","Census Tract 5091.08; Santa Clara County; California","194152","54808",
"1400000US06085509109","Census Tract 5091.09; Santa Clara County; California","250,000+","***",
"1400000US06085509110","Census Tract 5091.10; Santa Clara County; California","250,000+","***",
"1400000US06085509111","Census Tract 5091.11; Santa Clara County; California","109139","40335",
"1400000US06085509201","Census Tract 5092.01; Santa Clara County; California","214516","62148",
"1400000US06085509202","Census Tract 5092.02; Santa Clara County; California","224038","29152",
"1400000US06085509302","Census Tract 5093.02; Santa Clara County; California","250,000+","***",
"1400000US06085509303","Census Tract 5093.03; Santa Clara County; California","226118","60341",
"1400000US06085509304","Census Tract 5093.04; Santa Clara County; California","222500","73227",
"1400000US06085509401","Census Tract 5094.01; Santa Clara County; California","187895","51561",
"1400000US06085509403","Census Tract 5094.03; Santa Clara County; California","160603","45043",
"1400000US06085509404","Census Tract 5094.04; Santa Clara County; California","250,000+","***",
"1400000US06085509500","Census Tract 5095; Santa Clara County; California","174792","66528",
"1400000US06085509600","Census Tract 5096; Santa Clara County; California","212361","50968",
"1400000US06085509700","Census Tract 5097; Santa Clara County; California","250,000+","***",
"1400000US06085509801","Census Tract 5098.01; Santa Clara County; California","200345","38628",
"1400000US06085509802","Census Tract 5098.02; Santa Clara County; California","250,000+","***",
"1400000US06085509901","Census Tract 5099.01; Santa Clara County; California","250,000+","***",
"1400000US06085509902","Census Tract 5099.02; Santa Clara County; California","250,000+","***",
"1400000US06085510001","Census Tract 5100.01; Santa Clara County; California","250,000+","***",
"1400000US06085510002","Census Tract 5100.02; Santa Clara County; California","250,000+","***",
"1400000US06085510100","Census Tract 5101; Santa Clara County; California","250,000+","***",
"1400000US06085510200","Census Tract 5102; Santa Clara County; California","250,000+","***",
"1400000US06085510300","Census Tract 5103; Santa Clara County; California","250,000+","***",
"1400000US06085510400","Census Tract 5104; Santa Clara County; California","250,000+","***",
"1400000US06085510500","Census Tract 5105; Santa Clara County; California","250,000+","***",
"1400000US06085510600","Census Tract 5106; Santa Clara County; California","193315","122150",
"1400000US06085510700","Census Tract 5107; Santa Clara County; California","234716","55987",
"1400000US06085510801","Census Tract 5108.01; Santa Clara County; California","250,000+","***",
"1400000US06085510802","Census Tract 5108.02; Santa Clara County; California","250,000+","***",
"1400000US06085510803","Census Tract 5108.03; Santa Clara County; California","250,000+","***",
"1400000US06085510900","Census Tract 5109; Santa Clara County; California","205417","100399",
"1400000US06085511000","Census Tract 5110; Santa Clara County; California","250,000+","***",
"1400000US06085511100","Census Tract 5111; Santa Clara County; California","250,000+","***",
"1400000US06085511200","Census Tract 5112; Santa Clara County; California","250,000+","***",
"1400000US06085511301","Census Tract 5113.01; Santa Clara County; California","250,000+","***",
"1400000US06085511302","Census Tract 5113.02; Santa Clara County; California","245962","143304",
"1400000US06085511400","Census Tract 5114; Santa Clara County; California","250,000+","***",
"1400000US06085511501","Census Tract 5115.01; Santa Clara County; California","204196","79589",
"1400000US06085511502","Census Tract 5115.02; Santa Clara County; California","250,000+","***",
"1400000US06085511608","Census Tract 5116.08; Santa Clara County; California","-","**",
"1400000US06085511609","Census Tract 5116.09; Santa Clara County; California","165909","83059",
"1400000US06085511701","Census Tract 5117.01; Santa Clara County; California","250,000+","***",
"1400000US06085511702","Census Tract 5117.02; Santa Clara County; California","250,000+","***",
"1400000US06085511704","Census Tract 5117.04; Santa Clara County; California","250,000+","***",
"1400000US06085511705","Census Tract 5117.05; Santa Clara County; California","250,000+","***",
"1400000US06085511707","Census Tract 5117.07; Santa Clara County; California","250,000+","***",
"1400000US06085511800","Census Tract 5118; Santa Clara County; California","232500","46814",
"1400000US06085511905","Census Tract 5119.05; Santa Clara County; California","250,000+","***",
"1400000US06085511907","Census Tract 5119.07; Santa Clara County; California","250,000+","***",
"1400000US06085511910","Census Tract 5119.10; Santa Clara County; California","250,000+","***",
"1400000US06085511911","Census Tract 5119.11; Santa Clara County; California","213846","60809",
"1400000US06085511912","Census Tract 5119.12; Santa Clara County; California","250,000+","***",
"1400000US06085511913","Census Tract 5119.13; Santa Clara County; California","250,000+","***",
"1400000US06085511914","Census Tract 5119.14; Santa Clara County; California","250,000+","***",
"1400000US06085511915","Census Tract 5119.15; Santa Clara County; California","138827","55691",
"1400000US06085511916","Census Tract 5119.16; Santa Clara County; California","231000","36588",
"1400000US06085511917","Census Tract 5119.17; Santa Clara County; California","250,000+","***",
"1400000US06085511918","Census Tract 5119.18; Santa Clara County; California","241154","26347",
"1400000US06085512001","Census Tract 5120.01; Santa Clara County; California","204057","11456",
"1400000US06085512005","Census Tract 5120.05; Santa Clara County; California","194592","26650",
"1400000US06085512019","Census Tract 5120.19; Santa Clara County; California","165536","30805",
"1400000US06085512021","Census Tract 5120.21; Santa Clara County; California","167431","39925",
"1400000US06085512022","Census Tract 5120.22; Santa Clara County; California","105600","28146",
"1400000US06085512023","Census Tract 5120.23; Santa Clara County; California","94250","15617",
"1400000US06085512024","Census Tract 5120.24; Santa Clara County; California","143750","17514",
"1400000US06085512025","Census Tract 5120.25; Santa Clara County; California","249583","45597",
"1400000US06085512026","Census Tract 5120.26; Santa Clara County; California","161719","28059",
"1400000US06085512027","Census Tract 5120.27; Santa Clara County; California","153393","71203",
"1400000US06085512029","Census Tract 5120.29; Santa Clara County; California","212967","46855",
"1400000US06085512030","Census Tract 5120.30; Santa Clara County; California","218393","28771",
"1400000US06085512031","Census Tract 5120.31; Santa Clara County; California","205682","33053",
"1400000US06085512032","Census Tract 5120.32; Santa Clara County; California","169469","22878",
"1400000US06085512034","Census Tract 5120.34; Santa Clara County; California","172400","36519",
"1400000US06085512035","Census Tract 5120.35; Santa Clara County; California","192832","37460",
"1400000US06085512036","Census Tract 5120.36; Santa Clara County; California","176378","29641",
"1400000US06085512037","Census Tract 5120.37; Santa Clara County; California","174188","13899",
"1400000US06085512038","Census Tract 5120.38; Santa Clara County; California","80428","27070",
"1400000US06085512039","Census Tract 5120.39; Santa Clara County; California","114056","31748",
"1400000US06085512042","Census Tract 5120.42; Santa Clara County; California","191786","48313",
"1400000US06085512043","Census Tract 5120.43; Santa Clara County; California","75968","20498",
"1400000US06085512045","Census Tract 5120.45; Santa Clara County; California","216838","17222",
"1400000US06085512047","Census Tract 5120.47; Santa Clara County; California","171538","17672",
"1400000US06085512052","Census Tract 5120.52; Santa Clara County; California","127667","34746",
"1400000US06085512053","Census Tract 5120.53; Santa Clara County; California","128179","24078",
"1400000US06085512054","Census Tract 5120.54; Santa Clara County; California","121795","31473",
"1400000US06085512055","Census Tract 5120.55; Santa Clara County; California","114405","20370",
"1400000US06085512056","Census Tract 5120.56; Santa Clara County; California","124879","11301",
"1400000US06085512057","Census Tract 5120.57; Santa Clara County; California","143387","31585",
"1400000US06085512058","Census Tract 5120.58; Santa Clara County; California","119313","19133",
"1400000US06085512059","Census Tract 5120.59; Santa Clara County; California","177946","13571",
"1400000US06085512100","Census Tract 5121; Santa Clara County; California","100156","55540",
"1400000US06085512200","Census Tract 5122; Santa Clara County; California","245179","30154",
"1400000US06085512305","Census Tract 5123.05; Santa Clara County; California","229750","35908",
"1400000US06085512307","Census Tract 5123.07; Santa Clara County; California","165643","31735",
"1400000US06085512308","Census Tract 5123.08; Santa Clara County; California","250,000+","***",
"1400000US06085512309","Census Tract 5123.09; Santa Clara County; California","206795","29417",
"1400000US06085512310","Census Tract 5123.10; Santa Clara County; California","101341","21745",
"1400000US06085512311","Census Tract 5123.11; Santa Clara County; California","168036","27709",
"1400000US06085512312","Census Tract 5123.12; Santa Clara County; California","218864","30952",
"1400000US06085512313","Census Tract 5123.13; Santa Clara County; California","147784","53296",
"1400000US06085512314","Census Tract 5123.14; Santa Clara County; California","140357","46807",
"1400000US06085512401","Census Tract 5124.01; Santa Clara County; California","225526","88753",
"1400000US06085512402","Census Tract 5124.02; Santa Clara County; California","145761","45327",
"1400000US06085512505","Census Tract 5125.05; Santa Clara County; California","127917","55644",
"1400000US06085512509","Census Tract 5125.09; Santa Clara County; California","159567","70283",
"1400000US06085512510","Census Tract 5125.10; Santa Clara County; California","149702","30557",
"1400000US06085512511","Census Tract 5125.11; Santa Clara County; California","148812","8459",
"1400000US06085512512","Census Tract 5125.12; Santa Clara County; California","137537","67468",
"1400000US06085512513","Census Tract 5125.13; Santa Clara County; California","93063","29867",
"1400000US06085512514","Census Tract 5125.14; Santa Clara County; California","125208","38945",
"1400000US06085512515","Census Tract 5125.15; Santa Clara County; California","174194","31930",
"1400000US06085512516","Census Tract 5125.16; Santa Clara County; California","171346","53903",
"1400000US06085512602","Census Tract 5126.02; Santa Clara County; California","156331","34347",
"1400000US06085512603","Census Tract 5126.03; Santa Clara County; California","90563","11685",
"1400000US06085512604","Census Tract 5126.04; Santa Clara County; California","83793","21588",
"1400000US06085513000","Census Tract 5130; Santa Clara County; California","98438","40160",
"1400000US06085513500","Census Tract 5135; Santa Clara County; California","145417","81888",
"1400000US06087100100","Census Tract 1001; Santa Cruz County; California","173958","25332",
"1400000US06087100200","Census Tract 1002; Santa Cruz County; California","164375","41000",
"1400000US06087100300","Census Tract 1003; Santa Cruz County; California","177391","53194",
"1400000US06087100400","Census Tract 1004; Santa Cruz County; California","103750","82014",
"1400000US06087100500","Census Tract 1005; Santa Cruz County; California","208866","26586",
"1400000US06087100600","Census Tract 1006; Santa Cruz County; California","182019","49116",
"1400000US06087100700","Census Tract 1007; Santa Cruz County; California","157031","51485",
"1400000US06087100801","Census Tract 1008.01; Santa Cruz County; California","134948","65086",
"1400000US06087100802","Census Tract 1008.02; Santa Cruz County; California","250,000+","***",
"1400000US06087100900","Census Tract 1009; Santa Cruz County; California","140088","29004",
"1400000US06087101001","Census Tract 1010.01; Santa Cruz County; California","181667","57983",
"1400000US06087101002","Census Tract 1010.02; Santa Cruz County; California","79250","66002",
"1400000US06087101100","Census Tract 1011; Santa Cruz County; California","188333","64274",
"1400000US06087101200","Census Tract 1012; Santa Cruz County; California","168594","75366",
"1400000US06087110101","Census Tract 1101.01; Santa Cruz County; California","81756","44172",
"1400000US06087110102","Census Tract 1101.02; Santa Cruz County; California","84449","37174",
"1400000US06087110201","Census Tract 1102.01; Santa Cruz County; California","82306","42537",
"1400000US06087110202","Census Tract 1102.02; Santa Cruz County; California","95278","69097",
"1400000US06087110301","Census Tract 1103.01; Santa Cruz County; California","68333","12331",
"1400000US06087110302","Census Tract 1103.02; Santa Cruz County; California","57281","15203",
"1400000US06087110401","Census Tract 1104.01; Santa Cruz County; California","52969","15858",
"1400000US06087110402","Census Tract 1104.02; Santa Cruz County; California","95257","21153",
"1400000US06087110503","Census Tract 1105.03; Santa Cruz County; California","54411","22898",
"1400000US06087110504","Census Tract 1105.04; Santa Cruz County; California","94706","6155",
"1400000US06087110505","Census Tract 1105.05; Santa Cruz County; California","87279","11341",
"1400000US06087110506","Census Tract 1105.06; Santa Cruz County; California","96786","20005",
"1400000US06087110601","Census Tract 1106.01; Santa Cruz County; California","96132","18305",
"1400000US06087110602","Census Tract 1106.02; Santa Cruz County; California","77872","26694",
"1400000US06087110700","Census Tract 1107; Santa Cruz County; California","121000","41691",
"1400000US06087120200","Census Tract 1202; Santa Cruz County; California","154840","24278",
"1400000US06087120301","Census Tract 1203.01; Santa Cruz County; California","141313","48685",
"1400000US06087120302","Census Tract 1203.02; Santa Cruz County; California","155536","57287",
"1400000US06087120400","Census Tract 1204; Santa Cruz County; California","145875","49737",
"1400000US06087120500","Census Tract 1205; Santa Cruz County; California","151116","25758",
"1400000US06087120600","Census Tract 1206; Santa Cruz County; California","151500","53443",
"1400000US06087120700","Census Tract 1207; Santa Cruz County; California","138438","36074",
"1400000US06087120800","Census Tract 1208; Santa Cruz County; California","192126","24777",
"1400000US06087120901","Census Tract 1209.01; Santa Cruz County; California","153387","18172",
"1400000US06087120902","Census Tract 1209.02; Santa Cruz County; California","164464","28898",
"1400000US06087121000","Census Tract 1210; Santa Cruz County; California","200781","42163",
"1400000US06087121100","Census Tract 1211; Santa Cruz County; California","157386","40449",
"1400000US06087121200","Census Tract 1212; Santa Cruz County; California","195441","14713",
"1400000US06087121300","Census Tract 1213; Santa Cruz County; California","162586","37952",
"1400000US06087121401","Census Tract 1214.01; Santa Cruz County; California","98102","17014",
"1400000US06087121402","Census Tract 1214.02; Santa Cruz County; California","140729","41816",
"1400000US06087121403","Census Tract 1214.03; Santa Cruz County; California","129148","27032",
"1400000US06087121501","Census Tract 1215.01; Santa Cruz County; California","155132","36407",
"1400000US06087121502","Census Tract 1215.02; Santa Cruz County; California","85428","30189",
"1400000US06087121601","Census Tract 1216.01; Santa Cruz County; California","138704","70646",
"1400000US06087121602","Census Tract 1216.02; Santa Cruz County; California","138702","44260",
"1400000US06087121701","Census Tract 1217.01; Santa Cruz County; California","97442","22864",
"1400000US06087121702","Census Tract 1217.02; Santa Cruz County; California","131014","51981",
"1400000US06087121801","Census Tract 1218.01; Santa Cruz County; California","118472","32939",
"1400000US06087121802","Census Tract 1218.02; Santa Cruz County; California","119051","38030",
"1400000US06087122001","Census Tract 1220.01; Santa Cruz County; California","144432","34440",
"1400000US06087122002","Census Tract 1220.02; Santa Cruz County; California","151250","29886",
"1400000US06087122004","Census Tract 1220.04; Santa Cruz County; California","190795","102548",
"1400000US06087122005","Census Tract 1220.05; Santa Cruz County; California","139091","36524",
"1400000US06087122100","Census Tract 1221; Santa Cruz County; California","125515","38370",
"1400000US06087122202","Census Tract 1222.02; Santa Cruz County; California","243750","43225",
"1400000US06087122203","Census Tract 1222.03; Santa Cruz County; California","175898","43966",
"1400000US06087122204","Census Tract 1222.04; Santa Cruz County; California","129375","60768",
"1400000US06087122205","Census Tract 1222.05; Santa Cruz County; California","191181","31085",
"1400000US06087122300","Census Tract 1223; Santa Cruz County; California","155515","45627",
"1400000US06087122401","Census Tract 1224.01; Santa Cruz County; California","122454","68999",
"1400000US06087122402","Census Tract 1224.02; Santa Cruz County; California","160455","55808",
"1400000US06087122500","Census Tract 1225; Santa Cruz County; California","122109","17058",
"1400000US06087123100","Census Tract 1231; Santa Cruz County; California","101250","32479",
"1400000US06087123300","Census Tract 1233; Santa Cruz County; California","176645","59991",
"1400000US06087990100","Census Tract 9901; Santa Cruz County; California","-","**",
"1400000US06089010100","Census Tract 101; Shasta County; California","36464","21426",
"1400000US06089010200","Census Tract 102; Shasta County; California","92909","58896",
"1400000US06089010300","Census Tract 103; Shasta County; California","88281","27377",
"1400000US06089010400","Census Tract 104; Shasta County; California","87031","12047",
"1400000US06089010500","Census Tract 105; Shasta County; California","60915","18197",
"1400000US06089010601","Census Tract 106.01; Shasta County; California","127159","27521",
"1400000US06089010602","Census Tract 106.02; Shasta County; California","97250","25348",
"1400000US06089010603","Census Tract 106.03; Shasta County; California","147188","58969",
"1400000US06089010702","Census Tract 107.02; Shasta County; California","112353","11894",
"1400000US06089010703","Census Tract 107.03; Shasta County; California","75081","14528",
"1400000US06089010704","Census Tract 107.04; Shasta County; California","46065","33422",
"1400000US06089010803","Census Tract 108.03; Shasta County; California","86563","17873",
"1400000US06089010804","Census Tract 108.04; Shasta County; California","98229","13773",
"1400000US06089010805","Census Tract 108.05; Shasta County; California","102763","11754",
"1400000US06089010806","Census Tract 108.06; Shasta County; California","72125","19130",
"1400000US06089010807","Census Tract 108.07; Shasta County; California","130644","29318",
"1400000US06089010900","Census Tract 109; Shasta County; California","75612","6726",
"1400000US06089011001","Census Tract 110.01; Shasta County; California","121833","29406",
"1400000US06089011002","Census Tract 110.02; Shasta County; California","95341","34213",
"1400000US06089011100","Census Tract 111; Shasta County; California","102500","32821",
"1400000US06089011209","Census Tract 112.09; Shasta County; California","61011","12092",
"1400000US06089011300","Census Tract 113; Shasta County; California","83975","25181",
"1400000US06089011401","Census Tract 114.01; Shasta County; California","96563","18100",
"1400000US06089011402","Census Tract 114.02; Shasta County; California","107009","38704",
"1400000US06089011403","Census Tract 114.03; Shasta County; California","93667","22036",
"1400000US06089011501","Census Tract 115.01; Shasta County; California","99659","34108",
"1400000US06089011502","Census Tract 115.02; Shasta County; California","100111","20874",
"1400000US06089011600","Census Tract 116; Shasta County; California","89250","25079",
"1400000US06089011701","Census Tract 117.01; Shasta County; California","89231","24248",
"1400000US06089011702","Census Tract 117.02; Shasta County; California","61989","8858",
"1400000US06089011703","Census Tract 117.03; Shasta County; California","80506","19685",
"1400000US06089011801","Census Tract 118.01; Shasta County; California","88714","8429",
"1400000US06089011802","Census Tract 118.02; Shasta County; California","97275","23101",
"1400000US06089011803","Census Tract 118.03; Shasta County; California","91932","40030",
"1400000US06089011900","Census Tract 119; Shasta County; California","140765","10746",
"1400000US06089012000","Census Tract 120; Shasta County; California","80921","15917",
"1400000US06089012101","Census Tract 121.01; Shasta County; California","85136","23304",
"1400000US06089012102","Census Tract 121.02; Shasta County; California","75147","8245",
"1400000US06089012200","Census Tract 122; Shasta County; California","107373","26641",
"1400000US06089012301","Census Tract 123.01; Shasta County; California","70552","15997",
"1400000US06089012302","Census Tract 123.02; Shasta County; California","101188","29386",
"1400000US06089012303","Census Tract 123.03; Shasta County; California","103942","13922",
"1400000US06089012400","Census Tract 124; Shasta County; California","115313","19619",
"1400000US06089012500","Census Tract 125; Shasta County; California","75246","17429",
"1400000US06089012603","Census Tract 126.03; Shasta County; California","94159","10279",
"1400000US06089012604","Census Tract 126.04; Shasta County; California","81447","13949",
"1400000US06089012605","Census Tract 126.05; Shasta County; California","113702","14641",
"1400000US06089012606","Census Tract 126.06; Shasta County; California","85625","24452",
"1400000US06089012701","Census Tract 127.01; Shasta County; California","68839","13720",
"1400000US06089012702","Census Tract 127.02; Shasta County; California","77902","33583",
"1400000US06091010000","Census Tract 100; Sierra County; California","73529","30150",
"1400000US06093000100","Census Tract 1; Siskiyou County; California","45139","9756",
"1400000US06093000200","Census Tract 2; Siskiyou County; California","47121","12395",
"1400000US06093000300","Census Tract 3; Siskiyou County; California","62147","10492",
"1400000US06093000600","Census Tract 6; Siskiyou County; California","72250","14859",
"1400000US06093000701","Census Tract 7.01; Siskiyou County; California","94306","13216",
"1400000US06093000702","Census Tract 7.02; Siskiyou County; California","57255","4518",
"1400000US06093000703","Census Tract 7.03; Siskiyou County; California","70365","19556",
"1400000US06093000800","Census Tract 8; Siskiyou County; California","77045","7410",
"1400000US06093000901","Census Tract 9.01; Siskiyou County; California","86685","22853",
"1400000US06093000902","Census Tract 9.02; Siskiyou County; California","96528","14948",
"1400000US06093001001","Census Tract 10.01; Siskiyou County; California","85804","12478",
"1400000US06093001002","Census Tract 10.02; Siskiyou County; California","94712","44459",
"1400000US06093001003","Census Tract 10.03; Siskiyou County; California","60290","6835",
"1400000US06093001100","Census Tract 11; Siskiyou County; California","62645","9445",
"1400000US06093001200","Census Tract 12; Siskiyou County; California","67727","18678",
"1400000US06093001300","Census Tract 13; Siskiyou County; California","65938","8989",
"1400000US06095250103","Census Tract 2501.03; Solano County; California","130400","32135",
"1400000US06095250104","Census Tract 2501.04; Solano County; California","114563","22674",
"1400000US06095250105","Census Tract 2501.05; Solano County; California","120770","18102",
"1400000US06095250106","Census Tract 2501.06; Solano County; California","181250","31772",
"1400000US06095250200","Census Tract 2502; Solano County; California","82266","22170",
"1400000US06095250300","Census Tract 2503; Solano County; California","83021","22014",
"1400000US06095250400","Census Tract 2504; Solano County; California","93256","10290",
"1400000US06095250501","Census Tract 2505.01; Solano County; California","121250","35139",
"1400000US06095250502","Census Tract 2505.02; Solano County; California","134915","62310",
"1400000US06095250601","Census Tract 2506.01; Solano County; California","100000","22252",
"1400000US06095250604","Census Tract 2506.04; Solano County; California","145163","22106",
"1400000US06095250605","Census Tract 2506.05; Solano County; California","174196","23312",
"1400000US06095250701","Census Tract 2507.01; Solano County; California","56094","26144",
"1400000US06095250801","Census Tract 2508.01; Solano County; California","97083","51547",
"1400000US06095250900","Census Tract 2509; Solano County; California","28702","25317",
"1400000US06095251000","Census Tract 2510; Solano County; California","44902","14537",
"1400000US06095251100","Census Tract 2511; Solano County; California","89475","9822",
"1400000US06095251200","Census Tract 2512; Solano County; California","78415","15247",
"1400000US06095251300","Census Tract 2513; Solano County; California","106076","11709",
"1400000US06095251400","Census Tract 2514; Solano County; California","99130","31281",
"1400000US06095251500","Census Tract 2515; Solano County; California","66618","15479",
"1400000US06095251600","Census Tract 2516; Solano County; California","57318","7231",
"1400000US06095251701","Census Tract 2517.01; Solano County; California","80565","21709",
"1400000US06095251702","Census Tract 2517.02; Solano County; California","90568","31336",
"1400000US06095251802","Census Tract 2518.02; Solano County; California","46977","5812",
"1400000US06095251803","Census Tract 2518.03; Solano County; California","109063","28151",
"1400000US06095251804","Census Tract 2518.04; Solano County; California","109405","15733",
"1400000US06095251901","Census Tract 2519.01; Solano County; California","96152","17409",
"1400000US06095251902","Census Tract 2519.02; Solano County; California","112642","17091",
"1400000US06095251903","Census Tract 2519.03; Solano County; California","98750","27888",
"1400000US06095252000","Census Tract 2520; Solano County; California","103030","42060",
"1400000US06095252102","Census Tract 2521.02; Solano County; California","132174","26792",
"1400000US06095252103","Census Tract 2521.03; Solano County; California","110694","50891",
"1400000US06095252104","Census Tract 2521.04; Solano County; California","184554","49144",
"1400000US06095252105","Census Tract 2521.05; Solano County; California","171855","23274",
"1400000US06095252106","Census Tract 2521.06; Solano County; California","141833","33509",
"1400000US06095252107","Census Tract 2521.07; Solano County; California","150500","43556",
"1400000US06095252108","Census Tract 2521.08; Solano County; California","180278","16665",
"1400000US06095252203","Census Tract 2522.03; Solano County; California","159722","15972",
"1400000US06095252204","Census Tract 2522.04; Solano County; California","191548","28467",
"1400000US06095252205","Census Tract 2522.05; Solano County; California","161800","14012",
"1400000US06095252206","Census Tract 2522.06; Solano County; California","126787","28418",
"1400000US06095252305","Census Tract 2523.05; Solano County; California","122188","26939",
"1400000US06095252306","Census Tract 2523.06; Solano County; California","135568","22940",
"1400000US06095252310","Census Tract 2523.10; Solano County; California","172361","22849",
"1400000US06095252311","Census Tract 2523.11; Solano County; California","172083","17179",
"1400000US06095252312","Census Tract 2523.12; Solano County; California","99038","27538",
"1400000US06095252313","Census Tract 2523.13; Solano County; California","112174","33986",
"1400000US06095252314","Census Tract 2523.14; Solano County; California","124561","13557",
"1400000US06095252315","Census Tract 2523.15; Solano County; California","136071","13687",
"1400000US06095252316","Census Tract 2523.16; Solano County; California","101723","8470",
"1400000US06095252317","Census Tract 2523.17; Solano County; California","141089","7402",
"1400000US06095252401","Census Tract 2524.01; Solano County; California","72802","9758",
"1400000US06095252402","Census Tract 2524.02; Solano County; California","80214","15107",
"1400000US06095252501","Census Tract 2525.01; Solano County; California","83833","26893",
"1400000US06095252502","Census Tract 2525.02; Solano County; California","72000","20536",
"1400000US06095252604","Census Tract 2526.04; Solano County; California","86845","17716",
"1400000US06095252605","Census Tract 2526.05; Solano County; California","71474","10873",
"1400000US06095252606","Census Tract 2526.06; Solano County; California","66321","12216",
"1400000US06095252607","Census Tract 2526.07; Solano County; California","55330","11846",
"1400000US06095252608","Census Tract 2526.08; Solano County; California","87543","28617",
"1400000US06095252610","Census Tract 2526.10; Solano County; California","81818","10381",
"1400000US06095252611","Census Tract 2526.11; Solano County; California","108425","21021",
"1400000US06095252702","Census Tract 2527.02; Solano County; California","81964","40437",
"1400000US06095252703","Census Tract 2527.03; Solano County; California","107500","32609",
"1400000US06095252704","Census Tract 2527.04; Solano County; California","105859","22323",
"1400000US06095252705","Census Tract 2527.05; Solano County; California","127071","13773",
"1400000US06095252706","Census Tract 2527.06; Solano County; California","130306","12387",
"1400000US06095252707","Census Tract 2527.07; Solano County; California","105613","17180",
"1400000US06095252801","Census Tract 2528.01; Solano County; California","81838","7404",
"1400000US06095252802","Census Tract 2528.02; Solano County; California","110000","58298",
"1400000US06095252903","Census Tract 2529.03; Solano County; California","165469","65019",
"1400000US06095252904","Census Tract 2529.04; Solano County; California","131198","15829",
"1400000US06095252908","Census Tract 2529.08; Solano County; California","103309","19513",
"1400000US06095252909","Census Tract 2529.09; Solano County; California","150417","23232",
"1400000US06095252910","Census Tract 2529.10; Solano County; California","135018","11144",
"1400000US06095252911","Census Tract 2529.11; Solano County; California","122899","27637",
"1400000US06095252912","Census Tract 2529.12; Solano County; California","161354","48114",
"1400000US06095252913","Census Tract 2529.13; Solano County; California","111042","10787",
"1400000US06095252914","Census Tract 2529.14; Solano County; California","121500","35594",
"1400000US06095252915","Census Tract 2529.15; Solano County; California","173000","15887",
"1400000US06095253000","Census Tract 2530; Solano County; California","-","**",
"1400000US06095253101","Census Tract 2531.01; Solano County; California","133509","26282",
"1400000US06095253105","Census Tract 2531.05; Solano County; California","96907","16171",
"1400000US06095253106","Census Tract 2531.06; Solano County; California","104375","25967",
"1400000US06095253107","Census Tract 2531.07; Solano County; California","77310","12144",
"1400000US06095253108","Census Tract 2531.08; Solano County; California","91644","6990",
"1400000US06095253201","Census Tract 2532.01; Solano County; California","149265","25932",
"1400000US06095253203","Census Tract 2532.03; Solano County; California","91140","13373",
"1400000US06095253205","Census Tract 2532.05; Solano County; California","143844","35842",
"1400000US06095253206","Census Tract 2532.06; Solano County; California","163125","25217",
"1400000US06095253207","Census Tract 2532.07; Solano County; California","93571","61561",
"1400000US06095253208","Census Tract 2532.08; Solano County; California","104087","20531",
"1400000US06095253300","Census Tract 2533; Solano County; California","105147","48536",
"1400000US06095253402","Census Tract 2534.02; Solano County; California","116882","11303",
"1400000US06095253403","Census Tract 2534.03; Solano County; California","108901","13014",
"1400000US06095253404","Census Tract 2534.04; Solano County; California","92181","13654",
"1400000US06095253501","Census Tract 2535.01; Solano County; California","95676","9885",
"1400000US06095253502","Census Tract 2535.02; Solano County; California","115146","20552",
"1400000US06095980000","Census Tract 9800; Solano County; California","-","**",
"1400000US06097150100","Census Tract 1501; Sonoma County; California","148879","32146",
"1400000US06097150203","Census Tract 1502.03; Sonoma County; California","115446","24563",
"1400000US06097150204","Census Tract 1502.04; Sonoma County; California","139966","26007",
"1400000US06097150205","Census Tract 1502.05; Sonoma County; California","145515","47006",
"1400000US06097150206","Census Tract 1502.06; Sonoma County; California","187411","62100",
"1400000US06097150303","Census Tract 1503.03; Sonoma County; California","162202","26067",
"1400000US06097150304","Census Tract 1503.04; Sonoma County; California","128841","15198",
"1400000US06097150305","Census Tract 1503.05; Sonoma County; California","93438","40170",
"1400000US06097150306","Census Tract 1503.06; Sonoma County; California","122841","21535",
"1400000US06097150501","Census Tract 1505.01; Sonoma County; California","159167","90969",
"1400000US06097150502","Census Tract 1505.02; Sonoma County; California","111173","12598",
"1400000US06097150601","Census Tract 1506.01; Sonoma County; California","98913","11791",
"1400000US06097150602","Census Tract 1506.02; Sonoma County; California","116449","23111",
"1400000US06097150603","Census Tract 1506.03; Sonoma County; California","116916","43120",
"1400000US06097150607","Census Tract 1506.07; Sonoma County; California","179632","37100",
"1400000US06097150609","Census Tract 1506.09; Sonoma County; California","133783","32220",
"1400000US06097150610","Census Tract 1506.10; Sonoma County; California","146287","17041",
"1400000US06097150611","Census Tract 1506.11; Sonoma County; California","128986","13048",
"1400000US06097150612","Census Tract 1506.12; Sonoma County; California","156462","8092",
"1400000US06097150701","Census Tract 1507.01; Sonoma County; California","153352","63989",
"1400000US06097150702","Census Tract 1507.02; Sonoma County; California","200446","29124",
"1400000US06097150800","Census Tract 1508; Sonoma County; California","153648","26570",
"1400000US06097150901","Census Tract 1509.01; Sonoma County; California","109486","18936",
"1400000US06097150902","Census Tract 1509.02; Sonoma County; California","152000","17514",
"1400000US06097151000","Census Tract 1510; Sonoma County; California","152188","39644",
"1400000US06097151100","Census Tract 1511; Sonoma County; California","145625","22630",
"1400000US06097151203","Census Tract 1512.03; Sonoma County; California","135040","45250",
"1400000US06097151204","Census Tract 1512.04; Sonoma County; California","132656","42380",
"1400000US06097151205","Census Tract 1512.05; Sonoma County; California","134271","121495",
"1400000US06097151206","Census Tract 1512.06; Sonoma County; California","124569","54326",
"1400000US06097151301","Census Tract 1513.01; Sonoma County; California","92289","12632",
"1400000US06097151305","Census Tract 1513.05; Sonoma County; California","85217","35146",
"1400000US06097151306","Census Tract 1513.06; Sonoma County; California","107111","20951",
"1400000US06097151307","Census Tract 1513.07; Sonoma County; California","159716","32552",
"1400000US06097151308","Census Tract 1513.08; Sonoma County; California","119757","54249",
"1400000US06097151309","Census Tract 1513.09; Sonoma County; California","137131","34841",
"1400000US06097151310","Census Tract 1513.10; Sonoma County; California","111250","15208",
"1400000US06097151311","Census Tract 1513.11; Sonoma County; California","148866","25653",
"1400000US06097151403","Census Tract 1514.03; Sonoma County; California","94681","12093",
"1400000US06097151404","Census Tract 1514.04; Sonoma County; California","66648","21696",
"1400000US06097151405","Census Tract 1514.05; Sonoma County; California","66013","9529",
"1400000US06097151406","Census Tract 1514.06; Sonoma County; California","76875","28942",
"1400000US06097151503","Census Tract 1515.03; Sonoma County; California","186957","14633",
"1400000US06097151504","Census Tract 1515.04; Sonoma County; California","166902","34893",
"1400000US06097151505","Census Tract 1515.05; Sonoma County; California","166250","31690",
"1400000US06097151506","Census Tract 1515.06; Sonoma County; California","114375","37815",
"1400000US06097151601","Census Tract 1516.01; Sonoma County; California","135000","16153",
"1400000US06097151602","Census Tract 1516.02; Sonoma County; California","165130","24247",
"1400000US06097151701","Census Tract 1517.01; Sonoma County; California","112400","38511",
"1400000US06097151702","Census Tract 1517.02; Sonoma County; California","134750","15800",
"1400000US06097151800","Census Tract 1518; Sonoma County; California","160202","33552",
"1400000US06097151900","Census Tract 1519; Sonoma County; California","99277","8762",
"1400000US06097152000","Census Tract 1520; Sonoma County; California","90500","35344",
"1400000US06097152100","Census Tract 1521; Sonoma County; California","103194","12715",
"1400000US06097152201","Census Tract 1522.01; Sonoma County; California","111991","15010",
"1400000US06097152203","Census Tract 1522.03; Sonoma County; California","125227","25321",
"1400000US06097152204","Census Tract 1522.04; Sonoma County; California","119886","35670",
"1400000US06097152205","Census Tract 1522.05; Sonoma County; California","158047","74494",
"1400000US06097152300","Census Tract 1523; Sonoma County; California","153375","23711",
"1400000US06097152401","Census Tract 1524.01; Sonoma County; California","219608","86494",
"1400000US06097152402","Census Tract 1524.02; Sonoma County; California","175917","57684",
"1400000US06097152501","Census Tract 1525.01; Sonoma County; California","124542","20359",
"1400000US06097152502","Census Tract 1525.02; Sonoma County; California","104542","25753",
"1400000US06097152601","Census Tract 1526.01; Sonoma County; California","190385","28146",
"1400000US06097152602","Census Tract 1526.02; Sonoma County; California","-","**",
"1400000US06097152701","Census Tract 1527.01; Sonoma County; California","92458","17779",
"1400000US06097152702","Census Tract 1527.02; Sonoma County; California","116450","31999",
"1400000US06097152801","Census Tract 1528.01; Sonoma County; California","111635","23972",
"1400000US06097152803","Census Tract 1528.03; Sonoma County; California","87658","14854",
"1400000US06097152804","Census Tract 1528.04; Sonoma County; California","61875","21662",
"1400000US06097152903","Census Tract 1529.03; Sonoma County; California","102083","41943",
"1400000US06097152904","Census Tract 1529.04; Sonoma County; California","149063","19543",
"1400000US06097152905","Census Tract 1529.05; Sonoma County; California","140246","16580",
"1400000US06097152906","Census Tract 1529.06; Sonoma County; California","165281","43807",
"1400000US06097153001","Census Tract 1530.01; Sonoma County; California","120284","17443",
"1400000US06097153002","Census Tract 1530.02; Sonoma County; California","85720","19014",
"1400000US06097153003","Census Tract 1530.03; Sonoma County; California","79728","23302",
"1400000US06097153005","Census Tract 1530.05; Sonoma County; California","123669","21750",
"1400000US06097153006","Census Tract 1530.06; Sonoma County; California","109418","29099",
"1400000US06097153102","Census Tract 1531.02; Sonoma County; California","80417","12500",
"1400000US06097153103","Census Tract 1531.03; Sonoma County; California","84120","13587",
"1400000US06097153104","Census Tract 1531.04; Sonoma County; California","71835","10483",
"1400000US06097153201","Census Tract 1532.01; Sonoma County; California","122963","21453",
"1400000US06097153202","Census Tract 1532.02; Sonoma County; California","66890","34044",
"1400000US06097153301","Census Tract 1533.01; Sonoma County; California","99203","26157",
"1400000US06097153302","Census Tract 1533.02; Sonoma County; California","96637","33731",
"1400000US06097153403","Census Tract 1534.03; Sonoma County; California","125625","33686",
"1400000US06097153404","Census Tract 1534.04; Sonoma County; California","140536","41656",
"1400000US06097153405","Census Tract 1534.05; Sonoma County; California","116336","12328",
"1400000US06097153406","Census Tract 1534.06; Sonoma County; California","106992","15281",
"1400000US06097153501","Census Tract 1535.01; Sonoma County; California","114531","29254",
"1400000US06097153502","Census Tract 1535.02; Sonoma County; California","173333","38598",
"1400000US06097153601","Census Tract 1536.01; Sonoma County; California","144826","27349",
"1400000US06097153602","Census Tract 1536.02; Sonoma County; California","179773","45475",
"1400000US06097153705","Census Tract 1537.05; Sonoma County; California","141250","42404",
"1400000US06097153707","Census Tract 1537.07; Sonoma County; California","110089","19955",
"1400000US06097153708","Census Tract 1537.08; Sonoma County; California","91797","32986",
"1400000US06097153709","Census Tract 1537.09; Sonoma County; California","166875","31630",
"1400000US06097153710","Census Tract 1537.10; Sonoma County; California","123409","12540",
"1400000US06097153711","Census Tract 1537.11; Sonoma County; California","109832","53390",
"1400000US06097153712","Census Tract 1537.12; Sonoma County; California","135278","53798",
"1400000US06097153804","Census Tract 1538.04; Sonoma County; California","167574","22060",
"1400000US06097153806","Census Tract 1538.06; Sonoma County; California","143889","35829",
"1400000US06097153807","Census Tract 1538.07; Sonoma County; California","168466","16958",
"1400000US06097153808","Census Tract 1538.08; Sonoma County; California","114125","31191",
"1400000US06097153809","Census Tract 1538.09; Sonoma County; California","140259","32120",
"1400000US06097153810","Census Tract 1538.10; Sonoma County; California","158220","31340",
"1400000US06097153811","Census Tract 1538.11; Sonoma County; California","180476","33925",
"1400000US06097153902","Census Tract 1539.02; Sonoma County; California","101932","27503",
"1400000US06097153903","Census Tract 1539.03; Sonoma County; California","139107","27045",
"1400000US06097153904","Census Tract 1539.04; Sonoma County; California","147321","104462",
"1400000US06097153905","Census Tract 1539.05; Sonoma County; California","115237","28038",
"1400000US06097154000","Census Tract 1540; Sonoma County; California","156806","57510",
"1400000US06097154100","Census Tract 1541; Sonoma County; California","146827","16513",
"1400000US06097154201","Census Tract 1542.01; Sonoma County; California","112500","24047",
"1400000US06097154202","Census Tract 1542.02; Sonoma County; California","117329","28389",
"1400000US06097154304","Census Tract 1543.04; Sonoma County; California","94375","30241",
"1400000US06097154305","Census Tract 1543.05; Sonoma County; California","149821","43129",
"1400000US06097154306","Census Tract 1543.06; Sonoma County; California","170777","40471",
"1400000US06097154307","Census Tract 1543.07; Sonoma County; California","121250","39060",
"1400000US06097154308","Census Tract 1543.08; Sonoma County; California","147833","69335",
"1400000US06097990100","Census Tract 9901; Sonoma County; California","-","**",
"1400000US06099000101","Census Tract 1.01; Stanislaus County; California","107370","17592",
"1400000US06099000102","Census Tract 1.02; Stanislaus County; California","140938","57676",
"1400000US06099000201","Census Tract 2.01; Stanislaus County; California","116413","24697",
"1400000US06099000202","Census Tract 2.02; Stanislaus County; California","92364","25506",
"1400000US06099000204","Census Tract 2.04; Stanislaus County; California","105495","18526",
"1400000US06099000205","Census Tract 2.05; Stanislaus County; California","89178","20110",
"1400000US06099000301","Census Tract 3.01; Stanislaus County; California","83750","14670",
"1400000US06099000302","Census Tract 3.02; Stanislaus County; California","89063","27822",
"1400000US06099000303","Census Tract 3.03; Stanislaus County; California","78671","10367",
"1400000US06099000304","Census Tract 3.04; Stanislaus County; California","79730","9359",
"1400000US06099000403","Census Tract 4.03; Stanislaus County; California","146411","12122",
"1400000US06099000404","Census Tract 4.04; Stanislaus County; California","76031","28507",
"1400000US06099000405","Census Tract 4.05; Stanislaus County; California","57188","31868",
"1400000US06099000406","Census Tract 4.06; Stanislaus County; California","155526","27969",
"1400000US06099000407","Census Tract 4.07; Stanislaus County; California","174574","49945",
"1400000US06099000501","Census Tract 5.01; Stanislaus County; California","122936","23998",
"1400000US06099000503","Census Tract 5.03; Stanislaus County; California","91650","18319",
"1400000US06099000505","Census Tract 5.05; Stanislaus County; California","89183","31522",
"1400000US06099000506","Census Tract 5.06; Stanislaus County; California","79087","26134",
"1400000US06099000511","Census Tract 5.11; Stanislaus County; California","131750","29285",
"1400000US06099000512","Census Tract 5.12; Stanislaus County; California","169265","28369",
"1400000US06099000513","Census Tract 5.13; Stanislaus County; California","122620","9978",
"1400000US06099000514","Census Tract 5.14; Stanislaus County; California","74740","12073",
"1400000US06099000601","Census Tract 6.01; Stanislaus County; California","100735","36866",
"1400000US06099000602","Census Tract 6.02; Stanislaus County; California","107500","19689",
"1400000US06099000801","Census Tract 8.01; Stanislaus County; California","99327","20325",
"1400000US06099000803","Census Tract 8.03; Stanislaus County; California","69336","23661",
"1400000US06099000805","Census Tract 8.05; Stanislaus County; California","102295","18352",
"1400000US06099000806","Census Tract 8.06; Stanislaus County; California","91357","19162",
"1400000US06099000807","Census Tract 8.07; Stanislaus County; California","95132","46767",
"1400000US06099000905","Census Tract 9.05; Stanislaus County; California","108218","28111",
"1400000US06099000906","Census Tract 9.06; Stanislaus County; California","80227","12941",
"1400000US06099000907","Census Tract 9.07; Stanislaus County; California","109728","47178",
"1400000US06099000908","Census Tract 9.08; Stanislaus County; California","75650","14043",
"1400000US06099000909","Census Tract 9.09; Stanislaus County; California","84185","7457",
"1400000US06099000910","Census Tract 9.10; Stanislaus County; California","57869","12708",
"1400000US06099000911","Census Tract 9.11; Stanislaus County; California","100014","15769",
"1400000US06099000913","Census Tract 9.13; Stanislaus County; California","130054","23402",
"1400000US06099000914","Census Tract 9.14; Stanislaus County; California","109722","61600",
"1400000US06099000915","Census Tract 9.15; Stanislaus County; California","103095","34985",
"1400000US06099001001","Census Tract 10.01; Stanislaus County; California","71783","39293",
"1400000US06099001002","Census Tract 10.02; Stanislaus County; California","97721","11563",
"1400000US06099001100","Census Tract 11; Stanislaus County; California","73995","17809",
"1400000US06099001200","Census Tract 12; Stanislaus County; California","77194","31164",
"1400000US06099001300","Census Tract 13; Stanislaus County; California","96544","35367",
"1400000US06099001400","Census Tract 14; Stanislaus County; California","62594","6025",
"1400000US06099001500","Census Tract 15; Stanislaus County; California","77679","11736",
"1400000US06099001601","Census Tract 16.01; Stanislaus County; California","57594","6646",
"1400000US06099001603","Census Tract 16.03; Stanislaus County; California","70175","11112",
"1400000US06099001604","Census Tract 16.04; Stanislaus County; California","42000","13833",
"1400000US06099001700","Census Tract 17; Stanislaus County; California","49643","8897",
"1400000US06099001800","Census Tract 18; Stanislaus County; California","66058","16062",
"1400000US06099001900","Census Tract 19; Stanislaus County; California","106402","25483",
"1400000US06099002002","Census Tract 20.02; Stanislaus County; California","49159","11065",
"1400000US06099002004","Census Tract 20.04; Stanislaus County; California","66007","17734",
"1400000US06099002005","Census Tract 20.05; Stanislaus County; California","90968","13816",
"1400000US06099002006","Census Tract 20.06; Stanislaus County; California","122871","28113",
"1400000US06099002100","Census Tract 21; Stanislaus County; California","47440","43899",
"1400000US06099002200","Census Tract 22; Stanislaus County; California","55000","21596",
"1400000US06099002302","Census Tract 23.02; Stanislaus County; California","53750","26642",
"1400000US06099002303","Census Tract 23.03; Stanislaus County; California","68279","9239",
"1400000US06099002304","Census Tract 23.04; Stanislaus County; California","37461","12650",
"1400000US06099002401","Census Tract 24.01; Stanislaus County; California","68676","16288",
"1400000US06099002402","Census Tract 24.02; Stanislaus County; California","40859","17486",
"1400000US06099002503","Census Tract 25.03; Stanislaus County; California","65820","43065",
"1400000US06099002504","Census Tract 25.04; Stanislaus County; California","101071","14630",
"1400000US06099002505","Census Tract 25.05; Stanislaus County; California","91558","18192",
"1400000US06099002506","Census Tract 25.06; Stanislaus County; California","68173","37551",
"1400000US06099002602","Census Tract 26.02; Stanislaus County; California","73000","16737",
"1400000US06099002603","Census Tract 26.03; Stanislaus County; California","85924","19997",
"1400000US06099002604","Census Tract 26.04; Stanislaus County; California","71000","12958",
"1400000US06099002605","Census Tract 26.05; Stanislaus County; California","84103","18675",
"1400000US06099002701","Census Tract 27.01; Stanislaus County; California","85931","18347",
"1400000US06099002702","Census Tract 27.02; Stanislaus County; California","82917","11489",
"1400000US06099002801","Census Tract 28.01; Stanislaus County; California","106606","7704",
"1400000US06099002802","Census Tract 28.02; Stanislaus County; California","72257","5323",
"1400000US06099002803","Census Tract 28.03; Stanislaus County; California","88750","29662",
"1400000US06099002901","Census Tract 29.01; Stanislaus County; California","105677","11649",
"1400000US06099002903","Census Tract 29.03; Stanislaus County; California","93977","19582",
"1400000US06099002904","Census Tract 29.04; Stanislaus County; California","106406","29617",
"1400000US06099003002","Census Tract 30.02; Stanislaus County; California","67217","18189",
"1400000US06099003003","Census Tract 30.03; Stanislaus County; California","86938","33614",
"1400000US06099003004","Census Tract 30.04; Stanislaus County; California","95368","47997",
"1400000US06099003100","Census Tract 31; Stanislaus County; California","61731","19076",
"1400000US06099003201","Census Tract 32.01; Stanislaus County; California","84395","14606",
"1400000US06099003203","Census Tract 32.03; Stanislaus County; California","100784","30124",
"1400000US06099003204","Census Tract 32.04; Stanislaus County; California","84769","33527",
"1400000US06099003205","Census Tract 32.05; Stanislaus County; California","104283","18281",
"1400000US06099003206","Census Tract 32.06; Stanislaus County; California","105870","37642",
"1400000US06099003300","Census Tract 33; Stanislaus County; California","93150","8134",
"1400000US06099003400","Census Tract 34; Stanislaus County; California","83289","16987",
"1400000US06099003501","Census Tract 35.01; Stanislaus County; California","73594","29416",
"1400000US06099003502","Census Tract 35.02; Stanislaus County; California","72131","16564",
"1400000US06099003603","Census Tract 36.03; Stanislaus County; California","101750","59280",
"1400000US06099003607","Census Tract 36.07; Stanislaus County; California","133021","52156",
"1400000US06099003608","Census Tract 36.08; Stanislaus County; California","114087","24809",
"1400000US06099003609","Census Tract 36.09; Stanislaus County; California","99545","17302",
"1400000US06099003610","Census Tract 36.10; Stanislaus County; California","64400","38712",
"1400000US06099003611","Census Tract 36.11; Stanislaus County; California","140365","21370",
"1400000US06099003612","Census Tract 36.12; Stanislaus County; California","145521","49538",
"1400000US06099003700","Census Tract 37; Stanislaus County; California","90104","26649",
"1400000US06099003802","Census Tract 38.02; Stanislaus County; California","55313","12620",
"1400000US06099003803","Census Tract 38.03; Stanislaus County; California","87889","7180",
"1400000US06099003804","Census Tract 38.04; Stanislaus County; California","68958","20370",
"1400000US06099003805","Census Tract 38.05; Stanislaus County; California","101463","18163",
"1400000US06099003904","Census Tract 39.04; Stanislaus County; California","84323","24707",
"1400000US06099003905","Census Tract 39.05; Stanislaus County; California","142614","16839",
"1400000US06099003906","Census Tract 39.06; Stanislaus County; California","51500","9514",
"1400000US06099003907","Census Tract 39.07; Stanislaus County; California","102745","12901",
"1400000US06099003908","Census Tract 39.08; Stanislaus County; California","41620","13916",
"1400000US06099003909","Census Tract 39.09; Stanislaus County; California","82481","22391",
"1400000US06099004000","Census Tract 40; Stanislaus County; California","108828","18576",
"1400000US06101050101","Census Tract 501.01; Sutter County; California","64417","26762",
"1400000US06101050102","Census Tract 501.02; Sutter County; California","56750","12987",
"1400000US06101050201","Census Tract 502.01; Sutter County; California","53086","8134",
"1400000US06101050202","Census Tract 502.02; Sutter County; California","77174","24959",
"1400000US06101050301","Census Tract 503.01; Sutter County; California","71106","11293",
"1400000US06101050302","Census Tract 503.02; Sutter County; California","59295","20986",
"1400000US06101050401","Census Tract 504.01; Sutter County; California","90753","19199",
"1400000US06101050402","Census Tract 504.02; Sutter County; California","108333","25800",
"1400000US06101050403","Census Tract 504.03; Sutter County; California","111250","38875",
"1400000US06101050501","Census Tract 505.01; Sutter County; California","75587","10770",
"1400000US06101050503","Census Tract 505.03; Sutter County; California","110726","11900",
"1400000US06101050504","Census Tract 505.04; Sutter County; California","86413","32164",
"1400000US06101050601","Census Tract 506.01; Sutter County; California","157776","58852",
"1400000US06101050603","Census Tract 506.03; Sutter County; California","109667","68336",
"1400000US06101050604","Census Tract 506.04; Sutter County; California","108657","18282",
"1400000US06101050701","Census Tract 507.01; Sutter County; California","80801","10548",
"1400000US06101050702","Census Tract 507.02; Sutter County; California","86610","19129",
"1400000US06101050800","Census Tract 508; Sutter County; California","103950","7742",
"1400000US06101050900","Census Tract 509; Sutter County; California","67411","27661",
"1400000US06101051000","Census Tract 510; Sutter County; California","94479","13450",
"1400000US06101051100","Census Tract 511; Sutter County; California","123250","20686",
"1400000US06103000100","Census Tract 1; Tehama County; California","92193","16275",
"1400000US06103000201","Census Tract 2.01; Tehama County; California","102634","5157",
"1400000US06103000202","Census Tract 2.02; Tehama County; California","62099","43404",
"1400000US06103000300","Census Tract 3; Tehama County; California","96250","27804",
"1400000US06103000400","Census Tract 4; Tehama County; California","122500","11936",
"1400000US06103000500","Census Tract 5; Tehama County; California","77091","21475",
"1400000US06103000600","Census Tract 6; Tehama County; California","72925","32902",
"1400000US06103000701","Census Tract 7.01; Tehama County; California","50529","5724",
"1400000US06103000702","Census Tract 7.02; Tehama County; California","72560","38630",
"1400000US06103000800","Census Tract 8; Tehama County; California","73514","12274",
"1400000US06103000900","Census Tract 9; Tehama County; California","61518","19901",
"1400000US06103001000","Census Tract 10; Tehama County; California","78232","16859",
"1400000US06103001101","Census Tract 11.01; Tehama County; California","81607","24799",
"1400000US06103001102","Census Tract 11.02; Tehama County; California","58102","15838",
"1400000US06105000101","Census Tract 1.01; Trinity County; California","60893","18388",
"1400000US06105000102","Census Tract 1.02; Trinity County; California","104944","20098",
"1400000US06105000200","Census Tract 2; Trinity County; California","63644","9786",
"1400000US06105000500","Census Tract 5; Trinity County; California","62708","26080",
"1400000US06107000101","Census Tract 1.01; Tulare County; California","118333","50993",
"1400000US06107000102","Census Tract 1.02; Tulare County; California","91250","73891",
"1400000US06107000202","Census Tract 2.02; Tulare County; California","38357","17871",
"1400000US06107000203","Census Tract 2.03; Tulare County; California","47344","7809",
"1400000US06107000204","Census Tract 2.04; Tulare County; California","48810","2055",
"1400000US06107000302","Census Tract 3.02; Tulare County; California","53092","7163",
"1400000US06107000303","Census Tract 3.03; Tulare County; California","88750","23863",
"1400000US06107000304","Census Tract 3.04; Tulare County; California","50375","17207",
"1400000US06107000401","Census Tract 4.01; Tulare County; California","85936","6651",
"1400000US06107000402","Census Tract 4.02; Tulare County; California","69777","33905",
"1400000US06107000501","Census Tract 5.01; Tulare County; California","46103","10317",
"1400000US06107000502","Census Tract 5.02; Tulare County; California","65938","30812",
"1400000US06107000600","Census Tract 6; Tulare County; California","62210","8052",
"1400000US06107000701","Census Tract 7.01; Tulare County; California","50000","19794",
"1400000US06107000702","Census Tract 7.02; Tulare County; California","54242","13296",
"1400000US06107000801","Census Tract 8.01; Tulare County; California","56223","20216",
"1400000US06107000802","Census Tract 8.02; Tulare County; California","80119","14447",
"1400000US06107000901","Census Tract 9.01; Tulare County; California","66750","18472",
"1400000US06107000902","Census Tract 9.02; Tulare County; California","84007","9963",
"1400000US06107001005","Census Tract 10.05; Tulare County; California","149167","57229",
"1400000US06107001006","Census Tract 10.06; Tulare County; California","94084","36652",
"1400000US06107001007","Census Tract 10.07; Tulare County; California","156094","48367",
"1400000US06107001008","Census Tract 10.08; Tulare County; California","154276","59726",
"1400000US06107001009","Census Tract 10.09; Tulare County; California","56882","7121",
"1400000US06107001010","Census Tract 10.10; Tulare County; California","76200","12743",
"1400000US06107001011","Census Tract 10.11; Tulare County; California","89451","37882",
"1400000US06107001012","Census Tract 10.12; Tulare County; California","112398","24710",
"1400000US06107001101","Census Tract 11.01; Tulare County; California","36558","9427",
"1400000US06107001102","Census Tract 11.02; Tulare County; California","36250","23083",
"1400000US06107001200","Census Tract 12; Tulare County; California","41736","33689",
"1400000US06107001303","Census Tract 13.03; Tulare County; California","75321","16887",
"1400000US06107001304","Census Tract 13.04; Tulare County; California","88804","16215",
"1400000US06107001305","Census Tract 13.05; Tulare County; California","53750","21444",
"1400000US06107001306","Census Tract 13.06; Tulare County; California","95213","16142",
"1400000US06107001400","Census Tract 14; Tulare County; California","92375","7925",
"1400000US06107001501","Census Tract 15.01; Tulare County; California","84375","15275",
"1400000US06107001502","Census Tract 15.02; Tulare County; California","61607","22590",
"1400000US06107001601","Census Tract 16.01; Tulare County; California","48287","20545",
"1400000US06107001602","Census Tract 16.02; Tulare County; California","66120","9522",
"1400000US06107001701","Census Tract 17.01; Tulare County; California","42917","6395",
"1400000US06107001703","Census Tract 17.03; Tulare County; California","97500","26518",
"1400000US06107001705","Census Tract 17.05; Tulare County; California","68158","32433",
"1400000US06107001706","Census Tract 17.06; Tulare County; California","96446","15282",
"1400000US06107001800","Census Tract 18; Tulare County; California","88882","24952",
"1400000US06107001901","Census Tract 19.01; Tulare County; California","84082","7329",
"1400000US06107001902","Census Tract 19.02; Tulare County; California","93785","20073",
"1400000US06107002002","Census Tract 20.02; Tulare County; California","74867","27220",
"1400000US06107002003","Census Tract 20.03; Tulare County; California","61853","17466",
"1400000US06107002004","Census Tract 20.04; Tulare County; California","91604","8116",
"1400000US06107002006","Census Tract 20.06; Tulare County; California","121681","28012",
"1400000US06107002008","Census Tract 20.08; Tulare County; California","53370","10007",
"1400000US06107002009","Census Tract 20.09; Tulare County; California","82936","13783",
"1400000US06107002010","Census Tract 20.10; Tulare County; California","108051","16040",
"1400000US06107002011","Census Tract 20.11; Tulare County; California","130642","44282",
"1400000US06107002100","Census Tract 21; Tulare County; California","77604","21837",
"1400000US06107002202","Census Tract 22.02; Tulare County; California","45596","5601",
"1400000US06107002203","Census Tract 22.03; Tulare County; California","65405","22837",
"1400000US06107002204","Census Tract 22.04; Tulare County; California","56069","9282",
"1400000US06107002302","Census Tract 23.02; Tulare County; California","73052","14972",
"1400000US06107002303","Census Tract 23.03; Tulare County; California","103160","20504",
"1400000US06107002304","Census Tract 23.04; Tulare County; California","61579","8231",
"1400000US06107002401","Census Tract 24.01; Tulare County; California","105603","8651",
"1400000US06107002402","Census Tract 24.02; Tulare County; California","96281","18011",
"1400000US06107002403","Census Tract 24.03; Tulare County; California","113818","19487",
"1400000US06107002500","Census Tract 25; Tulare County; California","122750","55047",
"1400000US06107002601","Census Tract 26.01; Tulare County; California","65950","19536",
"1400000US06107002602","Census Tract 26.02; Tulare County; California","45703","16148",
"1400000US06107002701","Census Tract 27.01; Tulare County; California","80583","39915",
"1400000US06107002702","Census Tract 27.02; Tulare County; California","118514","20516",
"1400000US06107002800","Census Tract 28; Tulare County; California","32338","10556",
"1400000US06107002901","Census Tract 29.01; Tulare County; California","72857","40417",
"1400000US06107002903","Census Tract 29.03; Tulare County; California","68113","13617",
"1400000US06107002904","Census Tract 29.04; Tulare County; California","60417","14092",
"1400000US06107003001","Census Tract 30.01; Tulare County; California","48837","15468",
"1400000US06107003002","Census Tract 30.02; Tulare County; California","52193","8311",
"1400000US06107003100","Census Tract 31; Tulare County; California","70947","8447",
"1400000US06107003201","Census Tract 32.01; Tulare County; California","58275","10831",
"1400000US06107003202","Census Tract 32.02; Tulare County; California","48750","6073",
"1400000US06107003301","Census Tract 33.01; Tulare County; California","44688","7034",
"1400000US06107003302","Census Tract 33.02; Tulare County; California","83889","21922",
"1400000US06107003401","Census Tract 34.01; Tulare County; California","58542","9938",
"1400000US06107003402","Census Tract 34.02; Tulare County; California","57609","34419",
"1400000US06107003501","Census Tract 35.01; Tulare County; California","78229","58795",
"1400000US06107003503","Census Tract 35.03; Tulare County; California","98194","31948",
"1400000US06107003504","Census Tract 35.04; Tulare County; California","74341","25330",
"1400000US06107003601","Census Tract 36.01; Tulare County; California","59214","7008",
"1400000US06107003602","Census Tract 36.02; Tulare County; California","71240","10374",
"1400000US06107003700","Census Tract 37; Tulare County; California","65521","30860",
"1400000US06107003801","Census Tract 38.01; Tulare County; California","56599","21645",
"1400000US06107003802","Census Tract 38.02; Tulare County; California","43836","16930",
"1400000US06107003902","Census Tract 39.02; Tulare County; California","46815","27800",
"1400000US06107003903","Census Tract 39.03; Tulare County; California","54055","32050",
"1400000US06107003904","Census Tract 39.04; Tulare County; California","53011","38413",
"1400000US06107004000","Census Tract 40; Tulare County; California","-","**",
"1400000US06107004102","Census Tract 41.02; Tulare County; California","55250","34539",
"1400000US06107004103","Census Tract 41.03; Tulare County; California","42452","14787",
"1400000US06107004104","Census Tract 41.04; Tulare County; California","46883","5299",
"1400000US06107004200","Census Tract 42; Tulare County; California","59417","21505",
"1400000US06107004301","Census Tract 43.01; Tulare County; California","44095","3253",
"1400000US06107004302","Census Tract 43.02; Tulare County; California","59063","7893",
"1400000US06107004401","Census Tract 44.01; Tulare County; California","63571","10580",
"1400000US06107004402","Census Tract 44.02; Tulare County; California","49205","11083",
"1400000US06107004500","Census Tract 45; Tulare County; California","83696","26053",
"1400000US06109001100","Census Tract 11; Tuolumne County; California","118973","13960",
"1400000US06109001200","Census Tract 12; Tuolumne County; California","80714","57951",
"1400000US06109002101","Census Tract 21.01; Tuolumne County; California","69375","19893",
"1400000US06109002102","Census Tract 21.02; Tuolumne County; California","62250","19091",
"1400000US06109002201","Census Tract 22.01; Tuolumne County; California","99766","43821",
"1400000US06109002202","Census Tract 22.02; Tuolumne County; California","100625","25256",
"1400000US06109003101","Census Tract 31.01; Tuolumne County; California","100091","30992",
"1400000US06109003102","Census Tract 31.02; Tuolumne County; California","99805","64102",
"1400000US06109003103","Census Tract 31.03; Tuolumne County; California","68214","15450",
"1400000US06109003200","Census Tract 32; Tuolumne County; California","94626","15740",
"1400000US06109004101","Census Tract 41.01; Tuolumne County; California","110625","37225",
"1400000US06109004102","Census Tract 41.02; Tuolumne County; California","100370","42816",
"1400000US06109004201","Census Tract 42.01; Tuolumne County; California","110341","22962",
"1400000US06109004202","Census Tract 42.02; Tuolumne County; California","68250","16207",
"1400000US06109005101","Census Tract 51.01; Tuolumne County; California","84044","13625",
"1400000US06109005102","Census Tract 51.02; Tuolumne County; California","95433","38391",
"1400000US06109005201","Census Tract 52.01; Tuolumne County; California","91786","14325",
"1400000US06109985202","Census Tract 9852.02; Tuolumne County; California","-","**",
"1400000US06111000302","Census Tract 3.02; Ventura County; California","91402","11862",
"1400000US06111000303","Census Tract 3.03; Ventura County; California","109836","12027",
"1400000US06111000304","Census Tract 3.04; Ventura County; California","65714","43729",
"1400000US06111000400","Census Tract 4; Ventura County; California","98527","28298",
"1400000US06111000500","Census Tract 5; Ventura County; California","92443","15524",
"1400000US06111000600","Census Tract 6; Ventura County; California","52793","20034",
"1400000US06111000701","Census Tract 7.01; Ventura County; California","73750","20104",
"1400000US06111000702","Census Tract 7.02; Ventura County; California","127284","13500",
"1400000US06111000800","Census Tract 8; Ventura County; California","112757","6306",
"1400000US06111000901","Census Tract 9.01; Ventura County; California","134777","18042",
"1400000US06111000902","Census Tract 9.02; Ventura County; California","135455","33684",
"1400000US06111000903","Census Tract 9.03; Ventura County; California","79942","19086",
"1400000US06111001002","Census Tract 10.02; Ventura County; California","93662","13180",
"1400000US06111001101","Census Tract 11.01; Ventura County; California","121250","21121",
"1400000US06111001102","Census Tract 11.02; Ventura County; California","140661","12567",
"1400000US06111001201","Census Tract 12.01; Ventura County; California","104808","30606",
"1400000US06111001202","Census Tract 12.02; Ventura County; California","168672","30213",
"1400000US06111001204","Census Tract 12.04; Ventura County; California","83750","13308",
"1400000US06111001302","Census Tract 13.02; Ventura County; California","109792","58359",
"1400000US06111001303","Census Tract 13.03; Ventura County; California","117386","30189",
"1400000US06111001304","Census Tract 13.04; Ventura County; California","102404","31649",
"1400000US06111001401","Census Tract 14.01; Ventura County; California","138590","14921",
"1400000US06111001402","Census Tract 14.02; Ventura County; California","155977","25744",
"1400000US06111001506","Census Tract 15.06; Ventura County; California","125371","17427",
"1400000US06111001507","Census Tract 15.07; Ventura County; California","121542","17060",
"1400000US06111001508","Census Tract 15.08; Ventura County; California","100068","23913",
"1400000US06111001509","Census Tract 15.09; Ventura County; California","70664","4127",
"1400000US06111001510","Census Tract 15.10; Ventura County; California","72981","8173",
"1400000US06111001511","Census Tract 15.11; Ventura County; California","102188","37099",
"1400000US06111001602","Census Tract 16.02; Ventura County; California","138152","9062",
"1400000US06111001801","Census Tract 18.01; Ventura County; California","171094","25198",
"1400000US06111001901","Census Tract 19.01; Ventura County; California","155721","34442",
"1400000US06111002000","Census Tract 20; Ventura County; California","151648","30807",
"1400000US06111002102","Census Tract 21.02; Ventura County; California","117073","29465",
"1400000US06111002200","Census Tract 22; Ventura County; California","105093","33295",
"1400000US06111002301","Census Tract 23.01; Ventura County; California","79830","18766",
"1400000US06111002302","Census Tract 23.02; Ventura County; California","66833","17697",
"1400000US06111002400","Census Tract 24; Ventura County; California","93350","31339",
"1400000US06111002500","Census Tract 25; Ventura County; California","103830","15354",
"1400000US06111002600","Census Tract 26; Ventura County; California","151833","47850",
"1400000US06111002700","Census Tract 27; Ventura County; California","115778","15876",
"1400000US06111002800","Census Tract 28; Ventura County; California","109643","32734",
"1400000US06111002901","Census Tract 29.01; Ventura County; California","142039","21406",
"1400000US06111002905","Census Tract 29.05; Ventura County; California","131311","25924",
"1400000US06111003010","Census Tract 30.10; Ventura County; California","99167","11703",
"1400000US06111003011","Census Tract 30.11; Ventura County; California","63080","23775",
"1400000US06111003013","Census Tract 30.13; Ventura County; California","106375","17443",
"1400000US06111003101","Census Tract 31.01; Ventura County; California","106689","20080",
"1400000US06111003102","Census Tract 31.02; Ventura County; California","146607","10815",
"1400000US06111003201","Census Tract 32.01; Ventura County; California","65655","8552",
"1400000US06111003301","Census Tract 33.01; Ventura County; California","89583","34997",
"1400000US06111003302","Census Tract 33.02; Ventura County; California","86895","11917",
"1400000US06111003608","Census Tract 36.08; Ventura County; California","111010","23849",
"1400000US06111003613","Census Tract 36.13; Ventura County; California","94017","59167",
"1400000US06111003614","Census Tract 36.14; Ventura County; California","111814","20569",
"1400000US06111003615","Census Tract 36.15; Ventura County; California","134787","8017",
"1400000US06111003616","Census Tract 36.16; Ventura County; California","164583","49853",
"1400000US06111003617","Census Tract 36.17; Ventura County; California","128667","11760",
"1400000US06111003618","Census Tract 36.18; Ventura County; California","-","**",
"1400000US06111003700","Census Tract 37; Ventura County; California","87050","34872",
"1400000US06111003801","Census Tract 38.01; Ventura County; California","61250","32923",
"1400000US06111003802","Census Tract 38.02; Ventura County; California","62145","15585",
"1400000US06111003901","Census Tract 39.01; Ventura County; California","71313","23775",
"1400000US06111003902","Census Tract 39.02; Ventura County; California","84375","47386",
"1400000US06111004000","Census Tract 40; Ventura County; California","96273","21589",
"1400000US06111004101","Census Tract 41.01; Ventura County; California","71793","11003",
"1400000US06111004200","Census Tract 42; Ventura County; California","106168","38710",
"1400000US06111004304","Census Tract 43.04; Ventura County; California","89360","6719",
"1400000US06111004305","Census Tract 43.05; Ventura County; California","88095","23355",
"1400000US06111004400","Census Tract 44; Ventura County; California","72362","36155",
"1400000US06111004503","Census Tract 45.03; Ventura County; California","70556","14978",
"1400000US06111004504","Census Tract 45.04; Ventura County; California","77837","19321",
"1400000US06111004505","Census Tract 45.05; Ventura County; California","79531","38680",
"1400000US06111004507","Census Tract 45.07; Ventura County; California","63750","17284",
"1400000US06111004508","Census Tract 45.08; Ventura County; California","43603","17645",
"1400000US06111004600","Census Tract 46; Ventura County; California","67794","15938",
"1400000US06111004704","Census Tract 47.04; Ventura County; California","81019","15716",
"1400000US06111004710","Census Tract 47.10; Ventura County; California","101351","12567",
"1400000US06111004711","Census Tract 47.11; Ventura County; California","107292","15099",
"1400000US06111004715","Census Tract 47.15; Ventura County; California","82787","13788",
"1400000US06111004716","Census Tract 47.16; Ventura County; California","92845","17647",
"1400000US06111004717","Census Tract 47.17; Ventura County; California","100208","17156",
"1400000US06111004901","Census Tract 49.01; Ventura County; California","123250","23828",
"1400000US06111004902","Census Tract 49.02; Ventura County; California","96458","25048",
"1400000US06111005002","Census Tract 50.02; Ventura County; California","58750","20176",
"1400000US06111005004","Census Tract 50.04; Ventura County; California","114978","20199",
"1400000US06111005005","Census Tract 50.05; Ventura County; California","66092","14001",
"1400000US06111005006","Census Tract 50.06; Ventura County; California","100781","16454",
"1400000US06111005202","Census Tract 52.02; Ventura County; California","116667","31422",
"1400000US06111005203","Census Tract 52.03; Ventura County; California","146597","33841",
"1400000US06111005204","Census Tract 52.04; Ventura County; California","151798","8608",
"1400000US06111005205","Census Tract 52.05; Ventura County; California","139594","32478",
"1400000US06111005304","Census Tract 53.04; Ventura County; California","99250","27269",
"1400000US06111005305","Census Tract 53.05; Ventura County; California","222885","60631",
"1400000US06111005306","Census Tract 53.06; Ventura County; California","167795","20340",
"1400000US06111005307","Census Tract 53.07; Ventura County; California","157807","35044",
"1400000US06111005308","Census Tract 53.08; Ventura County; California","122375","47808",
"1400000US06111005401","Census Tract 54.01; Ventura County; California","127585","30678",
"1400000US06111005403","Census Tract 54.03; Ventura County; California","77039","36307",
"1400000US06111005404","Census Tract 54.04; Ventura County; California","122303","36362",
"1400000US06111005502","Census Tract 55.02; Ventura County; California","93092","11194",
"1400000US06111005503","Census Tract 55.03; Ventura County; California","109805","31626",
"1400000US06111005504","Census Tract 55.04; Ventura County; California","129188","20512",
"1400000US06111005601","Census Tract 56.01; Ventura County; California","136827","49492",
"1400000US06111005602","Census Tract 56.02; Ventura County; California","112952","15579",
"1400000US06111005700","Census Tract 57; Ventura County; California","148750","33361",
"1400000US06111005801","Census Tract 58.01; Ventura County; California","237997","22025",
"1400000US06111005803","Census Tract 58.03; Ventura County; California","194590","27149",
"1400000US06111005804","Census Tract 58.04; Ventura County; California","217468","61090",
"1400000US06111005901","Census Tract 59.01; Ventura County; California","171500","27259",
"1400000US06111005906","Census Tract 59.06; Ventura County; California","199631","50808",
"1400000US06111005907","Census Tract 59.07; Ventura County; California","147924","32301",
"1400000US06111005908","Census Tract 59.08; Ventura County; California","176481","27517",
"1400000US06111005909","Census Tract 59.09; Ventura County; California","188304","59341",
"1400000US06111005910","Census Tract 59.10; Ventura County; California","201750","43947",
"1400000US06111005911","Census Tract 59.11; Ventura County; California","120398","37562",
"1400000US06111006000","Census Tract 60; Ventura County; California","151761","21212",
"1400000US06111006101","Census Tract 61.01; Ventura County; California","146250","33786",
"1400000US06111006102","Census Tract 61.02; Ventura County; California","112091","32149",
"1400000US06111006200","Census Tract 62; Ventura County; California","193586","16748",
"1400000US06111006301","Census Tract 63.01; Ventura County; California","157419","28243",
"1400000US06111006302","Census Tract 63.02; Ventura County; California","137917","23580",
"1400000US06111006400","Census Tract 64; Ventura County; California","152887","44955",
"1400000US06111006500","Census Tract 65; Ventura County; California","144853","27809",
"1400000US06111006600","Census Tract 66; Ventura County; California","158438","33663",
"1400000US06111006700","Census Tract 67; Ventura County; California","152454","39544",
"1400000US06111006800","Census Tract 68; Ventura County; California","132237","29955",
"1400000US06111006900","Census Tract 69; Ventura County; California","101250","28944",
"1400000US06111007000","Census Tract 70; Ventura County; California","115595","32426",
"1400000US06111007100","Census Tract 71; Ventura County; California","105370","17833",
"1400000US06111007201","Census Tract 72.01; Ventura County; California","208100","49214",
"1400000US06111007202","Census Tract 72.02; Ventura County; California","179000","27515",
"1400000US06111007300","Census Tract 73; Ventura County; California","226892","44728",
"1400000US06111007402","Census Tract 74.02; Ventura County; California","226875","44004",
"1400000US06111007403","Census Tract 74.03; Ventura County; California","188013","49654",
"1400000US06111007405","Census Tract 74.05; Ventura County; California","175589","11007",
"1400000US06111007406","Census Tract 74.06; Ventura County; California","212083","71195",
"1400000US06111007505","Census Tract 75.05; Ventura County; California","153516","43628",
"1400000US06111007506","Census Tract 75.06; Ventura County; California","162002","14691",
"1400000US06111007507","Census Tract 75.07; Ventura County; California","250,000+","***",
"1400000US06111007508","Census Tract 75.08; Ventura County; California","129224","34514",
"1400000US06111007509","Census Tract 75.09; Ventura County; California","153906","38196",
"1400000US06111007510","Census Tract 75.10; Ventura County; California","250,000+","***",
"1400000US06111007511","Census Tract 75.11; Ventura County; California","209783","57311",
"1400000US06111007512","Census Tract 75.12; Ventura County; California","134885","19502",
"1400000US06111007513","Census Tract 75.13; Ventura County; California","127798","37842",
"1400000US06111007515","Census Tract 75.15; Ventura County; California","186902","37533",
"1400000US06111007516","Census Tract 75.16; Ventura County; California","138036","51754",
"1400000US06111007607","Census Tract 76.07; Ventura County; California","179724","21210",
"1400000US06111007609","Census Tract 76.09; Ventura County; California","174583","23746",
"1400000US06111007610","Census Tract 76.10; Ventura County; California","165188","15585",
"1400000US06111007611","Census Tract 76.11; Ventura County; California","99773","13131",
"1400000US06111007612","Census Tract 76.12; Ventura County; California","126797","23393",
"1400000US06111007613","Census Tract 76.13; Ventura County; California","198500","34119",
"1400000US06111007614","Census Tract 76.14; Ventura County; California","137917","24245",
"1400000US06111007700","Census Tract 77; Ventura County; California","112525","18773",
"1400000US06111007800","Census Tract 78; Ventura County; California","86679","15579",
"1400000US06111007901","Census Tract 79.01; Ventura County; California","119688","15692",
"1400000US06111007903","Census Tract 79.03; Ventura County; California","200294","32144",
"1400000US06111007904","Census Tract 79.04; Ventura County; California","120602","20690",
"1400000US06111008001","Census Tract 80.01; Ventura County; California","138208","21178",
"1400000US06111008002","Census Tract 80.02; Ventura County; California","100515","29815",
"1400000US06111008004","Census Tract 80.04; Ventura County; California","102664","26700",
"1400000US06111008005","Census Tract 80.05; Ventura County; California","121199","13055",
"1400000US06111008101","Census Tract 81.01; Ventura County; California","168125","38574",
"1400000US06111008201","Census Tract 82.01; Ventura County; California","138200","13764",
"1400000US06111008202","Census Tract 82.02; Ventura County; California","117500","19415",
"1400000US06111008302","Census Tract 83.02; Ventura County; California","134519","19237",
"1400000US06111008303","Census Tract 83.03; Ventura County; California","99113","40984",
"1400000US06111008304","Census Tract 83.04; Ventura County; California","135565","25746",
"1400000US06111008307","Census Tract 83.07; Ventura County; California","120929","30256",
"1400000US06111008308","Census Tract 83.08; Ventura County; California","185750","17814",
"1400000US06111008401","Census Tract 84.01; Ventura County; California","147415","27277",
"1400000US06111008402","Census Tract 84.02; Ventura County; California","162396","16532",
"1400000US06111008501","Census Tract 85.01; Ventura County; California","144479","26840",
"1400000US06111008502","Census Tract 85.02; Ventura County; California","160707","10545",
"1400000US06111008601","Census Tract 86.01; Ventura County; California","131050","43269",
"1400000US06111008602","Census Tract 86.02; Ventura County; California","70656","9579",
"1400000US06111008700","Census Tract 87; Ventura County; California","78261","24273",
"1400000US06111008800","Census Tract 88; Ventura County; California","81050","18895",
"1400000US06111008900","Census Tract 89; Ventura County; California","107750","16576",
"1400000US06111009100","Census Tract 91; Ventura County; California","45925","7517",
"1400000US06111009200","Census Tract 92; Ventura County; California","101575","16663",
"1400000US06111009300","Census Tract 93; Ventura County; California","193947","36565",
"1400000US06111009400","Census Tract 94; Ventura County; California","127188","37872",
"1400000US06111009500","Census Tract 95; Ventura County; California","123889","34126",
"1400000US06111009600","Census Tract 96; Ventura County; California","208966","46219",
"1400000US06111009700","Census Tract 97; Ventura County; California","90179","19922",
"1400000US06111980000","Census Tract 9800; Ventura County; California","-","**",
"1400000US06111990100","Census Tract 9901; Ventura County; California","-","**",
"1400000US06113010102","Census Tract 101.02; Yolo County; California","85607","38646",
"1400000US06113010103","Census Tract 101.03; Yolo County; California","100947","16745",
"1400000US06113010104","Census Tract 101.04; Yolo County; California","74340","29539",
"1400000US06113010105","Census Tract 101.05; Yolo County; California","58770","3178",
"1400000US06113010201","Census Tract 102.01; Yolo County; California","102969","24204",
"1400000US06113010203","Census Tract 102.03; Yolo County; California","31604","24508",
"1400000US06113010204","Census Tract 102.04; Yolo County; California","57944","8451",
"1400000US06113010310","Census Tract 103.10; Yolo County; California","136875","23498",
"1400000US06113010312","Census Tract 103.12; Yolo County; California","137113","22665",
"1400000US06113010313","Census Tract 103.13; Yolo County; California","160813","14930",
"1400000US06113010314","Census Tract 103.14; Yolo County; California","142719","37124",
"1400000US06113010315","Census Tract 103.15; Yolo County; California","129063","71426",
"1400000US06113010401","Census Tract 104.01; Yolo County; California","178906","29521",
"1400000US06113010402","Census Tract 104.02; Yolo County; California","173371","43402",
"1400000US06113010501","Census Tract 105.01; Yolo County; California","55952","39557",
"1400000US06113010505","Census Tract 105.05; Yolo County; California","218696","34067",
"1400000US06113010508","Census Tract 105.08; Yolo County; California","195625","60659",
"1400000US06113010509","Census Tract 105.09; Yolo County; California","131667","25586",
"1400000US06113010510","Census Tract 105.10; Yolo County; California","189032","36195",
"1400000US06113010511","Census Tract 105.11; Yolo County; California","166875","30487",
"1400000US06113010512","Census Tract 105.12; Yolo County; California","168424","25498",
"1400000US06113010513","Census Tract 105.13; Yolo County; California","129141","31572",
"1400000US06113010602","Census Tract 106.02; Yolo County; California","71713","21639",
"1400000US06113010605","Census Tract 106.05; Yolo County; California","208333","62644",
"1400000US06113010607","Census Tract 106.07; Yolo County; California","192220","23880",
"1400000US06113010608","Census Tract 106.08; Yolo County; California","104661","16866",
"1400000US06113010609","Census Tract 106.09; Yolo County; California","183571","55625",
"1400000US06113010610","Census Tract 106.10; Yolo County; California","109099","32926",
"1400000US06113010611","Census Tract 106.11; Yolo County; California","150000","38731",
"1400000US06113010701","Census Tract 107.01; Yolo County; California","179313","67543",
"1400000US06113010703","Census Tract 107.03; Yolo County; California","139896","42998",
"1400000US06113010704","Census Tract 107.04; Yolo County; California","179750","45816",
"1400000US06113010800","Census Tract 108; Yolo County; California","99896","36680",
"1400000US06113010901","Census Tract 109.01; Yolo County; California","74683","9597",
"1400000US06113010902","Census Tract 109.02; Yolo County; California","67656","14606",
"1400000US06113011001","Census Tract 110.01; Yolo County; California","84000","32678",
"1400000US06113011002","Census Tract 110.02; Yolo County; California","110486","32547",
"1400000US06113011101","Census Tract 111.01; Yolo County; California","77098","12488",
"1400000US06113011102","Census Tract 111.02; Yolo County; California","83110","15136",
"1400000US06113011103","Census Tract 111.03; Yolo County; California","101985","24011",
"1400000US06113011203","Census Tract 112.03; Yolo County; California","129977","12086",
"1400000US06113011204","Census Tract 112.04; Yolo County; California","136250","16070",
"1400000US06113011207","Census Tract 112.07; Yolo County; California","180060","79205",
"1400000US06113011208","Census Tract 112.08; Yolo County; California","132740","27821",
"1400000US06113011209","Census Tract 112.09; Yolo County; California","122167","33770",
"1400000US06113011210","Census Tract 112.10; Yolo County; California","114454","11222",
"1400000US06113011211","Census Tract 112.11; Yolo County; California","135417","29117",
"1400000US06113011301","Census Tract 113.01; Yolo County; California","89792","55266",
"1400000US06113011302","Census Tract 113.02; Yolo County; California","157679","33475",
"1400000US06113011303","Census Tract 113.03; Yolo County; California","169879","39172",
"1400000US06113011304","Census Tract 113.04; Yolo County; California","154604","14261",
"1400000US06113011400","Census Tract 114; Yolo County; California","92262","16480",
"1400000US06113011500","Census Tract 115; Yolo County; California","107027","13411",
"1400000US06115040100","Census Tract 401; Yuba County; California","58719","21419",
"1400000US06115040201","Census Tract 402.01; Yuba County; California","74131","22248",
"1400000US06115040202","Census Tract 402.02; Yuba County; California","81154","22856",
"1400000US06115040301","Census Tract 403.01; Yuba County; California","33723","5556",
"1400000US06115040302","Census Tract 403.02; Yuba County; California","29592","13155",
"1400000US06115040304","Census Tract 403.04; Yuba County; California","90944","11307",
"1400000US06115040305","Census Tract 403.05; Yuba County; California","102330","13489",
"1400000US06115040400","Census Tract 404; Yuba County; California","67694","9084",
"1400000US06115040500","Census Tract 405; Yuba County; California","77071","13719",
"1400000US06115040600","Census Tract 406; Yuba County; California","78566","16424",
"1400000US06115040701","Census Tract 407.01; Yuba County; California","122593","16353",
"1400000US06115040702","Census Tract 407.02; Yuba County; California","113495","18999",
"1400000US06115040800","Census Tract 408; Yuba County; California","93649","9888",
"1400000US06115040901","Census Tract 409.01; Yuba County; California","86838","12961",
"1400000US06115040902","Census Tract 409.02; Yuba County; California","59375","20307",
"1400000US06115041001","Census Tract 410.01; Yuba County; California","97649","36500",
"1400000US06115041002","Census Tract 410.02; Yuba County; California","105046","32420",
"1400000US06115041101","Census Tract 411.01; Yuba County; California","-","**",
"1400000US06115041102","Census Tract 411.02; Yuba County; California","52003","28132",
