"GEO_ID","NAME","B19113_001E","B19113_001M",
"Geography","Geographic Area Name","Estimate!!Median family income in the past 12 months (in 2023 inflation-adjusted dollars)","Margin of Error!!Median family income in the past 12 months (in 2023 inflation-adjusted dollars)",
"1400000US53001950100","Census Tract 9501; Adams County; Washington","78833","6472",
"1400000US53001950200","Census Tract 9502; Adams County; Washington","76008","6771",
"1400000US53001950301","Census Tract 9503.01; Adams County; Washington","65625","22731",
"1400000US53001950302","Census Tract 9503.02; Adams County; Washington","54922","27936",
"1400000US53001950303","Census Tract 9503.03; Adams County; Washington","62159","15329",
"1400000US53001950400","Census Tract 9504; Adams County; Washington","80313","20290",
"1400000US53001950500","Census Tract 9505; Adams County; Washington","70052","14086",
"1400000US53003960100","Census Tract 9601; Asotin County; Washington","84152","10448",
"1400000US53003960200","Census Tract 9602; Asotin County; Washington","110735","14334",
"1400000US53003960300","Census Tract 9603; Asotin County; Washington","74028","22719",
"1400000US53003960400","Census Tract 9604; Asotin County; Washington","61194","7572",
"1400000US53003960500","Census Tract 9605; Asotin County; Washington","68304","26665",
"1400000US53003960600","Census Tract 9606; Asotin County; Washington","68235","24435",
"1400000US53005010100","Census Tract 101; Benton County; Washington","123750","22298",
"1400000US53005010201","Census Tract 102.01; Benton County; Washington","124826","21744",
"1400000US53005010203","Census Tract 102.03; Benton County; Washington","85859","24162",
"1400000US53005010204","Census Tract 102.04; Benton County; Washington","54911","38487",
"1400000US53005010300","Census Tract 103; Benton County; Washington","83125","20437",
"1400000US53005010400","Census Tract 104; Benton County; Washington","92315","14331",
"1400000US53005010500","Census Tract 105; Benton County; Washington","90495","10838",
"1400000US53005010600","Census Tract 106; Benton County; Washington","67716","11974",
"1400000US53005010701","Census Tract 107.01; Benton County; Washington","110375","12907",
"1400000US53005010703","Census Tract 107.03; Benton County; Washington","86577","10504",
"1400000US53005010705","Census Tract 107.05; Benton County; Washington","126719","21010",
"1400000US53005010707","Census Tract 107.07; Benton County; Washington","160074","19008",
"1400000US53005010708","Census Tract 107.08; Benton County; Washington","150307","11169",
"1400000US53005010807","Census Tract 108.07; Benton County; Washington","137418","27944",
"1400000US53005010809","Census Tract 108.09; Benton County; Washington","111111","42270",
"1400000US53005010810","Census Tract 108.10; Benton County; Washington","138318","23375",
"1400000US53005010811","Census Tract 108.11; Benton County; Washington","203681","11537",
"1400000US53005010814","Census Tract 108.14; Benton County; Washington","163507","15806",
"1400000US53005010815","Census Tract 108.15; Benton County; Washington","119706","29256",
"1400000US53005010816","Census Tract 108.16; Benton County; Washington","131004","27338",
"1400000US53005010817","Census Tract 108.17; Benton County; Washington","170179","39223",
"1400000US53005010818","Census Tract 108.18; Benton County; Washington","153636","4626",
"1400000US53005010819","Census Tract 108.19; Benton County; Washington","174911","39246",
"1400000US53005010820","Census Tract 108.20; Benton County; Washington","112803","27700",
"1400000US53005010901","Census Tract 109.01; Benton County; Washington","85455","36150",
"1400000US53005010902","Census Tract 109.02; Benton County; Washington","73721","21514",
"1400000US53005011001","Census Tract 110.01; Benton County; Washington","78807","32634",
"1400000US53005011002","Census Tract 110.02; Benton County; Washington","66389","28768",
"1400000US53005011100","Census Tract 111; Benton County; Washington","79563","18495",
"1400000US53005011201","Census Tract 112.01; Benton County; Washington","45018","6097",
"1400000US53005011202","Census Tract 112.02; Benton County; Washington","36192","4815",
"1400000US53005011300","Census Tract 113; Benton County; Washington","74005","18061",
"1400000US53005011401","Census Tract 114.01; Benton County; Washington","66563","23003",
"1400000US53005011402","Census Tract 114.02; Benton County; Washington","109953","15260",
"1400000US53005011501","Census Tract 115.01; Benton County; Washington","84383","7283",
"1400000US53005011504","Census Tract 115.04; Benton County; Washington","87708","20007",
"1400000US53005011505","Census Tract 115.05; Benton County; Washington","85134","31373",
"1400000US53005011506","Census Tract 115.06; Benton County; Washington","139538","31385",
"1400000US53005011600","Census Tract 116; Benton County; Washington","83000","30888",
"1400000US53005011701","Census Tract 117.01; Benton County; Washington","69617","47766",
"1400000US53005011702","Census Tract 117.02; Benton County; Washington","66995","16686",
"1400000US53005011801","Census Tract 118.01; Benton County; Washington","107868","44196",
"1400000US53005011802","Census Tract 118.02; Benton County; Washington","93514","13098",
"1400000US53005011900","Census Tract 119; Benton County; Washington","90066","30660",
"1400000US53005012000","Census Tract 120; Benton County; Washington","-","**",
"1400000US53007960100","Census Tract 9601; Chelan County; Washington","88625","36380",
"1400000US53007960201","Census Tract 9602.01; Chelan County; Washington","101131","8732",
"1400000US53007960202","Census Tract 9602.02; Chelan County; Washington","97829","44908",
"1400000US53007960203","Census Tract 9602.03; Chelan County; Washington","83606","41482",
"1400000US53007960301","Census Tract 9603.01; Chelan County; Washington","58421","26185",
"1400000US53007960302","Census Tract 9603.02; Chelan County; Washington","112531","24114",
"1400000US53007960303","Census Tract 9603.03; Chelan County; Washington","90688","33439",
"1400000US53007960400","Census Tract 9604; Chelan County; Washington","74044","14556",
"1400000US53007960501","Census Tract 9605.01; Chelan County; Washington","147292","65166",
"1400000US53007960502","Census Tract 9605.02; Chelan County; Washington","93385","32673",
"1400000US53007960600","Census Tract 9606; Chelan County; Washington","80063","29393",
"1400000US53007960700","Census Tract 9607; Chelan County; Washington","137308","27264",
"1400000US53007960801","Census Tract 9608.01; Chelan County; Washington","117414","18983",
"1400000US53007960803","Census Tract 9608.03; Chelan County; Washington","75417","15702",
"1400000US53007960804","Census Tract 9608.04; Chelan County; Washington","88454","14718",
"1400000US53007961001","Census Tract 9610.01; Chelan County; Washington","68391","3899",
"1400000US53007961002","Census Tract 9610.02; Chelan County; Washington","80000","23762",
"1400000US53007961101","Census Tract 9611.01; Chelan County; Washington","58774","13160",
"1400000US53007961102","Census Tract 9611.02; Chelan County; Washington","87936","13303",
"1400000US53007961200","Census Tract 9612; Chelan County; Washington","115682","32114",
"1400000US53007961301","Census Tract 9613.01; Chelan County; Washington","115500","11581",
"1400000US53007961303","Census Tract 9613.03; Chelan County; Washington","105063","15768",
"1400000US53007961304","Census Tract 9613.04; Chelan County; Washington","93481","13239",
"1400000US53009000300","Census Tract 3; Clallam County; Washington","73889","23478",
"1400000US53009000600","Census Tract 6; Clallam County; Washington","90378","19065",
"1400000US53009000700","Census Tract 7; Clallam County; Washington","62212","19528",
"1400000US53009000800","Census Tract 8; Clallam County; Washington","82577","12350",
"1400000US53009000900","Census Tract 9; Clallam County; Washington","68342","8365",
"1400000US53009001000","Census Tract 10; Clallam County; Washington","88151","14972",
"1400000US53009001100","Census Tract 11; Clallam County; Washington","75156","19749",
"1400000US53009001200","Census Tract 12; Clallam County; Washington","96707","10252",
"1400000US53009001300","Census Tract 13; Clallam County; Washington","85828","7268",
"1400000US53009001400","Census Tract 14; Clallam County; Washington","103269","23568",
"1400000US53009001500","Census Tract 15; Clallam County; Washington","94375","19497",
"1400000US53009001600","Census Tract 16; Clallam County; Washington","81750","13262",
"1400000US53009001701","Census Tract 17.01; Clallam County; Washington","111506","22743",
"1400000US53009001702","Census Tract 17.02; Clallam County; Washington","89769","27470",
"1400000US53009001800","Census Tract 18; Clallam County; Washington","76369","18442",
"1400000US53009001901","Census Tract 19.01; Clallam County; Washington","108580","19063",
"1400000US53009001902","Census Tract 19.02; Clallam County; Washington","100139","16962",
"1400000US53009002001","Census Tract 20.01; Clallam County; Washington","69185","32399",
"1400000US53009002002","Census Tract 20.02; Clallam County; Washington","85867","17636",
"1400000US53009002100","Census Tract 21; Clallam County; Washington","59831","26472",
"1400000US53009002301","Census Tract 23.01; Clallam County; Washington","78239","18504",
"1400000US53009002302","Census Tract 23.02; Clallam County; Washington","98068","45430",
"1400000US53009002400","Census Tract 24; Clallam County; Washington","59643","15435",
"1400000US53009940000","Census Tract 9400; Clallam County; Washington","73333","19528",
"1400000US53009990100","Census Tract 9901; Clallam County; Washington","-","**",
"1400000US53011040101","Census Tract 401.01; Clark County; Washington","109340","12178",
"1400000US53011040102","Census Tract 401.02; Clark County; Washington","116304","4708",
"1400000US53011040201","Census Tract 402.01; Clark County; Washington","138371","10737",
"1400000US53011040202","Census Tract 402.02; Clark County; Washington","100871","19896",
"1400000US53011040203","Census Tract 402.03; Clark County; Washington","115427","6160",
"1400000US53011040301","Census Tract 403.01; Clark County; Washington","154653","44441",
"1400000US53011040303","Census Tract 403.03; Clark County; Washington","151121","31337",
"1400000US53011040304","Census Tract 403.04; Clark County; Washington","120774","27135",
"1400000US53011040305","Census Tract 403.05; Clark County; Washington","107277","9360",
"1400000US53011040403","Census Tract 404.03; Clark County; Washington","132250","34849",
"1400000US53011040407","Census Tract 404.07; Clark County; Washington","102847","15934",
"1400000US53011040408","Census Tract 404.08; Clark County; Washington","143684","20497",
"1400000US53011040409","Census Tract 404.09; Clark County; Washington","138977","18817",
"1400000US53011040411","Census Tract 404.11; Clark County; Washington","94022","10109",
"1400000US53011040412","Census Tract 404.12; Clark County; Washington","114460","30199",
"1400000US53011040413","Census Tract 404.13; Clark County; Washington","95568","19922",
"1400000US53011040414","Census Tract 404.14; Clark County; Washington","111425","13431",
"1400000US53011040415","Census Tract 404.15; Clark County; Washington","85982","23646",
"1400000US53011040416","Census Tract 404.16; Clark County; Washington","119591","26556",
"1400000US53011040504","Census Tract 405.04; Clark County; Washington","114779","16150",
"1400000US53011040505","Census Tract 405.05; Clark County; Washington","138563","16660",
"1400000US53011040507","Census Tract 405.07; Clark County; Washington","75250","30541",
"1400000US53011040509","Census Tract 405.09; Clark County; Washington","95662","26144",
"1400000US53011040510","Census Tract 405.10; Clark County; Washington","147533","29280",
"1400000US53011040511","Census Tract 405.11; Clark County; Washington","141359","14983",
"1400000US53011040512","Census Tract 405.12; Clark County; Washington","117625","20678",
"1400000US53011040513","Census Tract 405.13; Clark County; Washington","147778","16701",
"1400000US53011040603","Census Tract 406.03; Clark County; Washington","146094","21958",
"1400000US53011040604","Census Tract 406.04; Clark County; Washington","133616","17222",
"1400000US53011040605","Census Tract 406.05; Clark County; Washington","159659","25782",
"1400000US53011040608","Census Tract 406.08; Clark County; Washington","138462","26255",
"1400000US53011040609","Census Tract 406.09; Clark County; Washington","185063","20447",
"1400000US53011040610","Census Tract 406.10; Clark County; Washington","175638","13639",
"1400000US53011040703","Census Tract 407.03; Clark County; Washington","91946","12747",
"1400000US53011040706","Census Tract 407.06; Clark County; Washington","79451","10056",
"1400000US53011040707","Census Tract 407.07; Clark County; Washington","101829","6567",
"1400000US53011040709","Census Tract 407.09; Clark County; Washington","123931","12725",
"1400000US53011040711","Census Tract 407.11; Clark County; Washington","100089","41902",
"1400000US53011040712","Census Tract 407.12; Clark County; Washington","115625","30442",
"1400000US53011040713","Census Tract 407.13; Clark County; Washington","143871","17598",
"1400000US53011040714","Census Tract 407.14; Clark County; Washington","92520","16696",
"1400000US53011040715","Census Tract 407.15; Clark County; Washington","130119","27932",
"1400000US53011040803","Census Tract 408.03; Clark County; Washington","114063","24869",
"1400000US53011040806","Census Tract 408.06; Clark County; Washington","116339","34579",
"1400000US53011040808","Census Tract 408.08; Clark County; Washington","89813","13772",
"1400000US53011040809","Census Tract 408.09; Clark County; Washington","84006","21587",
"1400000US53011040810","Census Tract 408.10; Clark County; Washington","122679","24960",
"1400000US53011040811","Census Tract 408.11; Clark County; Washington","134808","24582",
"1400000US53011040812","Census Tract 408.12; Clark County; Washington","150813","30090",
"1400000US53011040904","Census Tract 409.04; Clark County; Washington","81708","34400",
"1400000US53011040905","Census Tract 409.05; Clark County; Washington","149219","17574",
"1400000US53011040907","Census Tract 409.07; Clark County; Washington","165488","12909",
"1400000US53011040908","Census Tract 409.08; Clark County; Washington","130574","23805",
"1400000US53011040909","Census Tract 409.09; Clark County; Washington","139375","18225",
"1400000US53011040910","Census Tract 409.10; Clark County; Washington","133960","6930",
"1400000US53011041003","Census Tract 410.03; Clark County; Washington","110543","9831",
"1400000US53011041005","Census Tract 410.05; Clark County; Washington","71905","20300",
"1400000US53011041007","Census Tract 410.07; Clark County; Washington","88000","36991",
"1400000US53011041008","Census Tract 410.08; Clark County; Washington","142667","27544",
"1400000US53011041009","Census Tract 410.09; Clark County; Washington","88125","17218",
"1400000US53011041010","Census Tract 410.10; Clark County; Washington","86379","18504",
"1400000US53011041011","Census Tract 410.11; Clark County; Washington","112791","14513",
"1400000US53011041104","Census Tract 411.04; Clark County; Washington","100958","23387",
"1400000US53011041105","Census Tract 411.05; Clark County; Washington","114762","10134",
"1400000US53011041107","Census Tract 411.07; Clark County; Washington","120682","12133",
"1400000US53011041110","Census Tract 411.10; Clark County; Washington","117230","32301",
"1400000US53011041111","Census Tract 411.11; Clark County; Washington","56131","10619",
"1400000US53011041112","Census Tract 411.12; Clark County; Washington","86882","7454",
"1400000US53011041113","Census Tract 411.13; Clark County; Washington","60139","23968",
"1400000US53011041114","Census Tract 411.14; Clark County; Washington","85750","20926",
"1400000US53011041203","Census Tract 412.03; Clark County; Washington","82161","12864",
"1400000US53011041205","Census Tract 412.05; Clark County; Washington","89727","18301",
"1400000US53011041206","Census Tract 412.06; Clark County; Washington","83011","7365",
"1400000US53011041207","Census Tract 412.07; Clark County; Washington","99671","21840",
"1400000US53011041208","Census Tract 412.08; Clark County; Washington","108333","30754",
"1400000US53011041309","Census Tract 413.09; Clark County; Washington","115231","23694",
"1400000US53011041310","Census Tract 413.10; Clark County; Washington","113500","18605",
"1400000US53011041312","Census Tract 413.12; Clark County; Washington","89845","15449",
"1400000US53011041313","Census Tract 413.13; Clark County; Washington","90217","37460",
"1400000US53011041317","Census Tract 413.17; Clark County; Washington","85789","20667",
"1400000US53011041319","Census Tract 413.19; Clark County; Washington","108344","30462",
"1400000US53011041320","Census Tract 413.20; Clark County; Washington","101927","39367",
"1400000US53011041321","Census Tract 413.21; Clark County; Washington","101480","5800",
"1400000US53011041322","Census Tract 413.22; Clark County; Washington","80667","4300",
"1400000US53011041323","Census Tract 413.23; Clark County; Washington","84083","26578",
"1400000US53011041325","Census Tract 413.25; Clark County; Washington","138616","16468",
"1400000US53011041326","Census Tract 413.26; Clark County; Washington","96908","8565",
"1400000US53011041328","Census Tract 413.28; Clark County; Washington","119604","21817",
"1400000US53011041329","Census Tract 413.29; Clark County; Washington","91947","26832",
"1400000US53011041330","Census Tract 413.30; Clark County; Washington","89386","16825",
"1400000US53011041331","Census Tract 413.31; Clark County; Washington","68788","17019",
"1400000US53011041332","Census Tract 413.32; Clark County; Washington","114179","17035",
"1400000US53011041333","Census Tract 413.33; Clark County; Washington","90595","6652",
"1400000US53011041334","Census Tract 413.34; Clark County; Washington","118919","28801",
"1400000US53011041335","Census Tract 413.35; Clark County; Washington","122554","28991",
"1400000US53011041336","Census Tract 413.36; Clark County; Washington","93365","35857",
"1400000US53011041337","Census Tract 413.37; Clark County; Washington","101146","26917",
"1400000US53011041400","Census Tract 414; Clark County; Washington","119438","20817",
"1400000US53011041500","Census Tract 415; Clark County; Washington","92344","18162",
"1400000US53011041600","Census Tract 416; Clark County; Washington","46071","15398",
"1400000US53011041700","Census Tract 417; Clark County; Washington","66154","21430",
"1400000US53011041800","Census Tract 418; Clark County; Washington","66042","3711",
"1400000US53011041900","Census Tract 419; Clark County; Washington","136607","14356",
"1400000US53011042000","Census Tract 420; Clark County; Washington","117181","12412",
"1400000US53011042100","Census Tract 421; Clark County; Washington","99476","37432",
"1400000US53011042300","Census Tract 423; Clark County; Washington","128333","62225",
"1400000US53011042400","Census Tract 424; Clark County; Washington","177292","107028",
"1400000US53011042500","Census Tract 425; Clark County; Washington","90347","24866",
"1400000US53011042601","Census Tract 426.01; Clark County; Washington","129767","61654",
"1400000US53011042602","Census Tract 426.02; Clark County; Washington","62917","22500",
"1400000US53011042700","Census Tract 427; Clark County; Washington","58979","5076",
"1400000US53011042800","Census Tract 428; Clark County; Washington","147150","48624",
"1400000US53011042900","Census Tract 429; Clark County; Washington","94167","47845",
"1400000US53011043000","Census Tract 430; Clark County; Washington","92174","23727",
"1400000US53011043100","Census Tract 431; Clark County; Washington","100375","34958",
"1400000US53013960200","Census Tract 9602; Columbia County; Washington","101653","11152",
"1400000US53015000400","Census Tract 4; Cowlitz County; Washington","64779","35962",
"1400000US53015000501","Census Tract 5.01; Cowlitz County; Washington","61780","15771",
"1400000US53015000502","Census Tract 5.02; Cowlitz County; Washington","49468","6055",
"1400000US53015000601","Census Tract 6.01; Cowlitz County; Washington","52610","11980",
"1400000US53015000602","Census Tract 6.02; Cowlitz County; Washington","96094","8039",
"1400000US53015000702","Census Tract 7.02; Cowlitz County; Washington","93056","19949",
"1400000US53015000703","Census Tract 7.03; Cowlitz County; Washington","61552","12124",
"1400000US53015000705","Census Tract 7.05; Cowlitz County; Washington","81205","9966",
"1400000US53015000706","Census Tract 7.06; Cowlitz County; Washington","106538","36591",
"1400000US53015000801","Census Tract 8.01; Cowlitz County; Washington","107182","19923",
"1400000US53015000802","Census Tract 8.02; Cowlitz County; Washington","113083","40035",
"1400000US53015000901","Census Tract 9.01; Cowlitz County; Washington","104205","19305",
"1400000US53015000902","Census Tract 9.02; Cowlitz County; Washington","101458","30995",
"1400000US53015001000","Census Tract 10; Cowlitz County; Washington","53871","10250",
"1400000US53015001100","Census Tract 11; Cowlitz County; Washington","55077","13082",
"1400000US53015001200","Census Tract 12; Cowlitz County; Washington","100234","22012",
"1400000US53015001300","Census Tract 13; Cowlitz County; Washington","68750","15293",
"1400000US53015001501","Census Tract 15.01; Cowlitz County; Washington","104492","12474",
"1400000US53015001503","Census Tract 15.03; Cowlitz County; Washington","96269","16283",
"1400000US53015001504","Census Tract 15.04; Cowlitz County; Washington","88036","35959",
"1400000US53015001601","Census Tract 16.01; Cowlitz County; Washington","118938","41392",
"1400000US53015001602","Census Tract 16.02; Cowlitz County; Washington","141538","30535",
"1400000US53015001700","Census Tract 17; Cowlitz County; Washington","95278","35367",
"1400000US53015001800","Census Tract 18; Cowlitz County; Washington","91406","16465",
"1400000US53015001900","Census Tract 19; Cowlitz County; Washington","104338","29722",
"1400000US53015002001","Census Tract 20.01; Cowlitz County; Washington","108200","22294",
"1400000US53015002003","Census Tract 20.03; Cowlitz County; Washington","79206","14593",
"1400000US53015002004","Census Tract 20.04; Cowlitz County; Washington","94575","72421",
"1400000US53015002100","Census Tract 21; Cowlitz County; Washington","51375","28307",
"1400000US53015980000","Census Tract 9800; Cowlitz County; Washington","52768","41870",
"1400000US53017950101","Census Tract 9501.01; Douglas County; Washington","65346","12817",
"1400000US53017950102","Census Tract 9501.02; Douglas County; Washington","53807","10321",
"1400000US53017950200","Census Tract 9502; Douglas County; Washington","77013","11970",
"1400000US53017950300","Census Tract 9503; Douglas County; Washington","95598","16296",
"1400000US53017950400","Census Tract 9504; Douglas County; Washington","111316","43307",
"1400000US53017950500","Census Tract 9505; Douglas County; Washington","71250","18720",
"1400000US53017950600","Census Tract 9506; Douglas County; Washington","143646","19591",
"1400000US53017950700","Census Tract 9507; Douglas County; Washington","84830","10447",
"1400000US53017950800","Census Tract 9508; Douglas County; Washington","93872","19843",
"1400000US53019940000","Census Tract 9400; Ferry County; Washington","71750","4862",
"1400000US53019970100","Census Tract 9701; Ferry County; Washington","75221","11921",
"1400000US53019970200","Census Tract 9702; Ferry County; Washington","76571","12623",
"1400000US53021020101","Census Tract 201.01; Franklin County; Washington","28239","21883",
"1400000US53021020102","Census Tract 201.02; Franklin County; Washington","57180","21944",
"1400000US53021020103","Census Tract 201.03; Franklin County; Washington","63705","16603",
"1400000US53021020201","Census Tract 202.01; Franklin County; Washington","59196","18668",
"1400000US53021020202","Census Tract 202.02; Franklin County; Washington","52014","12288",
"1400000US53021020300","Census Tract 203; Franklin County; Washington","45721","20212",
"1400000US53021020401","Census Tract 204.01; Franklin County; Washington","47500","21442",
"1400000US53021020402","Census Tract 204.02; Franklin County; Washington","69640","21893",
"1400000US53021020403","Census Tract 204.03; Franklin County; Washington","61987","11665",
"1400000US53021020404","Census Tract 204.04; Franklin County; Washington","65755","36889",
"1400000US53021020501","Census Tract 205.01; Franklin County; Washington","122070","24368",
"1400000US53021020503","Census Tract 205.03; Franklin County; Washington","158011","63019",
"1400000US53021020504","Census Tract 205.04; Franklin County; Washington","98875","36982",
"1400000US53021020603","Census Tract 206.03; Franklin County; Washington","74773","29374",
"1400000US53021020605","Census Tract 206.05; Franklin County; Washington","100639","15805",
"1400000US53021020606","Census Tract 206.06; Franklin County; Washington","101516","11433",
"1400000US53021020607","Census Tract 206.07; Franklin County; Washington","124731","31532",
"1400000US53021020608","Census Tract 206.08; Franklin County; Washington","113569","9418",
"1400000US53021020700","Census Tract 207; Franklin County; Washington","92667","13860",
"1400000US53021020801","Census Tract 208.01; Franklin County; Washington","77201","65673",
"1400000US53021020802","Census Tract 208.02; Franklin County; Washington","84167","19064",
"1400000US53021980100","Census Tract 9801; Franklin County; Washington","-","**",
"1400000US53023970300","Census Tract 9703; Garfield County; Washington","86616","4275",
"1400000US53025010100","Census Tract 101; Grant County; Washington","79808","16818",
"1400000US53025010200","Census Tract 102; Grant County; Washington","98924","18452",
"1400000US53025010300","Census Tract 103; Grant County; Washington","74091","31646",
"1400000US53025010401","Census Tract 104.01; Grant County; Washington","99271","26741",
"1400000US53025010402","Census Tract 104.02; Grant County; Washington","66650","21598",
"1400000US53025010500","Census Tract 105; Grant County; Washington","98796","5342",
"1400000US53025010600","Census Tract 106; Grant County; Washington","85014","13346",
"1400000US53025010700","Census Tract 107; Grant County; Washington","85968","21993",
"1400000US53025010800","Census Tract 108; Grant County; Washington","59750","18750",
"1400000US53025010901","Census Tract 109.01; Grant County; Washington","81360","17234",
"1400000US53025010903","Census Tract 109.03; Grant County; Washington","49403","17769",
"1400000US53025010904","Census Tract 109.04; Grant County; Washington","85965","12492",
"1400000US53025011001","Census Tract 110.01; Grant County; Washington","123859","47923",
"1400000US53025011002","Census Tract 110.02; Grant County; Washington","90438","13793",
"1400000US53025011101","Census Tract 111.01; Grant County; Washington","120855","20382",
"1400000US53025011102","Census Tract 111.02; Grant County; Washington","65260","28557",
"1400000US53025011200","Census Tract 112; Grant County; Washington","97014","15384",
"1400000US53025011300","Census Tract 113; Grant County; Washington","68529","10499",
"1400000US53025011401","Census Tract 114.01; Grant County; Washington","74722","38404",
"1400000US53025011403","Census Tract 114.03; Grant County; Washington","49457","11423",
"1400000US53025011404","Census Tract 114.04; Grant County; Washington","80417","25256",
"1400000US53025011405","Census Tract 114.05; Grant County; Washington","91641","37786",
"1400000US53025011406","Census Tract 114.06; Grant County; Washington","72376","30813",
"1400000US53027000201","Census Tract 2.01; Grays Harbor County; Washington","77848","10641",
"1400000US53027000202","Census Tract 2.02; Grays Harbor County; Washington","90184","12573",
"1400000US53027000300","Census Tract 3; Grays Harbor County; Washington","83013","12330",
"1400000US53027000401","Census Tract 4.01; Grays Harbor County; Washington","97618","20165",
"1400000US53027000402","Census Tract 4.02; Grays Harbor County; Washington","85598","13134",
"1400000US53027000501","Census Tract 5.01; Grays Harbor County; Washington","57953","14857",
"1400000US53027000502","Census Tract 5.02; Grays Harbor County; Washington","96890","44656",
"1400000US53027000600","Census Tract 6; Grays Harbor County; Washington","94531","15479",
"1400000US53027000700","Census Tract 7; Grays Harbor County; Washington","104250","17854",
"1400000US53027000800","Census Tract 8; Grays Harbor County; Washington","104563","12912",
"1400000US53027000900","Census Tract 9; Grays Harbor County; Washington","73052","7243",
"1400000US53027001000","Census Tract 10; Grays Harbor County; Washington","52446","10275",
"1400000US53027001100","Census Tract 11; Grays Harbor County; Washington","71250","14382",
"1400000US53027001200","Census Tract 12; Grays Harbor County; Washington","48883","2906",
"1400000US53027001300","Census Tract 13; Grays Harbor County; Washington","79125","21577",
"1400000US53027001400","Census Tract 14; Grays Harbor County; Washington","70665","6379",
"1400000US53027001500","Census Tract 15; Grays Harbor County; Washington","64884","16735",
"1400000US53027001601","Census Tract 16.01; Grays Harbor County; Washington","98627","10877",
"1400000US53027001602","Census Tract 16.02; Grays Harbor County; Washington","104400","3677",
"1400000US53027940000","Census Tract 9400; Grays Harbor County; Washington","64750","27074",
"1400000US53027990000","Census Tract 9900; Grays Harbor County; Washington","-","**",
"1400000US53029970100","Census Tract 9701; Island County; Washington","76125","15378",
"1400000US53029970200","Census Tract 9702; Island County; Washington","44750","38418",
"1400000US53029970300","Census Tract 9703; Island County; Washington","106114","8385",
"1400000US53029970401","Census Tract 9704.01; Island County; Washington","115699","16324",
"1400000US53029970402","Census Tract 9704.02; Island County; Washington","117344","72524",
"1400000US53029970500","Census Tract 9705; Island County; Washington","106563","18340",
"1400000US53029970601","Census Tract 9706.01; Island County; Washington","93038","25198",
"1400000US53029970602","Census Tract 9706.02; Island County; Washington","97424","21820",
"1400000US53029970700","Census Tract 9707; Island County; Washington","68664","7887",
"1400000US53029970800","Census Tract 9708; Island County; Washington","84727","19897",
"1400000US53029970900","Census Tract 9709; Island County; Washington","71026","8798",
"1400000US53029971000","Census Tract 9710; Island County; Washington","111817","8709",
"1400000US53029971100","Census Tract 9711; Island County; Washington","99597","6526",
"1400000US53029971301","Census Tract 9713.01; Island County; Washington","126250","19842",
"1400000US53029971302","Census Tract 9713.02; Island County; Washington","118583","36673",
"1400000US53029971400","Census Tract 9714; Island County; Washington","116875","12063",
"1400000US53029971500","Census Tract 9715; Island County; Washington","119276","29195",
"1400000US53029971600","Census Tract 9716; Island County; Washington","97981","23355",
"1400000US53029971700","Census Tract 9717; Island County; Washington","110038","9231",
"1400000US53029971800","Census Tract 9718; Island County; Washington","114609","18791",
"1400000US53029971900","Census Tract 9719; Island County; Washington","114904","23526",
"1400000US53029972000","Census Tract 9720; Island County; Washington","133942","21556",
"1400000US53029972100","Census Tract 9721; Island County; Washington","133342","16404",
"1400000US53029992201","Census Tract 9922.01; Island County; Washington","-","**",
"1400000US53031950202","Census Tract 9502.02; Jefferson County; Washington","81985","7567",
"1400000US53031950301","Census Tract 9503.01; Jefferson County; Washington","133846","27489",
"1400000US53031950302","Census Tract 9503.02; Jefferson County; Washington","137946","22915",
"1400000US53031950400","Census Tract 9504; Jefferson County; Washington","91471","16059",
"1400000US53031950501","Census Tract 9505.01; Jefferson County; Washington","75125","39854",
"1400000US53031950502","Census Tract 9505.02; Jefferson County; Washington","100768","3875",
"1400000US53031950602","Census Tract 9506.02; Jefferson County; Washington","81065","18265",
"1400000US53031950603","Census Tract 9506.03; Jefferson County; Washington","60556","26993",
"1400000US53031950604","Census Tract 9506.04; Jefferson County; Washington","101596","14933",
"1400000US53031950702","Census Tract 9507.02; Jefferson County; Washington","70125","23157",
"1400000US53031990000","Census Tract 9900; Jefferson County; Washington","-","**",
"1400000US53033000101","Census Tract 1.01; King County; Washington","98021","60070",
"1400000US53033000102","Census Tract 1.02; King County; Washington","173438","53929",
"1400000US53033000201","Census Tract 2.01; King County; Washington","124346","32841",
"1400000US53033000202","Census Tract 2.02; King County; Washington","142868","24637",
"1400000US53033000300","Census Tract 3; King County; Washington","165125","33841",
"1400000US53033000402","Census Tract 4.02; King County; Washington","157879","22937",
"1400000US53033000403","Census Tract 4.03; King County; Washington","88750","78867",
"1400000US53033000404","Census Tract 4.04; King County; Washington","63206","27305",
"1400000US53033000500","Census Tract 5; King County; Washington","221536","21323",
"1400000US53033000601","Census Tract 6.01; King County; Washington","112803","28346",
"1400000US53033000602","Census Tract 6.02; King County; Washington","125000","18586",
"1400000US53033000700","Census Tract 7; King County; Washington","128750","46757",
"1400000US53033000800","Census Tract 8; King County; Washington","150284","35085",
"1400000US53033000900","Census Tract 9; King County; Washington","169125","26983",
"1400000US53033001000","Census Tract 10; King County; Washington","185833","55821",
"1400000US53033001100","Census Tract 11; King County; Washington","146875","20315",
"1400000US53033001201","Census Tract 12.01; King County; Washington","67115","32627",
"1400000US53033001202","Census Tract 12.02; King County; Washington","107788","44497",
"1400000US53033001300","Census Tract 13; King County; Washington","99356","28721",
"1400000US53033001400","Census Tract 14; King County; Washington","180313","31783",
"1400000US53033001500","Census Tract 15; King County; Washington","245170","22127",
"1400000US53033001600","Census Tract 16; King County; Washington","250,000+","***",
"1400000US53033001701","Census Tract 17.01; King County; Washington","152995","24242",
"1400000US53033001702","Census Tract 17.02; King County; Washington","122813","77874",
"1400000US53033001800","Census Tract 18; King County; Washington","188036","89784",
"1400000US53033001900","Census Tract 19; King County; Washington","168821","23798",
"1400000US53033002000","Census Tract 20; King County; Washington","174615","32668",
"1400000US53033002100","Census Tract 21; King County; Washington","197951","20345",
"1400000US53033002200","Census Tract 22; King County; Washington","222669","35568",
"1400000US53033002400","Census Tract 24; King County; Washington","225497","21870",
"1400000US53033002500","Census Tract 25; King County; Washington","210096","63953",
"1400000US53033002600","Census Tract 26; King County; Washington","216827","30395",
"1400000US53033002700","Census Tract 27; King County; Washington","242250","34572",
"1400000US53033002800","Census Tract 28; King County; Washington","232386","20110",
"1400000US53033002900","Census Tract 29; King County; Washington","193750","82646",
"1400000US53033003000","Census Tract 30; King County; Washington","233264","36218",
"1400000US53033003100","Census Tract 31; King County; Washington","250,000+","***",
"1400000US53033003201","Census Tract 32.01; King County; Washington","184519","70133",
"1400000US53033003202","Census Tract 32.02; King County; Washington","193926","47191",
"1400000US53033003301","Census Tract 33.01; King County; Washington","218571","50488",
"1400000US53033003302","Census Tract 33.02; King County; Washington","236250","31292",
"1400000US53033003400","Census Tract 34; King County; Washington","212406","29112",
"1400000US53033003500","Census Tract 35; King County; Washington","206250","27764",
"1400000US53033003601","Census Tract 36.01; King County; Washington","230000","50554",
"1400000US53033003602","Census Tract 36.02; King County; Washington","236433","25584",
"1400000US53033003800","Census Tract 38; King County; Washington","235313","63284",
"1400000US53033003900","Census Tract 39; King County; Washington","226146","56254",
"1400000US53033004000","Census Tract 40; King County; Washington","250,000+","***",
"1400000US53033004101","Census Tract 41.01; King County; Washington","250,000+","***",
"1400000US53033004102","Census Tract 41.02; King County; Washington","250,000+","***",
"1400000US53033004201","Census Tract 42.01; King County; Washington","232500","64593",
"1400000US53033004202","Census Tract 42.02; King County; Washington","228224","70732",
"1400000US53033004301","Census Tract 43.01; King County; Washington","219194","49087",
"1400000US53033004302","Census Tract 43.02; King County; Washington","78261","44104",
"1400000US53033004401","Census Tract 44.01; King County; Washington","250,000+","***",
"1400000US53033004402","Census Tract 44.02; King County; Washington","107981","97649",
"1400000US53033004500","Census Tract 45; King County; Washington","201477","27656",
"1400000US53033004600","Census Tract 46; King County; Washington","250,000+","***",
"1400000US53033004701","Census Tract 47.01; King County; Washington","121850","43566",
"1400000US53033004702","Census Tract 47.02; King County; Washington","217174","38940",
"1400000US53033004703","Census Tract 47.03; King County; Washington","249618","29708",
"1400000US53033004800","Census Tract 48; King County; Washington","250,000+","***",
"1400000US53033004901","Census Tract 49.01; King County; Washington","226771","88215",
"1400000US53033004902","Census Tract 49.02; King County; Washington","249630","86611",
"1400000US53033005000","Census Tract 50; King County; Washington","184833","140623",
"1400000US53033005100","Census Tract 51; King County; Washington","235417","77234",
"1400000US53033005201","Census Tract 52.01; King County; Washington","221047","68265",
"1400000US53033005202","Census Tract 52.02; King County; Washington","121378","53565",
"1400000US53033005303","Census Tract 53.03; King County; Washington","80250","50157",
"1400000US53033005304","Census Tract 53.04; King County; Washington","-","**",
"1400000US53033005305","Census Tract 53.05; King County; Washington","2,500-","***",
"1400000US53033005306","Census Tract 53.06; King County; Washington","96087","80496",
"1400000US53033005307","Census Tract 53.07; King County; Washington","-","**",
"1400000US53033005401","Census Tract 54.01; King County; Washington","241250","83093",
"1400000US53033005402","Census Tract 54.02; King County; Washington","130972","33210",
"1400000US53033005600","Census Tract 56; King County; Washington","250,000+","***",
"1400000US53033005700","Census Tract 57; King County; Washington","209261","50803",
"1400000US53033005801","Census Tract 58.01; King County; Washington","173063","32216",
"1400000US53033005803","Census Tract 58.03; King County; Washington","250,000+","***",
"1400000US53033005804","Census Tract 58.04; King County; Washington","147250","28709",
"1400000US53033005901","Census Tract 59.01; King County; Washington","232679","31787",
"1400000US53033005902","Census Tract 59.02; King County; Washington","206793","57250",
"1400000US53033006000","Census Tract 60; King County; Washington","214861","19841",
"1400000US53033006100","Census Tract 61; King County; Washington","250,000+","***",
"1400000US53033006200","Census Tract 62; King County; Washington","250,000+","***",
"1400000US53033006300","Census Tract 63; King County; Washington","250,000+","***",
"1400000US53033006400","Census Tract 64; King County; Washington","250,000+","***",
"1400000US53033006500","Census Tract 65; King County; Washington","250,000+","***",
"1400000US53033006600","Census Tract 66; King County; Washington","220263","72269",
"1400000US53033006701","Census Tract 67.01; King County; Washington","250,000+","***",
"1400000US53033006702","Census Tract 67.02; King County; Washington","206375","157904",
"1400000US53033006703","Census Tract 67.03; King County; Washington","212375","53723",
"1400000US53033006800","Census Tract 68; King County; Washington","250,000+","***",
"1400000US53033006900","Census Tract 69; King County; Washington","250,000+","***",
"1400000US53033007001","Census Tract 70.01; King County; Washington","233125","125661",
"1400000US53033007002","Census Tract 70.02; King County; Washington","230313","82661",
"1400000US53033007101","Census Tract 71.01; King County; Washington","114190","113233",
"1400000US53033007102","Census Tract 71.02; King County; Washington","192479","27978",
"1400000US53033007201","Census Tract 72.01; King County; Washington","187794","104696",
"1400000US53033007202","Census Tract 72.02; King County; Washington","234627","27982",
"1400000US53033007203","Census Tract 72.03; King County; Washington","250,000+","***",
"1400000US53033007301","Census Tract 73.01; King County; Washington","194712","178877",
"1400000US53033007302","Census Tract 73.02; King County; Washington","182485","78474",
"1400000US53033007303","Census Tract 73.03; King County; Washington","220625","127517",
"1400000US53033007403","Census Tract 74.03; King County; Washington","136979","63650",
"1400000US53033007404","Census Tract 74.04; King County; Washington","250,000+","***",
"1400000US53033007405","Census Tract 74.05; King County; Washington","131343","85840",
"1400000US53033007406","Census Tract 74.06; King County; Washington","163824","55878",
"1400000US53033007501","Census Tract 75.01; King County; Washington","243953","34433",
"1400000US53033007502","Census Tract 75.02; King County; Washington","137456","105492",
"1400000US53033007503","Census Tract 75.03; King County; Washington","106705","49870",
"1400000US53033007600","Census Tract 76; King County; Washington","218167","104092",
"1400000US53033007700","Census Tract 77; King County; Washington","192000","46951",
"1400000US53033007800","Census Tract 78; King County; Washington","213654","45219",
"1400000US53033007901","Census Tract 79.01; King County; Washington","107500","51937",
"1400000US53033007902","Census Tract 79.02; King County; Washington","155875","89783",
"1400000US53033008002","Census Tract 80.02; King County; Washington","215625","56541",
"1400000US53033008003","Census Tract 80.03; King County; Washington","236713","41365",
"1400000US53033008004","Census Tract 80.04; King County; Washington","250,000+","***",
"1400000US53033008101","Census Tract 81.01; King County; Washington","250,000+","***",
"1400000US53033008102","Census Tract 81.02; King County; Washington","189844","145116",
"1400000US53033008200","Census Tract 82; King County; Washington","250,000+","***",
"1400000US53033008300","Census Tract 83; King County; Washington","153920","78386",
"1400000US53033008401","Census Tract 84.01; King County; Washington","139537","76885",
"1400000US53033008402","Census Tract 84.02; King County; Washington","169607","161051",
"1400000US53033008500","Census Tract 85; King County; Washington","-","**",
"1400000US53033008600","Census Tract 86; King County; Washington","171184","131151",
"1400000US53033008700","Census Tract 87; King County; Washington","243983","25473",
"1400000US53033008800","Census Tract 88; King County; Washington","169500","28172",
"1400000US53033008900","Census Tract 89; King County; Washington","84672","39386",
"1400000US53033009000","Census Tract 90; King County; Washington","93125","60635",
"1400000US53033009100","Census Tract 91; King County; Washington","38714","30730",
"1400000US53033009200","Census Tract 92; King County; Washington","33125","29216",
"1400000US53033009300","Census Tract 93; King County; Washington","175865","42148",
"1400000US53033009400","Census Tract 94; King County; Washington","101589","43789",
"1400000US53033009500","Census Tract 95; King County; Washington","176528","57909",
"1400000US53033009600","Census Tract 96; King County; Washington","214297","48201",
"1400000US53033009701","Census Tract 97.01; King County; Washington","181818","59668",
"1400000US53033009702","Census Tract 97.02; King County; Washington","218088","48743",
"1400000US53033009801","Census Tract 98.01; King County; Washington","196576","30766",
"1400000US53033009802","Census Tract 98.02; King County; Washington","186685","75507",
"1400000US53033009900","Census Tract 99; King County; Washington","144408","52256",
"1400000US53033010001","Census Tract 100.01; King County; Washington","133155","23039",
"1400000US53033010002","Census Tract 100.02; King County; Washington","119861","62561",
"1400000US53033010101","Census Tract 101.01; King County; Washington","148561","74481",
"1400000US53033010102","Census Tract 101.02; King County; Washington","164792","42345",
"1400000US53033010200","Census Tract 102; King County; Washington","191583","61033",
"1400000US53033010301","Census Tract 103.01; King County; Washington","152273","64556",
"1400000US53033010302","Census Tract 103.02; King County; Washington","163188","71144",
"1400000US53033010401","Census Tract 104.01; King County; Washington","133861","9877",
"1400000US53033010402","Census Tract 104.02; King County; Washington","99750","49045",
"1400000US53033010501","Census Tract 105.01; King County; Washington","168924","35587",
"1400000US53033010502","Census Tract 105.02; King County; Washington","153207","33249",
"1400000US53033010601","Census Tract 106.01; King County; Washington","160234","14451",
"1400000US53033010602","Census Tract 106.02; King County; Washington","207153","94373",
"1400000US53033010701","Census Tract 107.01; King County; Washington","129447","22793",
"1400000US53033010702","Census Tract 107.02; King County; Washington","97136","43543",
"1400000US53033010800","Census Tract 108; King County; Washington","175291","13841",
"1400000US53033010900","Census Tract 109; King County; Washington","158864","26448",
"1400000US53033011001","Census Tract 110.01; King County; Washington","103889","25912",
"1400000US53033011002","Census Tract 110.02; King County; Washington","72813","20394",
"1400000US53033011101","Census Tract 111.01; King County; Washington","115833","15499",
"1400000US53033011102","Census Tract 111.02; King County; Washington","151957","43493",
"1400000US53033011200","Census Tract 112; King County; Washington","69453","28082",
"1400000US53033011300","Census Tract 113; King County; Washington","162262","8579",
"1400000US53033011401","Census Tract 114.01; King County; Washington","108214","33241",
"1400000US53033011402","Census Tract 114.02; King County; Washington","109552","17751",
"1400000US53033011500","Census Tract 115; King County; Washington","162212","27545",
"1400000US53033011601","Census Tract 116.01; King County; Washington","226607","45048",
"1400000US53033011602","Census Tract 116.02; King County; Washington","159167","17844",
"1400000US53033011700","Census Tract 117; King County; Washington","90579","9296",
"1400000US53033011801","Census Tract 118.01; King County; Washington","101935","42435",
"1400000US53033011802","Census Tract 118.02; King County; Washington","97753","35513",
"1400000US53033011901","Census Tract 119.01; King County; Washington","152243","30462",
"1400000US53033011902","Census Tract 119.02; King County; Washington","137635","46866",
"1400000US53033012000","Census Tract 120; King County; Washington","141250","32730",
"1400000US53033012100","Census Tract 121; King County; Washington","231250","29518",
"1400000US53033020100","Census Tract 201; King County; Washington","166484","33981",
"1400000US53033020200","Census Tract 202; King County; Washington","161131","38731",
"1400000US53033020301","Census Tract 203.01; King County; Washington","123182","19512",
"1400000US53033020302","Census Tract 203.02; King County; Washington","131932","43863",
"1400000US53033020401","Census Tract 204.01; King County; Washington","114653","18005",
"1400000US53033020402","Census Tract 204.02; King County; Washington","134297","39485",
"1400000US53033020500","Census Tract 205; King County; Washington","159451","21555",
"1400000US53033020600","Census Tract 206; King County; Washington","192950","23808",
"1400000US53033020700","Census Tract 207; King County; Washington","129792","21841",
"1400000US53033020800","Census Tract 208; King County; Washington","186034","13692",
"1400000US53033020900","Census Tract 209; King County; Washington","164048","65003",
"1400000US53033021000","Census Tract 210; King County; Washington","155417","56199",
"1400000US53033021100","Census Tract 211; King County; Washington","139423","22055",
"1400000US53033021300","Census Tract 213; King County; Washington","114423","28355",
"1400000US53033021400","Census Tract 214; King County; Washington","196490","17667",
"1400000US53033021500","Census Tract 215; King County; Washington","218917","34854",
"1400000US53033021600","Census Tract 216; King County; Washington","151884","26220",
"1400000US53033021701","Census Tract 217.01; King County; Washington","182292","14731",
"1400000US53033021702","Census Tract 217.02; King County; Washington","127750","24823",
"1400000US53033021802","Census Tract 218.02; King County; Washington","169513","16792",
"1400000US53033021803","Census Tract 218.03; King County; Washington","157324","25269",
"1400000US53033021804","Census Tract 218.04; King County; Washington","154550","17242",
"1400000US53033021903","Census Tract 219.03; King County; Washington","141442","45574",
"1400000US53033021904","Census Tract 219.04; King County; Washington","176719","18773",
"1400000US53033021905","Census Tract 219.05; King County; Washington","133125","29069",
"1400000US53033021906","Census Tract 219.06; King County; Washington","192692","25206",
"1400000US53033022001","Census Tract 220.01; King County; Washington","183938","55193",
"1400000US53033022003","Census Tract 220.03; King County; Washington","151157","25007",
"1400000US53033022005","Census Tract 220.05; King County; Washington","157768","54814",
"1400000US53033022006","Census Tract 220.06; King County; Washington","161852","41604",
"1400000US53033022101","Census Tract 221.01; King County; Washington","189942","19858",
"1400000US53033022102","Census Tract 221.02; King County; Washington","217865","47063",
"1400000US53033022201","Census Tract 222.01; King County; Washington","150909","35532",
"1400000US53033022203","Census Tract 222.03; King County; Washington","185991","18342",
"1400000US53033022204","Census Tract 222.04; King County; Washington","141806","44736",
"1400000US53033022205","Census Tract 222.05; King County; Washington","166394","64589",
"1400000US53033022300","Census Tract 223; King County; Washington","226250","48553",
"1400000US53033022401","Census Tract 224.01; King County; Washington","206932","61001",
"1400000US53033022402","Census Tract 224.02; King County; Washington","250,000+","***",
"1400000US53033022501","Census Tract 225.01; King County; Washington","250,000+","***",
"1400000US53033022502","Census Tract 225.02; King County; Washington","164284","11799",
"1400000US53033022603","Census Tract 226.03; King County; Washington","222613","27188",
"1400000US53033022604","Census Tract 226.04; King County; Washington","213250","58520",
"1400000US53033022605","Census Tract 226.05; King County; Washington","135830","32169",
"1400000US53033022606","Census Tract 226.06; King County; Washington","248583","47294",
"1400000US53033022701","Census Tract 227.01; King County; Washington","214881","39244",
"1400000US53033022702","Census Tract 227.02; King County; Washington","250,000+","***",
"1400000US53033022703","Census Tract 227.03; King County; Washington","250,000+","***",
"1400000US53033022802","Census Tract 228.02; King County; Washington","189830","53388",
"1400000US53033022803","Census Tract 228.03; King County; Washington","193721","15037",
"1400000US53033022804","Census Tract 228.04; King County; Washington","104632","29080",
"1400000US53033022805","Census Tract 228.05; King County; Washington","178021","55731",
"1400000US53033022901","Census Tract 229.01; King County; Washington","185417","12616",
"1400000US53033022902","Census Tract 229.02; King County; Washington","233438","32460",
"1400000US53033023000","Census Tract 230; King County; Washington","196929","13975",
"1400000US53033023100","Census Tract 231; King County; Washington","217614","30974",
"1400000US53033023201","Census Tract 232.01; King County; Washington","145705","34486",
"1400000US53033023202","Census Tract 232.02; King County; Washington","98973","67633",
"1400000US53033023300","Census Tract 233; King County; Washington","208668","24116",
"1400000US53033023401","Census Tract 234.01; King County; Washington","182966","36458",
"1400000US53033023403","Census Tract 234.03; King County; Washington","182981","25772",
"1400000US53033023404","Census Tract 234.04; King County; Washington","186750","37104",
"1400000US53033023500","Census Tract 235; King County; Washington","171848","39150",
"1400000US53033023601","Census Tract 236.01; King County; Washington","197583","34801",
"1400000US53033023603","Census Tract 236.03; King County; Washington","128125","32263",
"1400000US53033023604","Census Tract 236.04; King County; Washington","172054","42329",
"1400000US53033023701","Census Tract 237.01; King County; Washington","234010","44427",
"1400000US53033023702","Census Tract 237.02; King County; Washington","186250","113695",
"1400000US53033023801","Census Tract 238.01; King County; Washington","210000","87093",
"1400000US53033023805","Census Tract 238.05; King County; Washington","218750","67411",
"1400000US53033023806","Census Tract 238.06; King County; Washington","164727","70980",
"1400000US53033023807","Census Tract 238.07; King County; Washington","250,000+","***",
"1400000US53033023808","Census Tract 238.08; King County; Washington","175500","68535",
"1400000US53033023901","Census Tract 239.01; King County; Washington","250,000+","***",
"1400000US53033023902","Census Tract 239.02; King County; Washington","250,000+","***",
"1400000US53033024001","Census Tract 240.01; King County; Washington","250,000+","***",
"1400000US53033024002","Census Tract 240.02; King County; Washington","221371","60575",
"1400000US53033024100","Census Tract 241; King County; Washington","250,000+","***",
"1400000US53033024200","Census Tract 242; King County; Washington","250,000+","***",
"1400000US53033024301","Census Tract 243.01; King County; Washington","142031","50416",
"1400000US53033024302","Census Tract 243.02; King County; Washington","250,000+","***",
"1400000US53033024400","Census Tract 244; King County; Washington","224844","57773",
"1400000US53033024500","Census Tract 245; King County; Washington","250,000+","***",
"1400000US53033024601","Census Tract 246.01; King County; Washington","250,000+","***",
"1400000US53033024602","Census Tract 246.02; King County; Washington","250,000+","***",
"1400000US53033024701","Census Tract 247.01; King County; Washington","169444","59640",
"1400000US53033024703","Census Tract 247.03; King County; Washington","207667","36210",
"1400000US53033024704","Census Tract 247.04; King County; Washington","205360","48091",
"1400000US53033024800","Census Tract 248; King County; Washington","154117","24430",
"1400000US53033024901","Census Tract 249.01; King County; Washington","233906","44625",
"1400000US53033024902","Census Tract 249.02; King County; Washington","250,000+","***",
"1400000US53033024904","Census Tract 249.04; King County; Washington","250,000+","***",
"1400000US53033024905","Census Tract 249.05; King County; Washington","250,000+","***",
"1400000US53033025001","Census Tract 250.01; King County; Washington","200197","33207",
"1400000US53033025005","Census Tract 250.05; King County; Washington","243750","55954",
"1400000US53033025006","Census Tract 250.06; King County; Washington","238865","38378",
"1400000US53033025007","Census Tract 250.07; King County; Washington","195065","43351",
"1400000US53033025008","Census Tract 250.08; King County; Washington","250,000+","***",
"1400000US53033025101","Census Tract 251.01; King County; Washington","129427","24255",
"1400000US53033025103","Census Tract 251.03; King County; Washington","132414","31610",
"1400000US53033025104","Census Tract 251.04; King County; Washington","212926","29301",
"1400000US53033025201","Census Tract 252.01; King County; Washington","133344","13044",
"1400000US53033025202","Census Tract 252.02; King County; Washington","167045","55356",
"1400000US53033025302","Census Tract 253.02; King County; Washington","81563","43652",
"1400000US53033025303","Census Tract 253.03; King County; Washington","-","**",
"1400000US53033025304","Census Tract 253.04; King County; Washington","145839","32857",
"1400000US53033025401","Census Tract 254.01; King County; Washington","85250","29426",
"1400000US53033025402","Census Tract 254.02; King County; Washington","82455","27259",
"1400000US53033025500","Census Tract 255; King County; Washington","90509","5703",
"1400000US53033025601","Census Tract 256.01; King County; Washington","99527","19094",
"1400000US53033025602","Census Tract 256.02; King County; Washington","178810","56388",
"1400000US53033025702","Census Tract 257.02; King County; Washington","135774","13912",
"1400000US53033025703","Census Tract 257.03; King County; Washington","98750","45034",
"1400000US53033025704","Census Tract 257.04; King County; Washington","114202","32424",
"1400000US53033025803","Census Tract 258.03; King County; Washington","90806","9462",
"1400000US53033025804","Census Tract 258.04; King County; Washington","104583","12953",
"1400000US53033025805","Census Tract 258.05; King County; Washington","136765","31178",
"1400000US53033025806","Census Tract 258.06; King County; Washington","101250","13923",
"1400000US53033026001","Census Tract 260.01; King County; Washington","163090","55067",
"1400000US53033026003","Census Tract 260.03; King County; Washington","73711","11210",
"1400000US53033026004","Census Tract 260.04; King County; Washington","170609","14646",
"1400000US53033026101","Census Tract 261.01; King County; Washington","118083","22232",
"1400000US53033026102","Census Tract 261.02; King County; Washington","90809","21029",
"1400000US53033026200","Census Tract 262; King County; Washington","88636","30535",
"1400000US53033026300","Census Tract 263; King County; Washington","85529","15374",
"1400000US53033026400","Census Tract 264; King County; Washington","68846","15329",
"1400000US53033026500","Census Tract 265; King County; Washington","70148","12405",
"1400000US53033026600","Census Tract 266; King County; Washington","126094","25261",
"1400000US53033026700","Census Tract 267; King County; Washington","137350","24702",
"1400000US53033026801","Census Tract 268.01; King County; Washington","83456","56585",
"1400000US53033026802","Census Tract 268.02; King County; Washington","95357","36994",
"1400000US53033027000","Census Tract 270; King County; Washington","108246","25718",
"1400000US53033027100","Census Tract 271; King County; Washington","70865","24339",
"1400000US53033027200","Census Tract 272; King County; Washington","90486","21689",
"1400000US53033027300","Census Tract 273; King County; Washington","108672","18118",
"1400000US53033027400","Census Tract 274; King County; Washington","101121","18967",
"1400000US53033027500","Census Tract 275; King County; Washington","103430","22829",
"1400000US53033027600","Census Tract 276; King County; Washington","109074","18602",
"1400000US53033027701","Census Tract 277.01; King County; Washington","156477","25429",
"1400000US53033027702","Census Tract 277.02; King County; Washington","129129","16968",
"1400000US53033027800","Census Tract 278; King County; Washington","176167","33939",
"1400000US53033027901","Census Tract 279.01; King County; Washington","166188","61764",
"1400000US53033027902","Census Tract 279.02; King County; Washington","77154","54065",
"1400000US53033028000","Census Tract 280; King County; Washington","79826","14603",
"1400000US53033028100","Census Tract 281; King County; Washington","83900","17140",
"1400000US53033028200","Census Tract 282; King County; Washington","82100","26027",
"1400000US53033028300","Census Tract 283; King County; Washington","127750","24215",
"1400000US53033028402","Census Tract 284.02; King County; Washington","84337","19365",
"1400000US53033028403","Census Tract 284.03; King County; Washington","82546","26166",
"1400000US53033028500","Census Tract 285; King County; Washington","123162","15457",
"1400000US53033028600","Census Tract 286; King County; Washington","163424","21966",
"1400000US53033028700","Census Tract 287; King County; Washington","140000","8224",
"1400000US53033028801","Census Tract 288.01; King County; Washington","120576","45884",
"1400000US53033028802","Census Tract 288.02; King County; Washington","60828","14148",
"1400000US53033028901","Census Tract 289.01; King County; Washington","98963","38568",
"1400000US53033028902","Census Tract 289.02; King County; Washington","61526","12874",
"1400000US53033029001","Census Tract 290.01; King County; Washington","127324","15496",
"1400000US53033029003","Census Tract 290.03; King County; Washington","118469","20799",
"1400000US53033029004","Census Tract 290.04; King County; Washington","57218","23945",
"1400000US53033029101","Census Tract 291.01; King County; Washington","90625","33618",
"1400000US53033029102","Census Tract 291.02; King County; Washington","81518","29496",
"1400000US53033029203","Census Tract 292.03; King County; Washington","86239","9662",
"1400000US53033029205","Census Tract 292.05; King County; Washington","99539","7064",
"1400000US53033029206","Census Tract 292.06; King County; Washington","65313","14839",
"1400000US53033029207","Census Tract 292.07; King County; Washington","121956","29427",
"1400000US53033029208","Census Tract 292.08; King County; Washington","66552","17957",
"1400000US53033029304","Census Tract 293.04; King County; Washington","129773","31993",
"1400000US53033029305","Census Tract 293.05; King County; Washington","121635","25142",
"1400000US53033029306","Census Tract 293.06; King County; Washington","129286","22539",
"1400000US53033029307","Census Tract 293.07; King County; Washington","124655","36469",
"1400000US53033029308","Census Tract 293.08; King County; Washington","148258","19880",
"1400000US53033029309","Census Tract 293.09; King County; Washington","111402","33640",
"1400000US53033029403","Census Tract 294.03; King County; Washington","109985","36912",
"1400000US53033029405","Census Tract 294.05; King County; Washington","145077","12239",
"1400000US53033029406","Census Tract 294.06; King County; Washington","129648","26200",
"1400000US53033029407","Census Tract 294.07; King County; Washington","68264","19255",
"1400000US53033029408","Census Tract 294.08; King County; Washington","84766","54888",
"1400000US53033029504","Census Tract 295.04; King County; Washington","93941","11894",
"1400000US53033029505","Census Tract 295.05; King County; Washington","64479","9969",
"1400000US53033029506","Census Tract 295.06; King County; Washington","73582","19039",
"1400000US53033029507","Census Tract 295.07; King County; Washington","158208","26145",
"1400000US53033029508","Census Tract 295.08; King County; Washington","147361","40796",
"1400000US53033029602","Census Tract 296.02; King County; Washington","152333","18922",
"1400000US53033029603","Census Tract 296.03; King County; Washington","123462","28899",
"1400000US53033029604","Census Tract 296.04; King County; Washington","90182","26138",
"1400000US53033029701","Census Tract 297.01; King County; Washington","74188","42603",
"1400000US53033029702","Census Tract 297.02; King County; Washington","113021","52658",
"1400000US53033029803","Census Tract 298.03; King County; Washington","101638","52225",
"1400000US53033029804","Census Tract 298.04; King County; Washington","137404","29592",
"1400000US53033029805","Census Tract 298.05; King County; Washington","92438","28826",
"1400000US53033029806","Census Tract 298.06; King County; Washington","104167","53948",
"1400000US53033029901","Census Tract 299.01; King County; Washington","112438","29211",
"1400000US53033029902","Census Tract 299.02; King County; Washington","156389","19968",
"1400000US53033030003","Census Tract 300.03; King County; Washington","91580","31833",
"1400000US53033030005","Census Tract 300.05; King County; Washington","99426","20938",
"1400000US53033030006","Census Tract 300.06; King County; Washington","70156","18723",
"1400000US53033030007","Census Tract 300.07; King County; Washington","50137","15804",
"1400000US53033030008","Census Tract 300.08; King County; Washington","75857","27803",
"1400000US53033030101","Census Tract 301.01; King County; Washington","130262","30815",
"1400000US53033030102","Census Tract 301.02; King County; Washington","167719","35720",
"1400000US53033030201","Census Tract 302.01; King County; Washington","102963","17897",
"1400000US53033030203","Census Tract 302.03; King County; Washington","65694","24220",
"1400000US53033030204","Census Tract 302.04; King County; Washington","85556","30978",
"1400000US53033030304","Census Tract 303.04; King County; Washington","79495","15948",
"1400000US53033030305","Census Tract 303.05; King County; Washington","101409","31368",
"1400000US53033030306","Census Tract 303.06; King County; Washington","137106","12484",
"1400000US53033030308","Census Tract 303.08; King County; Washington","78750","26812",
"1400000US53033030309","Census Tract 303.09; King County; Washington","93185","47043",
"1400000US53033030310","Census Tract 303.10; King County; Washington","116434","23173",
"1400000US53033030311","Census Tract 303.11; King County; Washington","103920","15806",
"1400000US53033030312","Census Tract 303.12; King County; Washington","86829","38626",
"1400000US53033030313","Census Tract 303.13; King County; Washington","66643","6990",
"1400000US53033030314","Census Tract 303.14; King County; Washington","85170","33838",
"1400000US53033030403","Census Tract 304.03; King County; Washington","119896","29602",
"1400000US53033030404","Census Tract 304.04; King County; Washington","128462","13484",
"1400000US53033030405","Census Tract 304.05; King County; Washington","107449","13459",
"1400000US53033030406","Census Tract 304.06; King County; Washington","108068","29407",
"1400000US53033030407","Census Tract 304.07; King County; Washington","113182","31545",
"1400000US53033030501","Census Tract 305.01; King County; Washington","42978","9919",
"1400000US53033030503","Census Tract 305.03; King County; Washington","97109","11225",
"1400000US53033030504","Census Tract 305.04; King County; Washington","81460","7337",
"1400000US53033030600","Census Tract 306; King County; Washington","96622","22924",
"1400000US53033030700","Census Tract 307; King County; Washington","80326","28919",
"1400000US53033030801","Census Tract 308.01; King County; Washington","71378","9144",
"1400000US53033030802","Census Tract 308.02; King County; Washington","108116","19034",
"1400000US53033030901","Census Tract 309.01; King County; Washington","88841","12760",
"1400000US53033030902","Census Tract 309.02; King County; Washington","104500","14070",
"1400000US53033031000","Census Tract 310; King County; Washington","156107","20094",
"1400000US53033031101","Census Tract 311.01; King County; Washington","79420","5825",
"1400000US53033031102","Census Tract 311.02; King County; Washington","112917","32382",
"1400000US53033031202","Census Tract 312.02; King County; Washington","108117","11812",
"1400000US53033031204","Census Tract 312.04; King County; Washington","123571","14334",
"1400000US53033031206","Census Tract 312.06; King County; Washington","105703","12855",
"1400000US53033031207","Census Tract 312.07; King County; Washington","113872","26679",
"1400000US53033031208","Census Tract 312.08; King County; Washington","104925","34868",
"1400000US53033031301","Census Tract 313.01; King County; Washington","141429","18499",
"1400000US53033031302","Census Tract 313.02; King County; Washington","133313","3018",
"1400000US53033031400","Census Tract 314; King County; Washington","143372","10429",
"1400000US53033031501","Census Tract 315.01; King County; Washington","126016","26609",
"1400000US53033031502","Census Tract 315.02; King County; Washington","142344","47240",
"1400000US53033031601","Census Tract 316.01; King County; Washington","131016","17217",
"1400000US53033031603","Census Tract 316.03; King County; Washington","160942","23457",
"1400000US53033031604","Census Tract 316.04; King County; Washington","148333","15414",
"1400000US53033031605","Census Tract 316.05; King County; Washington","163897","32933",
"1400000US53033031704","Census Tract 317.04; King County; Washington","114325","24310",
"1400000US53033031705","Census Tract 317.05; King County; Washington","143750","35236",
"1400000US53033031707","Census Tract 317.07; King County; Washington","187222","51846",
"1400000US53033031708","Census Tract 317.08; King County; Washington","95735","17721",
"1400000US53033031709","Census Tract 317.09; King County; Washington","133833","26468",
"1400000US53033031710","Census Tract 317.10; King County; Washington","131250","35928",
"1400000US53033031800","Census Tract 318; King County; Washington","149727","26498",
"1400000US53033031904","Census Tract 319.04; King County; Washington","166875","54157",
"1400000US53033031906","Census Tract 319.06; King County; Washington","126875","32401",
"1400000US53033031908","Census Tract 319.08; King County; Washington","100333","11699",
"1400000US53033031909","Census Tract 319.09; King County; Washington","117740","20175",
"1400000US53033031910","Census Tract 319.10; King County; Washington","143162","39056",
"1400000US53033031911","Census Tract 319.11; King County; Washington","161182","23121",
"1400000US53033031912","Census Tract 319.12; King County; Washington","101438","19009",
"1400000US53033031913","Census Tract 319.13; King County; Washington","218750","42337",
"1400000US53033032002","Census Tract 320.02; King County; Washington","179444","43791",
"1400000US53033032003","Census Tract 320.03; King County; Washington","169489","25240",
"1400000US53033032005","Census Tract 320.05; King County; Washington","126650","23222",
"1400000US53033032006","Census Tract 320.06; King County; Washington","132540","23347",
"1400000US53033032007","Census Tract 320.07; King County; Washington","139698","77584",
"1400000US53033032008","Census Tract 320.08; King County; Washington","152146","9255",
"1400000US53033032010","Census Tract 320.10; King County; Washington","158375","25079",
"1400000US53033032011","Census Tract 320.11; King County; Washington","169904","12863",
"1400000US53033032102","Census Tract 321.02; King County; Washington","190075","12267",
"1400000US53033032103","Census Tract 321.03; King County; Washington","171402","30158",
"1400000US53033032104","Census Tract 321.04; King County; Washington","155481","20644",
"1400000US53033032207","Census Tract 322.07; King County; Washington","234531","53106",
"1400000US53033032211","Census Tract 322.11; King County; Washington","207125","36888",
"1400000US53033032213","Census Tract 322.13; King County; Washington","250,000+","***",
"1400000US53033032215","Census Tract 322.15; King County; Washington","250,000+","***",
"1400000US53033032216","Census Tract 322.16; King County; Washington","250,000+","***",
"1400000US53033032217","Census Tract 322.17; King County; Washington","250,000+","***",
"1400000US53033032218","Census Tract 322.18; King County; Washington","215850","54373",
"1400000US53033032219","Census Tract 322.19; King County; Washington","191593","71689",
"1400000US53033032220","Census Tract 322.20; King County; Washington","169250","24871",
"1400000US53033032221","Census Tract 322.21; King County; Washington","250,000+","***",
"1400000US53033032222","Census Tract 322.22; King County; Washington","149063","61471",
"1400000US53033032223","Census Tract 322.23; King County; Washington","225438","24202",
"1400000US53033032224","Census Tract 322.24; King County; Washington","233047","31524",
"1400000US53033032225","Census Tract 322.25; King County; Washington","236711","29782",
"1400000US53033032307","Census Tract 323.07; King County; Washington","174185","32699",
"1400000US53033032311","Census Tract 323.11; King County; Washington","214605","35894",
"1400000US53033032313","Census Tract 323.13; King County; Washington","169435","30699",
"1400000US53033032315","Census Tract 323.15; King County; Washington","222500","37755",
"1400000US53033032316","Census Tract 323.16; King County; Washington","250,000+","***",
"1400000US53033032317","Census Tract 323.17; King County; Washington","229338","33049",
"1400000US53033032318","Census Tract 323.18; King County; Washington","250,000+","***",
"1400000US53033032319","Census Tract 323.19; King County; Washington","175263","27716",
"1400000US53033032320","Census Tract 323.20; King County; Washington","250,000+","***",
"1400000US53033032321","Census Tract 323.21; King County; Washington","250,000+","***",
"1400000US53033032322","Census Tract 323.22; King County; Washington","240365","28940",
"1400000US53033032323","Census Tract 323.23; King County; Washington","250,000+","***",
"1400000US53033032324","Census Tract 323.24; King County; Washington","230188","36355",
"1400000US53033032325","Census Tract 323.25; King County; Washington","194358","60065",
"1400000US53033032326","Census Tract 323.26; King County; Washington","250,000+","***",
"1400000US53033032327","Census Tract 323.27; King County; Washington","162125","25243",
"1400000US53033032328","Census Tract 323.28; King County; Washington","250,000+","***",
"1400000US53033032330","Census Tract 323.30; King County; Washington","215465","31170",
"1400000US53033032331","Census Tract 323.31; King County; Washington","154932","17366",
"1400000US53033032332","Census Tract 323.32; King County; Washington","245000","59484",
"1400000US53033032333","Census Tract 323.33; King County; Washington","250,000+","***",
"1400000US53033032401","Census Tract 324.01; King County; Washington","191028","38976",
"1400000US53033032402","Census Tract 324.02; King County; Washington","165800","37342",
"1400000US53033032500","Census Tract 325; King County; Washington","185750","29955",
"1400000US53033032601","Census Tract 326.01; King County; Washington","178239","39680",
"1400000US53033032603","Census Tract 326.03; King County; Washington","229821","96335",
"1400000US53033032604","Census Tract 326.04; King County; Washington","210704","36350",
"1400000US53033032605","Census Tract 326.05; King County; Washington","213015","44249",
"1400000US53033032703","Census Tract 327.03; King County; Washington","154324","20405",
"1400000US53033032704","Census Tract 327.04; King County; Washington","191250","22538",
"1400000US53033032705","Census Tract 327.05; King County; Washington","155000","30478",
"1400000US53033032706","Census Tract 327.06; King County; Washington","154907","63153",
"1400000US53033032800","Census Tract 328; King County; Washington","133700","25955",
"1400000US53033990100","Census Tract 9901; King County; Washington","-","**",
"1400000US53035080101","Census Tract 801.01; Kitsap County; Washington","79913","29645",
"1400000US53035080102","Census Tract 801.02; Kitsap County; Washington","79528","17966",
"1400000US53035080200","Census Tract 802; Kitsap County; Washington","61389","19467",
"1400000US53035080300","Census Tract 803; Kitsap County; Washington","73068","23346",
"1400000US53035080400","Census Tract 804; Kitsap County; Washington","103214","22843",
"1400000US53035080500","Census Tract 805; Kitsap County; Washington","98957","8742",
"1400000US53035080600","Census Tract 806; Kitsap County; Washington","134500","20122",
"1400000US53035080700","Census Tract 807; Kitsap County; Washington","130278","28186",
"1400000US53035080800","Census Tract 808; Kitsap County; Washington","82266","6009",
"1400000US53035080900","Census Tract 809; Kitsap County; Washington","99476","11294",
"1400000US53035081000","Census Tract 810; Kitsap County; Washington","77125","18801",
"1400000US53035081100","Census Tract 811; Kitsap County; Washington","118700","28533",
"1400000US53035081200","Census Tract 812; Kitsap County; Washington","93250","22469",
"1400000US53035081400","Census Tract 814; Kitsap County; Washington","178661","45952",
"1400000US53035090101","Census Tract 901.01; Kitsap County; Washington","129839","31870",
"1400000US53035090102","Census Tract 901.02; Kitsap County; Washington","125827","15234",
"1400000US53035090201","Census Tract 902.01; Kitsap County; Washington","137955","15454",
"1400000US53035090202","Census Tract 902.02; Kitsap County; Washington","123654","20350",
"1400000US53035090300","Census Tract 903; Kitsap County; Washington","87565","11426",
"1400000US53035090400","Census Tract 904; Kitsap County; Washington","145273","13783",
"1400000US53035090501","Census Tract 905.01; Kitsap County; Washington","110451","9177",
"1400000US53035090502","Census Tract 905.02; Kitsap County; Washington","131672","8155",
"1400000US53035090700","Census Tract 907; Kitsap County; Washington","193576","26566",
"1400000US53035090800","Census Tract 908; Kitsap County; Washington","202688","42907",
"1400000US53035090901","Census Tract 909.01; Kitsap County; Washington","147750","33661",
"1400000US53035090902","Census Tract 909.02; Kitsap County; Washington","217431","20880",
"1400000US53035091001","Census Tract 910.01; Kitsap County; Washington","198704","56020",
"1400000US53035091002","Census Tract 910.02; Kitsap County; Washington","227917","77344",
"1400000US53035091100","Census Tract 911; Kitsap County; Washington","147899","26372",
"1400000US53035091201","Census Tract 912.01; Kitsap County; Washington","108750","27979",
"1400000US53035091204","Census Tract 912.04; Kitsap County; Washington","113125","23315",
"1400000US53035091205","Census Tract 912.05; Kitsap County; Washington","126632","13937",
"1400000US53035091206","Census Tract 912.06; Kitsap County; Washington","86170","8441",
"1400000US53035091301","Census Tract 913.01; Kitsap County; Washington","126118","8583",
"1400000US53035091302","Census Tract 913.02; Kitsap County; Washington","170013","28861",
"1400000US53035091400","Census Tract 914; Kitsap County; Washington","117527","14648",
"1400000US53035091500","Census Tract 915; Kitsap County; Washington","109361","18499",
"1400000US53035091600","Census Tract 916; Kitsap County; Washington","107930","15173",
"1400000US53035091701","Census Tract 917.01; Kitsap County; Washington","122361","26593",
"1400000US53035091702","Census Tract 917.02; Kitsap County; Washington","91148","22777",
"1400000US53035091800","Census Tract 918; Kitsap County; Washington","98207","22236",
"1400000US53035091900","Census Tract 919; Kitsap County; Washington","111161","26701",
"1400000US53035092000","Census Tract 920; Kitsap County; Washington","113401","12767",
"1400000US53035092101","Census Tract 921.01; Kitsap County; Washington","116195","10013",
"1400000US53035092102","Census Tract 921.02; Kitsap County; Washington","108940","9962",
"1400000US53035092200","Census Tract 922; Kitsap County; Washington","88446","23155",
"1400000US53035092300","Census Tract 923; Kitsap County; Washington","71176","18243",
"1400000US53035092400","Census Tract 924; Kitsap County; Washington","96164","7419",
"1400000US53035092500","Census Tract 925; Kitsap County; Washington","100142","23225",
"1400000US53035092600","Census Tract 926; Kitsap County; Washington","112153","11580",
"1400000US53035092701","Census Tract 927.01; Kitsap County; Washington","121250","21421",
"1400000US53035092704","Census Tract 927.04; Kitsap County; Washington","144715","17195",
"1400000US53035092801","Census Tract 928.01; Kitsap County; Washington","91250","23550",
"1400000US53035092802","Census Tract 928.02; Kitsap County; Washington","119391","24427",
"1400000US53035092803","Census Tract 928.03; Kitsap County; Washington","106607","11051",
"1400000US53035092901","Census Tract 929.01; Kitsap County; Washington","120077","12074",
"1400000US53035092902","Census Tract 929.02; Kitsap County; Washington","103788","32440",
"1400000US53035940000","Census Tract 9400; Kitsap County; Washington","118500","9176",
"1400000US53035940100","Census Tract 9401; Kitsap County; Washington","113125","13861",
"1400000US53035990100","Census Tract 9901; Kitsap County; Washington","-","**",
"1400000US53037975101","Census Tract 9751.01; Kittitas County; Washington","117383","30128",
"1400000US53037975102","Census Tract 9751.02; Kittitas County; Washington","37092","18674",
"1400000US53037975103","Census Tract 9751.03; Kittitas County; Washington","71336","28954",
"1400000US53037975104","Census Tract 9751.04; Kittitas County; Washington","106159","2025",
"1400000US53037975201","Census Tract 9752.01; Kittitas County; Washington","102888","37560",
"1400000US53037975202","Census Tract 9752.02; Kittitas County; Washington","109044","24086",
"1400000US53037975203","Census Tract 9752.03; Kittitas County; Washington","141039","9791",
"1400000US53037975300","Census Tract 9753; Kittitas County; Washington","106786","20424",
"1400000US53037975402","Census Tract 9754.02; Kittitas County; Washington","79091","11952",
"1400000US53037975403","Census Tract 9754.03; Kittitas County; Washington","120521","44797",
"1400000US53037975404","Census Tract 9754.04; Kittitas County; Washington","128750","36546",
"1400000US53037975500","Census Tract 9755; Kittitas County; Washington","94785","7563",
"1400000US53037975600","Census Tract 9756; Kittitas County; Washington","61887","10298",
"1400000US53037975700","Census Tract 9757; Kittitas County; Washington","123628","30706",
"1400000US53039950101","Census Tract 9501.01; Klickitat County; Washington","93487","12679",
"1400000US53039950102","Census Tract 9501.02; Klickitat County; Washington","79035","9753",
"1400000US53039950103","Census Tract 9501.03; Klickitat County; Washington","56602","14574",
"1400000US53039950200","Census Tract 9502; Klickitat County; Washington","78438","13755",
"1400000US53039950301","Census Tract 9503.01; Klickitat County; Washington","107772","16658",
"1400000US53039950302","Census Tract 9503.02; Klickitat County; Washington","104005","16358",
"1400000US53041970100","Census Tract 9701; Lewis County; Washington","114236","21832",
"1400000US53041970200","Census Tract 9702; Lewis County; Washington","105179","42627",
"1400000US53041970300","Census Tract 9703; Lewis County; Washington","56069","7893",
"1400000US53041970400","Census Tract 9704; Lewis County; Washington","76384","18480",
"1400000US53041970500","Census Tract 9705; Lewis County; Washington","83750","9916",
"1400000US53041970600","Census Tract 9706; Lewis County; Washington","77361","29766",
"1400000US53041970700","Census Tract 9707; Lewis County; Washington","72315","14244",
"1400000US53041970800","Census Tract 9708; Lewis County; Washington","94482","9539",
"1400000US53041970900","Census Tract 9709; Lewis County; Washington","77566","5322",
"1400000US53041971000","Census Tract 9710; Lewis County; Washington","77875","4628",
"1400000US53041971100","Census Tract 9711; Lewis County; Washington","107875","15691",
"1400000US53041971200","Census Tract 9712; Lewis County; Washington","83639","24169",
"1400000US53041971300","Census Tract 9713; Lewis County; Washington","95728","12317",
"1400000US53041971400","Census Tract 9714; Lewis County; Washington","94476","9619",
"1400000US53041971501","Census Tract 9715.01; Lewis County; Washington","79159","5090",
"1400000US53041971502","Census Tract 9715.02; Lewis County; Washington","88690","17122",
"1400000US53041971600","Census Tract 9716; Lewis County; Washington","81750","23973",
"1400000US53041971700","Census Tract 9717; Lewis County; Washington","84688","26129",
"1400000US53041971800","Census Tract 9718; Lewis County; Washington","88413","35374",
"1400000US53041971900","Census Tract 9719; Lewis County; Washington","69408","18830",
"1400000US53041972000","Census Tract 9720; Lewis County; Washington","77938","16105",
"1400000US53043960100","Census Tract 9601; Lincoln County; Washington","87396","13614",
"1400000US53043960200","Census Tract 9602; Lincoln County; Washington","90000","16347",
"1400000US53043960300","Census Tract 9603; Lincoln County; Washington","88333","11553",
"1400000US53043960400","Census Tract 9604; Lincoln County; Washington","70347","7721",
"1400000US53045940000","Census Tract 9400; Mason County; Washington","63214","10213",
"1400000US53045960100","Census Tract 9601; Mason County; Washington","67500","11207",
"1400000US53045960201","Census Tract 9602.01; Mason County; Washington","83851","37486",
"1400000US53045960202","Census Tract 9602.02; Mason County; Washington","77500","11945",
"1400000US53045960301","Census Tract 9603.01; Mason County; Washington","104091","34864",
"1400000US53045960302","Census Tract 9603.02; Mason County; Washington","102633","37413",
"1400000US53045960401","Census Tract 9604.01; Mason County; Washington","97708","19366",
"1400000US53045960402","Census Tract 9604.02; Mason County; Washington","114591","63425",
"1400000US53045960403","Census Tract 9604.03; Mason County; Washington","114464","45777",
"1400000US53045960500","Census Tract 9605; Mason County; Washington","100458","12165",
"1400000US53045960600","Census Tract 9606; Mason County; Washington","84269","13209",
"1400000US53045960700","Census Tract 9607; Mason County; Washington","88393","13130",
"1400000US53045960800","Census Tract 9608; Mason County; Washington","58000","21896",
"1400000US53045960900","Census Tract 9609; Mason County; Washington","66078","12283",
"1400000US53045961000","Census Tract 9610; Mason County; Washington","132115","14261",
"1400000US53045961101","Census Tract 9611.01; Mason County; Washington","84368","5028",
"1400000US53045961102","Census Tract 9611.02; Mason County; Washington","81577","13380",
"1400000US53045961200","Census Tract 9612; Mason County; Washington","108902","17226",
"1400000US53045961300","Census Tract 9613; Mason County; Washington","86786","37793",
"1400000US53047940100","Census Tract 9401; Okanogan County; Washington","67578","11139",
"1400000US53047940200","Census Tract 9402; Okanogan County; Washington","71853","10082",
"1400000US53047970301","Census Tract 9703.01; Okanogan County; Washington","56563","8487",
"1400000US53047970302","Census Tract 9703.02; Okanogan County; Washington","46250","30659",
"1400000US53047970303","Census Tract 9703.03; Okanogan County; Washington","72500","29693",
"1400000US53047970400","Census Tract 9704; Okanogan County; Washington","80833","17583",
"1400000US53047970500","Census Tract 9705; Okanogan County; Washington","65156","11049",
"1400000US53047970601","Census Tract 9706.01; Okanogan County; Washington","70705","17013",
"1400000US53047970602","Census Tract 9706.02; Okanogan County; Washington","84428","13074",
"1400000US53047970700","Census Tract 9707; Okanogan County; Washington","85000","15732",
"1400000US53047970800","Census Tract 9708; Okanogan County; Washington","67025","9271",
"1400000US53047970900","Census Tract 9709; Okanogan County; Washington","80536","17344",
"1400000US53047971000","Census Tract 9710; Okanogan County; Washington","79041","15620",
"1400000US53049950200","Census Tract 9502; Pacific County; Washington","87204","8564",
"1400000US53049950301","Census Tract 9503.01; Pacific County; Washington","77383","22435",
"1400000US53049950302","Census Tract 9503.02; Pacific County; Washington","70208","17835",
"1400000US53049950400","Census Tract 9504; Pacific County; Washington","88409","15917",
"1400000US53049950501","Census Tract 9505.01; Pacific County; Washington","78036","18595",
"1400000US53049950502","Census Tract 9505.02; Pacific County; Washington","96071","19389",
"1400000US53049950600","Census Tract 9506; Pacific County; Washington","72500","13972",
"1400000US53049950701","Census Tract 9507.01; Pacific County; Washington","80227","24024",
"1400000US53049950702","Census Tract 9507.02; Pacific County; Washington","74700","11526",
"1400000US53049950801","Census Tract 9508.01; Pacific County; Washington","97042","22325",
"1400000US53049950802","Census Tract 9508.02; Pacific County; Washington","115917","62449",
"1400000US53049990100","Census Tract 9901; Pacific County; Washington","-","**",
"1400000US53051970100","Census Tract 9701; Pend Oreille County; Washington","80192","31589",
"1400000US53051970200","Census Tract 9702; Pend Oreille County; Washington","94722","19511",
"1400000US53051970300","Census Tract 9703; Pend Oreille County; Washington","56818","13329",
"1400000US53051970400","Census Tract 9704; Pend Oreille County; Washington","72770","5960",
"1400000US53051970500","Census Tract 9705; Pend Oreille County; Washington","94250","11195",
"1400000US53053060200","Census Tract 602; Pierce County; Washington","143438","31363",
"1400000US53053060300","Census Tract 603; Pierce County; Washington","130417","26345",
"1400000US53053060400","Census Tract 604; Pierce County; Washington","169318","22608",
"1400000US53053060500","Census Tract 605; Pierce County; Washington","185682","14930",
"1400000US53053060600","Census Tract 606; Pierce County; Washington","154276","22007",
"1400000US53053060700","Census Tract 607; Pierce County; Washington","161741","10839",
"1400000US53053060800","Census Tract 608; Pierce County; Washington","168825","35088",
"1400000US53053060903","Census Tract 609.03; Pierce County; Washington","121125","21312",
"1400000US53053060904","Census Tract 609.04; Pierce County; Washington","105284","13099",
"1400000US53053060906","Census Tract 609.06; Pierce County; Washington","130750","11007",
"1400000US53053060907","Census Tract 609.07; Pierce County; Washington","115082","30911",
"1400000US53053060908","Census Tract 609.08; Pierce County; Washington","193846","87356",
"1400000US53053061001","Census Tract 610.01; Pierce County; Washington","160417","33632",
"1400000US53053061002","Census Tract 610.02; Pierce County; Washington","81875","31106",
"1400000US53053061100","Census Tract 611; Pierce County; Washington","104297","14084",
"1400000US53053061200","Census Tract 612; Pierce County; Washington","96997","9245",
"1400000US53053061300","Census Tract 613; Pierce County; Washington","83902","21163",
"1400000US53053061400","Census Tract 614; Pierce County; Washington","110132","75043",
"1400000US53053061501","Census Tract 615.01; Pierce County; Washington","59878","30169",
"1400000US53053061502","Census Tract 615.02; Pierce County; Washington","139375","54296",
"1400000US53053061601","Census Tract 616.01; Pierce County; Washington","57672","29047",
"1400000US53053061602","Census Tract 616.02; Pierce County; Washington","84931","37549",
"1400000US53053061700","Census Tract 617; Pierce County; Washington","91684","24541",
"1400000US53053061800","Census Tract 618; Pierce County; Washington","95947","21504",
"1400000US53053061900","Census Tract 619; Pierce County; Washington","92917","35776",
"1400000US53053062000","Census Tract 620; Pierce County; Washington","96679","17600",
"1400000US53053062300","Census Tract 623; Pierce County; Washington","90000","16024",
"1400000US53053062400","Census Tract 624; Pierce County; Washington","105906","13814",
"1400000US53053062501","Census Tract 625.01; Pierce County; Washington","92750","8169",
"1400000US53053062502","Census Tract 625.02; Pierce County; Washington","79830","30394",
"1400000US53053062600","Census Tract 626; Pierce County; Washington","61729","23402",
"1400000US53053062801","Census Tract 628.01; Pierce County; Washington","75568","34207",
"1400000US53053062802","Census Tract 628.02; Pierce County; Washington","94615","22672",
"1400000US53053062901","Census Tract 629.01; Pierce County; Washington","79915","26730",
"1400000US53053062902","Census Tract 629.02; Pierce County; Washington","84250","12327",
"1400000US53053063000","Census Tract 630; Pierce County; Washington","82117","26327",
"1400000US53053063100","Census Tract 631; Pierce County; Washington","94079","27471",
"1400000US53053063200","Census Tract 632; Pierce County; Washington","86538","14492",
"1400000US53053063301","Census Tract 633.01; Pierce County; Washington","77250","33082",
"1400000US53053063302","Census Tract 633.02; Pierce County; Washington","97434","18652",
"1400000US53053063401","Census Tract 634.01; Pierce County; Washington","91827","35225",
"1400000US53053063402","Census Tract 634.02; Pierce County; Washington","62511","5315",
"1400000US53053063501","Census Tract 635.01; Pierce County; Washington","81056","23479",
"1400000US53053063502","Census Tract 635.02; Pierce County; Washington","81250","33738",
"1400000US53053070100","Census Tract 701; Pierce County; Washington","121641","15566",
"1400000US53053070204","Census Tract 702.04; Pierce County; Washington","126750","19743",
"1400000US53053070205","Census Tract 702.05; Pierce County; Washington","119537","18110",
"1400000US53053070206","Census Tract 702.06; Pierce County; Washington","155727","17141",
"1400000US53053070207","Census Tract 702.07; Pierce County; Washington","133375","19154",
"1400000US53053070208","Census Tract 702.08; Pierce County; Washington","148226","18432",
"1400000US53053070209","Census Tract 702.09; Pierce County; Washington","108885","18991",
"1400000US53053070307","Census Tract 703.07; Pierce County; Washington","190000","26409",
"1400000US53053070308","Census Tract 703.08; Pierce County; Washington","121250","13786",
"1400000US53053070309","Census Tract 703.09; Pierce County; Washington","158611","17421",
"1400000US53053070310","Census Tract 703.10; Pierce County; Washington","118576","16650",
"1400000US53053070311","Census Tract 703.11; Pierce County; Washington","127123","5264",
"1400000US53053070312","Census Tract 703.12; Pierce County; Washington","170813","15520",
"1400000US53053070313","Census Tract 703.13; Pierce County; Washington","148542","37474",
"1400000US53053070314","Census Tract 703.14; Pierce County; Washington","154632","24205",
"1400000US53053070315","Census Tract 703.15; Pierce County; Washington","156983","21499",
"1400000US53053070316","Census Tract 703.16; Pierce County; Washington","150894","19904",
"1400000US53053070401","Census Tract 704.01; Pierce County; Washington","101705","22947",
"1400000US53053070403","Census Tract 704.03; Pierce County; Washington","110784","11274",
"1400000US53053070404","Census Tract 704.04; Pierce County; Washington","128906","10750",
"1400000US53053070703","Census Tract 707.03; Pierce County; Washington","94278","12565",
"1400000US53053071100","Census Tract 711; Pierce County; Washington","112026","19882",
"1400000US53053071205","Census Tract 712.05; Pierce County; Washington","123295","15758",
"1400000US53053071206","Census Tract 712.06; Pierce County; Washington","116300","19276",
"1400000US53053071207","Census Tract 712.07; Pierce County; Washington","101134","22483",
"1400000US53053071209","Census Tract 712.09; Pierce County; Washington","139688","33862",
"1400000US53053071210","Census Tract 712.10; Pierce County; Washington","143276","22076",
"1400000US53053071211","Census Tract 712.11; Pierce County; Washington","95408","33105",
"1400000US53053071212","Census Tract 712.12; Pierce County; Washington","87340","38475",
"1400000US53053071304","Census Tract 713.04; Pierce County; Washington","97448","8338",
"1400000US53053071305","Census Tract 713.05; Pierce County; Washington","93750","11341",
"1400000US53053071306","Census Tract 713.06; Pierce County; Washington","112069","16941",
"1400000US53053071307","Census Tract 713.07; Pierce County; Washington","137778","4597",
"1400000US53053071309","Census Tract 713.09; Pierce County; Washington","94455","8743",
"1400000US53053071310","Census Tract 713.10; Pierce County; Washington","142792","28152",
"1400000US53053071403","Census Tract 714.03; Pierce County; Washington","97321","34429",
"1400000US53053071408","Census Tract 714.08; Pierce County; Washington","100573","14151",
"1400000US53053071409","Census Tract 714.09; Pierce County; Washington","87241","20780",
"1400000US53053071411","Census Tract 714.11; Pierce County; Washington","114712","18396",
"1400000US53053071412","Census Tract 714.12; Pierce County; Washington","102819","4803",
"1400000US53053071413","Census Tract 714.13; Pierce County; Washington","133929","32220",
"1400000US53053071414","Census Tract 714.14; Pierce County; Washington","111875","13920",
"1400000US53053071415","Census Tract 714.15; Pierce County; Washington","98333","33008",
"1400000US53053071416","Census Tract 714.16; Pierce County; Washington","73750","44041",
"1400000US53053071417","Census Tract 714.17; Pierce County; Washington","116833","19263",
"1400000US53053071503","Census Tract 715.03; Pierce County; Washington","92722","26938",
"1400000US53053071504","Census Tract 715.04; Pierce County; Washington","88672","28405",
"1400000US53053071505","Census Tract 715.05; Pierce County; Washington","128387","29552",
"1400000US53053071506","Census Tract 715.06; Pierce County; Washington","102746","20292",
"1400000US53053071601","Census Tract 716.01; Pierce County; Washington","86359","11600",
"1400000US53053071603","Census Tract 716.03; Pierce County; Washington","84710","10496",
"1400000US53053071604","Census Tract 716.04; Pierce County; Washington","65208","16818",
"1400000US53053071703","Census Tract 717.03; Pierce County; Washington","54906","10057",
"1400000US53053071704","Census Tract 717.04; Pierce County; Washington","61583","15788",
"1400000US53053071705","Census Tract 717.05; Pierce County; Washington","70675","16842",
"1400000US53053071706","Census Tract 717.06; Pierce County; Washington","51393","18907",
"1400000US53053071707","Census Tract 717.07; Pierce County; Washington","95609","23445",
"1400000US53053071803","Census Tract 718.03; Pierce County; Washington","88255","9512",
"1400000US53053071805","Census Tract 718.05; Pierce County; Washington","85614","13034",
"1400000US53053071806","Census Tract 718.06; Pierce County; Washington","45526","5236",
"1400000US53053071807","Census Tract 718.07; Pierce County; Washington","57647","18152",
"1400000US53053071808","Census Tract 718.08; Pierce County; Washington","51700","28765",
"1400000US53053071901","Census Tract 719.01; Pierce County; Washington","74886","19585",
"1400000US53053071902","Census Tract 719.02; Pierce County; Washington","123292","38264",
"1400000US53053072000","Census Tract 720; Pierce County; Washington","62747","15652",
"1400000US53053072105","Census Tract 721.05; Pierce County; Washington","130278","13657",
"1400000US53053072106","Census Tract 721.06; Pierce County; Washington","63977","26690",
"1400000US53053072107","Census Tract 721.07; Pierce County; Washington","109058","10109",
"1400000US53053072108","Census Tract 721.08; Pierce County; Washington","125573","21306",
"1400000US53053072109","Census Tract 721.09; Pierce County; Washington","128160","42766",
"1400000US53053072111","Census Tract 721.11; Pierce County; Washington","119567","14691",
"1400000US53053072112","Census Tract 721.12; Pierce County; Washington","118021","51935",
"1400000US53053072305","Census Tract 723.05; Pierce County; Washington","131012","51676",
"1400000US53053072307","Census Tract 723.07; Pierce County; Washington","99797","8077",
"1400000US53053072309","Census Tract 723.09; Pierce County; Washington","166856","45995",
"1400000US53053072310","Census Tract 723.10; Pierce County; Washington","113359","21941",
"1400000US53053072311","Census Tract 723.11; Pierce County; Washington","93559","23154",
"1400000US53053072312","Census Tract 723.12; Pierce County; Washington","100268","25365",
"1400000US53053072313","Census Tract 723.13; Pierce County; Washington","155273","24138",
"1400000US53053072314","Census Tract 723.14; Pierce County; Washington","114844","19606",
"1400000US53053072315","Census Tract 723.15; Pierce County; Washington","114561","32211",
"1400000US53053072405","Census Tract 724.05; Pierce County; Washington","181206","12321",
"1400000US53053072406","Census Tract 724.06; Pierce County; Washington","164399","13425",
"1400000US53053072407","Census Tract 724.07; Pierce County; Washington","110127","25624",
"1400000US53053072408","Census Tract 724.08; Pierce County; Washington","161626","33630",
"1400000US53053072409","Census Tract 724.09; Pierce County; Washington","150606","29595",
"1400000US53053072410","Census Tract 724.10; Pierce County; Washington","181500","59943",
"1400000US53053072503","Census Tract 725.03; Pierce County; Washington","126139","8321",
"1400000US53053072504","Census Tract 725.04; Pierce County; Washington","172083","40646",
"1400000US53053072506","Census Tract 725.06; Pierce County; Washington","134107","33145",
"1400000US53053072507","Census Tract 725.07; Pierce County; Washington","132679","48066",
"1400000US53053072508","Census Tract 725.08; Pierce County; Washington","130323","11630",
"1400000US53053072509","Census Tract 725.09; Pierce County; Washington","130714","23029",
"1400000US53053072601","Census Tract 726.01; Pierce County; Washington","113965","15051",
"1400000US53053072602","Census Tract 726.02; Pierce County; Washington","100703","16325",
"1400000US53053072603","Census Tract 726.03; Pierce County; Washington","97220","20886",
"1400000US53053072801","Census Tract 728.01; Pierce County; Washington","154964","10252",
"1400000US53053072802","Census Tract 728.02; Pierce County; Washington","107604","17236",
"1400000US53053072901","Census Tract 729.01; Pierce County; Washington","59286","14745",
"1400000US53053072903","Census Tract 729.03; Pierce County; Washington","75486","12451",
"1400000US53053072907","Census Tract 729.07; Pierce County; Washington","60122","6131",
"1400000US53053072908","Census Tract 729.08; Pierce County; Washington","54100","3611",
"1400000US53053072909","Census Tract 729.09; Pierce County; Washington","-","**",
"1400000US53053073001","Census Tract 730.01; Pierce County; Washington","112804","33537",
"1400000US53053073005","Census Tract 730.05; Pierce County; Washington","117661","18745",
"1400000US53053073006","Census Tract 730.06; Pierce County; Washington","115787","14877",
"1400000US53053073110","Census Tract 731.10; Pierce County; Washington","117799","26490",
"1400000US53053073111","Census Tract 731.11; Pierce County; Washington","92193","10717",
"1400000US53053073114","Census Tract 731.14; Pierce County; Washington","90966","12718",
"1400000US53053073115","Census Tract 731.15; Pierce County; Washington","119732","19542",
"1400000US53053073116","Census Tract 731.16; Pierce County; Washington","124265","10260",
"1400000US53053073117","Census Tract 731.17; Pierce County; Washington","130020","22104",
"1400000US53053073118","Census Tract 731.18; Pierce County; Washington","109271","16324",
"1400000US53053073119","Census Tract 731.19; Pierce County; Washington","112841","19747",
"1400000US53053073120","Census Tract 731.20; Pierce County; Washington","115924","24598",
"1400000US53053073121","Census Tract 731.21; Pierce County; Washington","127870","20926",
"1400000US53053073122","Census Tract 731.22; Pierce County; Washington","133464","17910",
"1400000US53053073123","Census Tract 731.23; Pierce County; Washington","170854","18186",
"1400000US53053073124","Census Tract 731.24; Pierce County; Washington","115890","11437",
"1400000US53053073126","Census Tract 731.26; Pierce County; Washington","115708","11720",
"1400000US53053073127","Census Tract 731.27; Pierce County; Washington","105769","50532",
"1400000US53053073128","Census Tract 731.28; Pierce County; Washington","106997","16273",
"1400000US53053073129","Census Tract 731.29; Pierce County; Washington","116543","12392",
"1400000US53053073130","Census Tract 731.30; Pierce County; Washington","121650","52622",
"1400000US53053073131","Census Tract 731.31; Pierce County; Washington","108258","30271",
"1400000US53053073132","Census Tract 731.32; Pierce County; Washington","120625","17095",
"1400000US53053073133","Census Tract 731.33; Pierce County; Washington","143712","4082",
"1400000US53053073200","Census Tract 732; Pierce County; Washington","108188","27587",
"1400000US53053073301","Census Tract 733.01; Pierce County; Washington","98045","11252",
"1400000US53053073302","Census Tract 733.02; Pierce County; Washington","121250","24517",
"1400000US53053073404","Census Tract 734.04; Pierce County; Washington","114400","17116",
"1400000US53053073405","Census Tract 734.05; Pierce County; Washington","87388","13277",
"1400000US53053073406","Census Tract 734.06; Pierce County; Washington","124740","22307",
"1400000US53053073407","Census Tract 734.07; Pierce County; Washington","93380","18744",
"1400000US53053073408","Census Tract 734.08; Pierce County; Washington","114741","11016",
"1400000US53053073501","Census Tract 735.01; Pierce County; Washington","111118","37968",
"1400000US53053073502","Census Tract 735.02; Pierce County; Washington","125714","45234",
"1400000US53053940001","Census Tract 9400.01; Pierce County; Washington","155208","21461",
"1400000US53053940002","Census Tract 9400.02; Pierce County; Washington","81894","20329",
"1400000US53053940004","Census Tract 9400.04; Pierce County; Washington","128910","11238",
"1400000US53053940005","Census Tract 9400.05; Pierce County; Washington","115294","10747",
"1400000US53053940006","Census Tract 9400.06; Pierce County; Washington","64594","17558",
"1400000US53053940007","Census Tract 9400.07; Pierce County; Washington","81136","12448",
"1400000US53053940008","Census Tract 9400.08; Pierce County; Washington","118587","17537",
"1400000US53053940009","Census Tract 9400.09; Pierce County; Washington","148640","26902",
"1400000US53053940010","Census Tract 9400.10; Pierce County; Washington","115608","25305",
"1400000US53053940011","Census Tract 9400.11; Pierce County; Washington","170811","10465",
"1400000US53053940012","Census Tract 9400.12; Pierce County; Washington","95208","17074",
"1400000US53053940013","Census Tract 9400.13; Pierce County; Washington","137697","12617",
"1400000US53055960101","Census Tract 9601.01; San Juan County; Washington","88333","17326",
"1400000US53055960102","Census Tract 9601.02; San Juan County; Washington","99063","13462",
"1400000US53055960103","Census Tract 9601.03; San Juan County; Washington","115875","35033",
"1400000US53055960301","Census Tract 9603.01; San Juan County; Washington","129648","11335",
"1400000US53055960302","Census Tract 9603.02; San Juan County; Washington","111111","3234",
"1400000US53055960400","Census Tract 9604; San Juan County; Washington","107574","13010",
"1400000US53055960501","Census Tract 9605.01; San Juan County; Washington","97250","13675",
"1400000US53055960502","Census Tract 9605.02; San Juan County; Washington","93523","13657",
"1400000US53055990100","Census Tract 9901; San Juan County; Washington","-","**",
"1400000US53057940201","Census Tract 9402.01; Skagit County; Washington","112750","9546",
"1400000US53057940301","Census Tract 9403.01; Skagit County; Washington","129000","22456",
"1400000US53057940302","Census Tract 9403.02; Skagit County; Washington","132500","11886",
"1400000US53057940401","Census Tract 9404.01; Skagit County; Washington","130147","10303",
"1400000US53057940402","Census Tract 9404.02; Skagit County; Washington","101375","13676",
"1400000US53057940403","Census Tract 9404.03; Skagit County; Washington","127143","3757",
"1400000US53057940500","Census Tract 9405; Skagit County; Washington","79000","8996",
"1400000US53057940600","Census Tract 9406; Skagit County; Washington","90083","18340",
"1400000US53057940700","Census Tract 9407; Skagit County; Washington","112188","15143",
"1400000US53057940801","Census Tract 9408.01; Skagit County; Washington","106771","4989",
"1400000US53057940802","Census Tract 9408.02; Skagit County; Washington","97143","13733",
"1400000US53057950100","Census Tract 9501; Skagit County; Washington","110833","21730",
"1400000US53057950801","Census Tract 9508.01; Skagit County; Washington","138750","52653",
"1400000US53057950802","Census Tract 9508.02; Skagit County; Washington","96328","46637",
"1400000US53057950803","Census Tract 9508.03; Skagit County; Washington","130074","19260",
"1400000US53057950900","Census Tract 9509; Skagit County; Washington","119868","17745",
"1400000US53057951000","Census Tract 9510; Skagit County; Washington","93451","17249",
"1400000US53057951101","Census Tract 9511.01; Skagit County; Washington","91000","36164",
"1400000US53057951102","Census Tract 9511.02; Skagit County; Washington","84572","7616",
"1400000US53057951200","Census Tract 9512; Skagit County; Washington","150250","23183",
"1400000US53057951300","Census Tract 9513; Skagit County; Washington","117639","23346",
"1400000US53057951400","Census Tract 9514; Skagit County; Washington","88239","13093",
"1400000US53057951501","Census Tract 9515.01; Skagit County; Washington","65230","28475",
"1400000US53057951502","Census Tract 9515.02; Skagit County; Washington","85594","4205",
"1400000US53057951503","Census Tract 9515.03; Skagit County; Washington","78594","16109",
"1400000US53057951600","Census Tract 9516; Skagit County; Washington","106970","12972",
"1400000US53057951700","Census Tract 9517; Skagit County; Washington","98996","18541",
"1400000US53057951800","Census Tract 9518; Skagit County; Washington","89554","16687",
"1400000US53057951900","Census Tract 9519; Skagit County; Washington","122873","18381",
"1400000US53057952100","Census Tract 9521; Skagit County; Washington","98833","14667",
"1400000US53057952200","Census Tract 9522; Skagit County; Washington","73241","16182",
"1400000US53057952301","Census Tract 9523.01; Skagit County; Washington","59725","5020",
"1400000US53057952303","Census Tract 9523.03; Skagit County; Washington","101163","43893",
"1400000US53057952304","Census Tract 9523.04; Skagit County; Washington","131732","11500",
"1400000US53057952401","Census Tract 9524.01; Skagit County; Washington","100402","11057",
"1400000US53057952403","Census Tract 9524.03; Skagit County; Washington","93395","12493",
"1400000US53057952404","Census Tract 9524.04; Skagit County; Washington","59282","25096",
"1400000US53057952405","Census Tract 9524.05; Skagit County; Washington","85426","31294",
"1400000US53057952500","Census Tract 9525; Skagit County; Washington","82614","29440",
"1400000US53057952600","Census Tract 9526; Skagit County; Washington","105625","20295",
"1400000US53057952700","Census Tract 9527; Skagit County; Washington","151691","29516",
"1400000US53057990100","Census Tract 9901; Skagit County; Washington","-","**",
"1400000US53059950100","Census Tract 9501; Skamania County; Washington","-","**",
"1400000US53059950200","Census Tract 9502; Skamania County; Washington","122596","13383",
"1400000US53059950300","Census Tract 9503; Skamania County; Washington","101653","15401",
"1400000US53059950400","Census Tract 9504; Skamania County; Washington","92813","15244",
"1400000US53059950500","Census Tract 9505; Skamania County; Washington","92566","6316",
"1400000US53061040100","Census Tract 401; Snohomish County; Washington","160227","33990",
"1400000US53061040200","Census Tract 402; Snohomish County; Washington","72622","8870",
"1400000US53061040300","Census Tract 403; Snohomish County; Washington","99265","8254",
"1400000US53061040400","Census Tract 404; Snohomish County; Washington","112561","27358",
"1400000US53061040500","Census Tract 405; Snohomish County; Washington","125000","25285",
"1400000US53061040700","Census Tract 407; Snohomish County; Washington","88563","26766",
"1400000US53061040800","Census Tract 408; Snohomish County; Washington","124167","37009",
"1400000US53061040900","Census Tract 409; Snohomish County; Washington","164583","25062",
"1400000US53061041000","Census Tract 410; Snohomish County; Washington","107798","25738",
"1400000US53061041100","Census Tract 411; Snohomish County; Washington","104833","22832",
"1400000US53061041201","Census Tract 412.01; Snohomish County; Washington","115625","20713",
"1400000US53061041202","Census Tract 412.02; Snohomish County; Washington","97604","29566",
"1400000US53061041301","Census Tract 413.01; Snohomish County; Washington","166730","13494",
"1400000US53061041303","Census Tract 413.03; Snohomish County; Washington","117232","17571",
"1400000US53061041304","Census Tract 413.04; Snohomish County; Washington","166583","28158",
"1400000US53061041400","Census Tract 414; Snohomish County; Washington","131110","11946",
"1400000US53061041500","Census Tract 415; Snohomish County; Washington","121958","21817",
"1400000US53061041601","Census Tract 416.01; Snohomish County; Washington","147601","12238",
"1400000US53061041605","Census Tract 416.05; Snohomish County; Washington","120036","10858",
"1400000US53061041606","Census Tract 416.06; Snohomish County; Washington","98094","38980",
"1400000US53061041607","Census Tract 416.07; Snohomish County; Washington","175706","17763",
"1400000US53061041609","Census Tract 416.09; Snohomish County; Washington","139182","9750",
"1400000US53061041610","Census Tract 416.10; Snohomish County; Washington","153352","15006",
"1400000US53061041701","Census Tract 417.01; Snohomish County; Washington","103500","24968",
"1400000US53061041703","Census Tract 417.03; Snohomish County; Washington","154058","19868",
"1400000US53061041704","Census Tract 417.04; Snohomish County; Washington","111176","51416",
"1400000US53061041805","Census Tract 418.05; Snohomish County; Washington","102532","11691",
"1400000US53061041808","Census Tract 418.08; Snohomish County; Washington","64929","15582",
"1400000US53061041809","Census Tract 418.09; Snohomish County; Washington","71531","19042",
"1400000US53061041810","Census Tract 418.10; Snohomish County; Washington","77758","32664",
"1400000US53061041812","Census Tract 418.12; Snohomish County; Washington","105000","24008",
"1400000US53061041813","Census Tract 418.13; Snohomish County; Washington","84508","14761",
"1400000US53061041814","Census Tract 418.14; Snohomish County; Washington","68487","42656",
"1400000US53061041815","Census Tract 418.15; Snohomish County; Washington","88571","24605",
"1400000US53061041816","Census Tract 418.16; Snohomish County; Washington","150029","11195",
"1400000US53061041901","Census Tract 419.01; Snohomish County; Washington","87500","35294",
"1400000US53061041904","Census Tract 419.04; Snohomish County; Washington","59504","12489",
"1400000US53061041905","Census Tract 419.05; Snohomish County; Washington","71885","28453",
"1400000US53061041906","Census Tract 419.06; Snohomish County; Washington","71977","15241",
"1400000US53061041907","Census Tract 419.07; Snohomish County; Washington","72961","24082",
"1400000US53061042001","Census Tract 420.01; Snohomish County; Washington","176912","15659",
"1400000US53061042003","Census Tract 420.03; Snohomish County; Washington","136304","12237",
"1400000US53061042004","Census Tract 420.04; Snohomish County; Washington","133024","26577",
"1400000US53061042005","Census Tract 420.05; Snohomish County; Washington","191600","23246",
"1400000US53061042006","Census Tract 420.06; Snohomish County; Washington","118929","40939",
"1400000US53061050101","Census Tract 501.01; Snohomish County; Washington","153047","15684",
"1400000US53061050102","Census Tract 501.02; Snohomish County; Washington","111938","21080",
"1400000US53061050200","Census Tract 502; Snohomish County; Washington","189583","29139",
"1400000US53061050300","Census Tract 503; Snohomish County; Washington","187656","38306",
"1400000US53061050402","Census Tract 504.02; Snohomish County; Washington","141458","24644",
"1400000US53061050403","Census Tract 504.03; Snohomish County; Washington","180625","54885",
"1400000US53061050404","Census Tract 504.04; Snohomish County; Washington","122313","32743",
"1400000US53061050501","Census Tract 505.01; Snohomish County; Washington","128250","9798",
"1400000US53061050502","Census Tract 505.02; Snohomish County; Washington","171111","43001",
"1400000US53061050600","Census Tract 506; Snohomish County; Washington","214375","18107",
"1400000US53061050700","Census Tract 507; Snohomish County; Washington","158370","54905",
"1400000US53061050800","Census Tract 508; Snohomish County; Washington","150299","18583",
"1400000US53061050900","Census Tract 509; Snohomish County; Washington","98214","15827",
"1400000US53061051000","Census Tract 510; Snohomish County; Washington","105829","8473",
"1400000US53061051100","Census Tract 511; Snohomish County; Washington","123929","27431",
"1400000US53061051200","Census Tract 512; Snohomish County; Washington","114676","13763",
"1400000US53061051301","Census Tract 513.01; Snohomish County; Washington","134892","19364",
"1400000US53061051302","Census Tract 513.02; Snohomish County; Washington","126506","45558",
"1400000US53061051401","Census Tract 514.01; Snohomish County; Washington","71143","4541",
"1400000US53061051402","Census Tract 514.02; Snohomish County; Washington","76985","20194",
"1400000US53061051500","Census Tract 515; Snohomish County; Washington","91895","27677",
"1400000US53061051601","Census Tract 516.01; Snohomish County; Washington","125185","19150",
"1400000US53061051602","Census Tract 516.02; Snohomish County; Washington","120441","25874",
"1400000US53061051701","Census Tract 517.01; Snohomish County; Washington","77118","29928",
"1400000US53061051702","Census Tract 517.02; Snohomish County; Washington","118906","25239",
"1400000US53061051802","Census Tract 518.02; Snohomish County; Washington","147420","12258",
"1400000US53061051803","Census Tract 518.03; Snohomish County; Washington","90956","22773",
"1400000US53061051804","Census Tract 518.04; Snohomish County; Washington","136300","22475",
"1400000US53061051912","Census Tract 519.12; Snohomish County; Washington","172031","21083",
"1400000US53061051913","Census Tract 519.13; Snohomish County; Washington","149537","25058",
"1400000US53061051914","Census Tract 519.14; Snohomish County; Washington","149183","35156",
"1400000US53061051916","Census Tract 519.16; Snohomish County; Washington","163846","25357",
"1400000US53061051917","Census Tract 519.17; Snohomish County; Washington","177762","33862",
"1400000US53061051918","Census Tract 519.18; Snohomish County; Washington","218657","71980",
"1400000US53061051921","Census Tract 519.21; Snohomish County; Washington","126207","15318",
"1400000US53061051922","Census Tract 519.22; Snohomish County; Washington","183828","36066",
"1400000US53061051926","Census Tract 519.26; Snohomish County; Washington","208053","10016",
"1400000US53061051927","Census Tract 519.27; Snohomish County; Washington","161051","24710",
"1400000US53061051928","Census Tract 519.28; Snohomish County; Washington","111627","9771",
"1400000US53061051929","Census Tract 519.29; Snohomish County; Washington","139271","35934",
"1400000US53061051930","Census Tract 519.30; Snohomish County; Washington","111985","13402",
"1400000US53061051931","Census Tract 519.31; Snohomish County; Washington","185288","25534",
"1400000US53061051932","Census Tract 519.32; Snohomish County; Washington","156932","28474",
"1400000US53061051933","Census Tract 519.33; Snohomish County; Washington","154271","47414",
"1400000US53061051934","Census Tract 519.34; Snohomish County; Washington","150568","20847",
"1400000US53061051935","Census Tract 519.35; Snohomish County; Washington","150750","17771",
"1400000US53061051936","Census Tract 519.36; Snohomish County; Washington","105980","29351",
"1400000US53061051937","Census Tract 519.37; Snohomish County; Washington","238929","28845",
"1400000US53061051938","Census Tract 519.38; Snohomish County; Washington","175417","62984",
"1400000US53061052004","Census Tract 520.04; Snohomish County; Washington","141450","39128",
"1400000US53061052005","Census Tract 520.05; Snohomish County; Washington","159770","17463",
"1400000US53061052006","Census Tract 520.06; Snohomish County; Washington","157569","29651",
"1400000US53061052007","Census Tract 520.07; Snohomish County; Washington","168512","20179",
"1400000US53061052008","Census Tract 520.08; Snohomish County; Washington","194261","26626",
"1400000US53061052009","Census Tract 520.09; Snohomish County; Washington","250,000+","***",
"1400000US53061052010","Census Tract 520.10; Snohomish County; Washington","151250","46846",
"1400000US53061052104","Census Tract 521.04; Snohomish County; Washington","130938","17482",
"1400000US53061052105","Census Tract 521.05; Snohomish County; Washington","141563","33750",
"1400000US53061052107","Census Tract 521.07; Snohomish County; Washington","215442","22196",
"1400000US53061052108","Census Tract 521.08; Snohomish County; Washington","180197","31149",
"1400000US53061052112","Census Tract 521.12; Snohomish County; Washington","208875","69089",
"1400000US53061052113","Census Tract 521.13; Snohomish County; Washington","162500","21515",
"1400000US53061052114","Census Tract 521.14; Snohomish County; Washington","194479","18531",
"1400000US53061052119","Census Tract 521.19; Snohomish County; Washington","145764","36471",
"1400000US53061052120","Census Tract 521.20; Snohomish County; Washington","158855","6914",
"1400000US53061052121","Census Tract 521.21; Snohomish County; Washington","179297","26557",
"1400000US53061052122","Census Tract 521.22; Snohomish County; Washington","181838","20170",
"1400000US53061052203","Census Tract 522.03; Snohomish County; Washington","159508","6859",
"1400000US53061052204","Census Tract 522.04; Snohomish County; Washington","108911","17399",
"1400000US53061052206","Census Tract 522.06; Snohomish County; Washington","203456","41533",
"1400000US53061052207","Census Tract 522.07; Snohomish County; Washington","154954","29441",
"1400000US53061052208","Census Tract 522.08; Snohomish County; Washington","90450","15006",
"1400000US53061052210","Census Tract 522.10; Snohomish County; Washington","110162","13274",
"1400000US53061052211","Census Tract 522.11; Snohomish County; Washington","73517","16274",
"1400000US53061052301","Census Tract 523.01; Snohomish County; Washington","147065","38615",
"1400000US53061052302","Census Tract 523.02; Snohomish County; Washington","177589","24033",
"1400000US53061052401","Census Tract 524.01; Snohomish County; Washington","103785","10728",
"1400000US53061052402","Census Tract 524.02; Snohomish County; Washington","106174","22923",
"1400000US53061052502","Census Tract 525.02; Snohomish County; Washington","134702","12831",
"1400000US53061052504","Census Tract 525.04; Snohomish County; Washington","148750","32295",
"1400000US53061052505","Census Tract 525.05; Snohomish County; Washington","121649","8171",
"1400000US53061052506","Census Tract 525.06; Snohomish County; Washington","104003","11693",
"1400000US53061052603","Census Tract 526.03; Snohomish County; Washington","150804","31775",
"1400000US53061052604","Census Tract 526.04; Snohomish County; Washington","142156","33733",
"1400000US53061052605","Census Tract 526.05; Snohomish County; Washington","139798","27223",
"1400000US53061052606","Census Tract 526.06; Snohomish County; Washington","157917","34933",
"1400000US53061052607","Census Tract 526.07; Snohomish County; Washington","143247","15144",
"1400000US53061052701","Census Tract 527.01; Snohomish County; Washington","140179","37013",
"1400000US53061052706","Census Tract 527.06; Snohomish County; Washington","117688","21041",
"1400000US53061052707","Census Tract 527.07; Snohomish County; Washington","118125","29151",
"1400000US53061052708","Census Tract 527.08; Snohomish County; Washington","131783","5671",
"1400000US53061052709","Census Tract 527.09; Snohomish County; Washington","124519","25350",
"1400000US53061052710","Census Tract 527.10; Snohomish County; Washington","121535","16364",
"1400000US53061052711","Census Tract 527.11; Snohomish County; Washington","128261","17487",
"1400000US53061052803","Census Tract 528.03; Snohomish County; Washington","115333","13214",
"1400000US53061052805","Census Tract 528.05; Snohomish County; Washington","103229","15469",
"1400000US53061052807","Census Tract 528.07; Snohomish County; Washington","94412","12254",
"1400000US53061052808","Census Tract 528.08; Snohomish County; Washington","121875","41068",
"1400000US53061052809","Census Tract 528.09; Snohomish County; Washington","108608","24145",
"1400000US53061052810","Census Tract 528.10; Snohomish County; Washington","124567","5170",
"1400000US53061052903","Census Tract 529.03; Snohomish County; Washington","76146","20175",
"1400000US53061052904","Census Tract 529.04; Snohomish County; Washington","101998","10356",
"1400000US53061052905","Census Tract 529.05; Snohomish County; Washington","71677","5655",
"1400000US53061052906","Census Tract 529.06; Snohomish County; Washington","108203","15248",
"1400000US53061053101","Census Tract 531.01; Snohomish County; Washington","116212","21633",
"1400000US53061053102","Census Tract 531.02; Snohomish County; Washington","85619","7444",
"1400000US53061053201","Census Tract 532.01; Snohomish County; Washington","128242","21837",
"1400000US53061053202","Census Tract 532.02; Snohomish County; Washington","124643","16962",
"1400000US53061053301","Census Tract 533.01; Snohomish County; Washington","110921","23261",
"1400000US53061053302","Census Tract 533.02; Snohomish County; Washington","116754","20594",
"1400000US53061053400","Census Tract 534; Snohomish County; Washington","119878","7943",
"1400000US53061053505","Census Tract 535.05; Snohomish County; Washington","113914","14473",
"1400000US53061053506","Census Tract 535.06; Snohomish County; Washington","102775","17439",
"1400000US53061053507","Census Tract 535.07; Snohomish County; Washington","140841","17242",
"1400000US53061053508","Census Tract 535.08; Snohomish County; Washington","123207","29059",
"1400000US53061053509","Census Tract 535.09; Snohomish County; Washington","80525","24005",
"1400000US53061053510","Census Tract 535.10; Snohomish County; Washington","93993","18780",
"1400000US53061053511","Census Tract 535.11; Snohomish County; Washington","71696","39815",
"1400000US53061053603","Census Tract 536.03; Snohomish County; Washington","136528","30028",
"1400000US53061053604","Census Tract 536.04; Snohomish County; Washington","115891","12900",
"1400000US53061053605","Census Tract 536.05; Snohomish County; Washington","153173","56451",
"1400000US53061053606","Census Tract 536.06; Snohomish County; Washington","155694","55347",
"1400000US53061053700","Census Tract 537; Snohomish County; Washington","103798","20503",
"1400000US53061053801","Census Tract 538.01; Snohomish County; Washington","106719","21484",
"1400000US53061053802","Census Tract 538.02; Snohomish County; Washington","114787","18105",
"1400000US53061053803","Census Tract 538.03; Snohomish County; Washington","94385","13193",
"1400000US53061940001","Census Tract 9400.01; Snohomish County; Washington","111316","7028",
"1400000US53061940002","Census Tract 9400.02; Snohomish County; Washington","117500","10345",
"1400000US53061990002","Census Tract 9900.02; Snohomish County; Washington","-","**",
"1400000US53061990100","Census Tract 9901; Snohomish County; Washington","-","**",
"1400000US53063000201","Census Tract 2.01; Spokane County; Washington","55500","11830",
"1400000US53063000202","Census Tract 2.02; Spokane County; Washington","-","**",
"1400000US53063000301","Census Tract 3.01; Spokane County; Washington","52543","22404",
"1400000US53063000302","Census Tract 3.02; Spokane County; Washington","76875","31189",
"1400000US53063000400","Census Tract 4; Spokane County; Washington","64491","13855",
"1400000US53063000500","Census Tract 5; Spokane County; Washington","69093","10105",
"1400000US53063000600","Census Tract 6; Spokane County; Washington","75750","22925",
"1400000US53063000700","Census Tract 7; Spokane County; Washington","87615","20304",
"1400000US53063000800","Census Tract 8; Spokane County; Washington","119832","16656",
"1400000US53063000900","Census Tract 9; Spokane County; Washington","89107","15371",
"1400000US53063001000","Census Tract 10; Spokane County; Washington","102361","17924",
"1400000US53063001100","Census Tract 11; Spokane County; Washington","93958","29787",
"1400000US53063001200","Census Tract 12; Spokane County; Washington","71813","14193",
"1400000US53063001300","Census Tract 13; Spokane County; Washington","94957","16142",
"1400000US53063001400","Census Tract 14; Spokane County; Washington","57427","7018",
"1400000US53063001500","Census Tract 15; Spokane County; Washington","62350","17334",
"1400000US53063001600","Census Tract 16; Spokane County; Washington","52202","15503",
"1400000US53063001800","Census Tract 18; Spokane County; Washington","68017","17440",
"1400000US53063001900","Census Tract 19; Spokane County; Washington","80700","14277",
"1400000US53063002000","Census Tract 20; Spokane County; Washington","46737","5800",
"1400000US53063002100","Census Tract 21; Spokane County; Washington","88733","4390",
"1400000US53063002300","Census Tract 23; Spokane County; Washington","97396","23713",
"1400000US53063002400","Census Tract 24; Spokane County; Washington","47857","13156",
"1400000US53063002501","Census Tract 25.01; Spokane County; Washington","57059","18726",
"1400000US53063002502","Census Tract 25.02; Spokane County; Washington","81271","12811",
"1400000US53063002503","Census Tract 25.03; Spokane County; Washington","-","**",
"1400000US53063002600","Census Tract 26; Spokane County; Washington","66935","7086",
"1400000US53063002900","Census Tract 29; Spokane County; Washington","91625","35752",
"1400000US53063003000","Census Tract 30; Spokane County; Washington","77143","17414",
"1400000US53063003100","Census Tract 31; Spokane County; Washington","100265","18423",
"1400000US53063003200","Census Tract 32; Spokane County; Washington","108068","9509",
"1400000US53063003500","Census Tract 35; Spokane County; Washington","49036","41007",
"1400000US53063003601","Census Tract 36.01; Spokane County; Washington","60426","15780",
"1400000US53063003602","Census Tract 36.02; Spokane County; Washington","83654","33270",
"1400000US53063003800","Census Tract 38; Spokane County; Washington","97404","18644",
"1400000US53063003900","Census Tract 39; Spokane County; Washington","127813","37687",
"1400000US53063004001","Census Tract 40.01; Spokane County; Washington","78455","4712",
"1400000US53063004002","Census Tract 40.02; Spokane County; Washington","65938","41470",
"1400000US53063004100","Census Tract 41; Spokane County; Washington","122813","16628",
"1400000US53063004200","Census Tract 42; Spokane County; Washington","133828","21505",
"1400000US53063004300","Census Tract 43; Spokane County; Washington","116615","12364",
"1400000US53063004400","Census Tract 44; Spokane County; Washington","101295","26715",
"1400000US53063004500","Census Tract 45; Spokane County; Washington","135833","39546",
"1400000US53063004601","Census Tract 46.01; Spokane County; Washington","87361","5224",
"1400000US53063004602","Census Tract 46.02; Spokane County; Washington","120139","24323",
"1400000US53063004701","Census Tract 47.01; Spokane County; Washington","73604","9998",
"1400000US53063004702","Census Tract 47.02; Spokane County; Washington","117981","11393",
"1400000US53063004800","Census Tract 48; Spokane County; Washington","97269","47339",
"1400000US53063004900","Census Tract 49; Spokane County; Washington","135833","13392",
"1400000US53063005000","Census Tract 50; Spokane County; Washington","170048","52125",
"1400000US53063010101","Census Tract 101.01; Spokane County; Washington","126250","21393",
"1400000US53063010102","Census Tract 101.02; Spokane County; Washington","122500","42780",
"1400000US53063010201","Census Tract 102.01; Spokane County; Washington","72870","20364",
"1400000US53063010203","Census Tract 102.03; Spokane County; Washington","151108","8582",
"1400000US53063010204","Census Tract 102.04; Spokane County; Washington","116528","27847",
"1400000US53063010301","Census Tract 103.01; Spokane County; Washington","71467","14356",
"1400000US53063010303","Census Tract 103.03; Spokane County; Washington","99415","27531",
"1400000US53063010304","Census Tract 103.04; Spokane County; Washington","65694","19528",
"1400000US53063010305","Census Tract 103.05; Spokane County; Washington","123105","4802",
"1400000US53063010401","Census Tract 104.01; Spokane County; Washington","57946","17941",
"1400000US53063010403","Census Tract 104.03; Spokane County; Washington","94310","19545",
"1400000US53063010404","Census Tract 104.04; Spokane County; Washington","116741","25218",
"1400000US53063010504","Census Tract 105.04; Spokane County; Washington","113919","16426",
"1400000US53063010505","Census Tract 105.05; Spokane County; Washington","125764","26605",
"1400000US53063010506","Census Tract 105.06; Spokane County; Washington","100825","20063",
"1400000US53063010507","Census Tract 105.07; Spokane County; Washington","98672","6338",
"1400000US53063010508","Census Tract 105.08; Spokane County; Washington","161146","39212",
"1400000US53063010601","Census Tract 106.01; Spokane County; Washington","121250","23096",
"1400000US53063010603","Census Tract 106.03; Spokane County; Washington","112256","21357",
"1400000US53063010604","Census Tract 106.04; Spokane County; Washington","125161","20069",
"1400000US53063010701","Census Tract 107.01; Spokane County; Washington","144896","30487",
"1400000US53063010702","Census Tract 107.02; Spokane County; Washington","158214","27633",
"1400000US53063010800","Census Tract 108; Spokane County; Washington","86250","14743",
"1400000US53063010901","Census Tract 109.01; Spokane County; Washington","100756","17764",
"1400000US53063010902","Census Tract 109.02; Spokane County; Washington","98750","22953",
"1400000US53063011000","Census Tract 110; Spokane County; Washington","91250","12951",
"1400000US53063011102","Census Tract 111.02; Spokane County; Washington","71897","8175",
"1400000US53063011103","Census Tract 111.03; Spokane County; Washington","79805","28240",
"1400000US53063011104","Census Tract 111.04; Spokane County; Washington","67571","24462",
"1400000US53063011202","Census Tract 112.02; Spokane County; Washington","75337","13080",
"1400000US53063011203","Census Tract 112.03; Spokane County; Washington","56974","23256",
"1400000US53063011204","Census Tract 112.04; Spokane County; Washington","79278","12294",
"1400000US53063011301","Census Tract 113.01; Spokane County; Washington","112130","12112",
"1400000US53063011302","Census Tract 113.02; Spokane County; Washington","115564","20202",
"1400000US53063011400","Census Tract 114; Spokane County; Washington","104267","15866",
"1400000US53063011500","Census Tract 115; Spokane County; Washington","87188","28510",
"1400000US53063011600","Census Tract 116; Spokane County; Washington","89896","8952",
"1400000US53063011701","Census Tract 117.01; Spokane County; Washington","96641","28902",
"1400000US53063011702","Census Tract 117.02; Spokane County; Washington","73580","19342",
"1400000US53063011800","Census Tract 118; Spokane County; Washington","70305","10621",
"1400000US53063011900","Census Tract 119; Spokane County; Washington","59539","9222",
"1400000US53063012000","Census Tract 120; Spokane County; Washington","68194","28800",
"1400000US53063012100","Census Tract 121; Spokane County; Washington","78182","32671",
"1400000US53063012200","Census Tract 122; Spokane County; Washington","75174","8580",
"1400000US53063012300","Census Tract 123; Spokane County; Washington","61335","12006",
"1400000US53063012401","Census Tract 124.01; Spokane County; Washington","124566","15210",
"1400000US53063012402","Census Tract 124.02; Spokane County; Washington","135229","6564",
"1400000US53063012500","Census Tract 125; Spokane County; Washington","73203","15596",
"1400000US53063012600","Census Tract 126; Spokane County; Washington","78258","16084",
"1400000US53063012701","Census Tract 127.01; Spokane County; Washington","77272","4187",
"1400000US53063012702","Census Tract 127.02; Spokane County; Washington","84004","9584",
"1400000US53063012801","Census Tract 128.01; Spokane County; Washington","84107","20706",
"1400000US53063012802","Census Tract 128.02; Spokane County; Washington","99348","19776",
"1400000US53063012901","Census Tract 129.01; Spokane County; Washington","75559","11124",
"1400000US53063012902","Census Tract 129.02; Spokane County; Washington","111366","31773",
"1400000US53063013001","Census Tract 130.01; Spokane County; Washington","140875","55623",
"1400000US53063013002","Census Tract 130.02; Spokane County; Washington","53883","15519",
"1400000US53063013003","Census Tract 130.03; Spokane County; Washington","141402","32610",
"1400000US53063013101","Census Tract 131.01; Spokane County; Washington","111043","16550",
"1400000US53063013102","Census Tract 131.02; Spokane County; Washington","101500","20561",
"1400000US53063013201","Census Tract 132.01; Spokane County; Washington","78750","16308",
"1400000US53063013203","Census Tract 132.03; Spokane County; Washington","98891","20157",
"1400000US53063013204","Census Tract 132.04; Spokane County; Washington","160375","32049",
"1400000US53063013205","Census Tract 132.05; Spokane County; Washington","126327","65657",
"1400000US53063013300","Census Tract 133; Spokane County; Washington","149583","14553",
"1400000US53063013401","Census Tract 134.01; Spokane County; Washington","145227","27181",
"1400000US53063013501","Census Tract 135.01; Spokane County; Washington","105775","13516",
"1400000US53063013502","Census Tract 135.02; Spokane County; Washington","175042","46018",
"1400000US53063013503","Census Tract 135.03; Spokane County; Washington","168750","22928",
"1400000US53063013600","Census Tract 136; Spokane County; Washington","88095","15558",
"1400000US53063013700","Census Tract 137; Spokane County; Washington","85337","9852",
"1400000US53063013800","Census Tract 138; Spokane County; Washington","70132","2925",
"1400000US53063013900","Census Tract 139; Spokane County; Washington","93946","16418",
"1400000US53063014001","Census Tract 140.01; Spokane County; Washington","68864","31959",
"1400000US53063014002","Census Tract 140.02; Spokane County; Washington","77891","14482",
"1400000US53063014100","Census Tract 141; Spokane County; Washington","105266","13653",
"1400000US53063014200","Census Tract 142; Spokane County; Washington","100956","25109",
"1400000US53063014300","Census Tract 143; Spokane County; Washington","91591","14155",
"1400000US53063014400","Census Tract 144; Spokane County; Washington","78722","10220",
"1400000US53063014500","Census Tract 145; Spokane County; Washington","67000","28052",
"1400000US53065941000","Census Tract 9410; Stevens County; Washington","57813","11255",
"1400000US53065950101","Census Tract 9501.01; Stevens County; Washington","62337","18819",
"1400000US53065950102","Census Tract 9501.02; Stevens County; Washington","84167","17504",
"1400000US53065950200","Census Tract 9502; Stevens County; Washington","91420","21807",
"1400000US53065950300","Census Tract 9503; Stevens County; Washington","89107","24917",
"1400000US53065950500","Census Tract 9505; Stevens County; Washington","60000","18561",
"1400000US53065950600","Census Tract 9506; Stevens County; Washington","95147","15098",
"1400000US53065950700","Census Tract 9507; Stevens County; Washington","75066","30257",
"1400000US53065950800","Census Tract 9508; Stevens County; Washington","93269","17848",
"1400000US53065950900","Census Tract 9509; Stevens County; Washington","62308","5234",
"1400000US53065951100","Census Tract 9511; Stevens County; Washington","68684","16513",
"1400000US53065951301","Census Tract 9513.01; Stevens County; Washington","89602","16219",
"1400000US53065951302","Census Tract 9513.02; Stevens County; Washington","107717","47560",
"1400000US53065951401","Census Tract 9514.01; Stevens County; Washington","75051","12087",
"1400000US53065951402","Census Tract 9514.02; Stevens County; Washington","113221","16175",
"1400000US53067010100","Census Tract 101; Thurston County; Washington","98867","30898",
"1400000US53067010200","Census Tract 102; Thurston County; Washington","131912","24265",
"1400000US53067010300","Census Tract 103; Thurston County; Washington","110151","12898",
"1400000US53067010400","Census Tract 104; Thurston County; Washington","136948","6920",
"1400000US53067010510","Census Tract 105.10; Thurston County; Washington","64405","16380",
"1400000US53067010520","Census Tract 105.20; Thurston County; Washington","59867","5393",
"1400000US53067010600","Census Tract 106; Thurston County; Washington","76715","25413",
"1400000US53067010700","Census Tract 107; Thurston County; Washington","134155","26814",
"1400000US53067010801","Census Tract 108.01; Thurston County; Washington","63224","27627",
"1400000US53067010802","Census Tract 108.02; Thurston County; Washington","96172","21766",
"1400000US53067010910","Census Tract 109.10; Thurston County; Washington","114870","29121",
"1400000US53067010920","Census Tract 109.20; Thurston County; Washington","111385","11195",
"1400000US53067011000","Census Tract 110; Thurston County; Washington","143882","35529",
"1400000US53067011100","Census Tract 111; Thurston County; Washington","107000","21882",
"1400000US53067011200","Census Tract 112; Thurston County; Washington","63427","55423",
"1400000US53067011300","Census Tract 113; Thurston County; Washington","84030","42180",
"1400000US53067011410","Census Tract 114.10; Thurston County; Washington","84315","12265",
"1400000US53067011421","Census Tract 114.21; Thurston County; Washington","115257","13513",
"1400000US53067011422","Census Tract 114.22; Thurston County; Washington","122619","20766",
"1400000US53067011500","Census Tract 115; Thurston County; Washington","113294","16715",
"1400000US53067011622","Census Tract 116.22; Thurston County; Washington","97480","17287",
"1400000US53067011623","Census Tract 116.23; Thurston County; Washington","115456","12189",
"1400000US53067011624","Census Tract 116.24; Thurston County; Washington","121927","10173",
"1400000US53067011625","Census Tract 116.25; Thurston County; Washington","113488","17873",
"1400000US53067011626","Census Tract 116.26; Thurston County; Washington","115162","15734",
"1400000US53067011627","Census Tract 116.27; Thurston County; Washington","93987","15810",
"1400000US53067011628","Census Tract 116.28; Thurston County; Washington","123493","18828",
"1400000US53067011720","Census Tract 117.20; Thurston County; Washington","121328","14060",
"1400000US53067011721","Census Tract 117.21; Thurston County; Washington","132171","16083",
"1400000US53067011722","Census Tract 117.22; Thurston County; Washington","130433","19568",
"1400000US53067011810","Census Tract 118.10; Thurston County; Washington","152632","10028",
"1400000US53067011821","Census Tract 118.21; Thurston County; Washington","83625","25868",
"1400000US53067011822","Census Tract 118.22; Thurston County; Washington","115568","20624",
"1400000US53067011901","Census Tract 119.01; Thurston County; Washington","115417","34866",
"1400000US53067011902","Census Tract 119.02; Thurston County; Washington","131042","16569",
"1400000US53067012001","Census Tract 120.01; Thurston County; Washington","133458","23711",
"1400000US53067012002","Census Tract 120.02; Thurston County; Washington","171335","15478",
"1400000US53067012100","Census Tract 121; Thurston County; Washington","136837","11731",
"1400000US53067012211","Census Tract 122.11; Thurston County; Washington","151944","30781",
"1400000US53067012221","Census Tract 122.21; Thurston County; Washington","111597","16531",
"1400000US53067012223","Census Tract 122.23; Thurston County; Washington","70642","21682",
"1400000US53067012224","Census Tract 122.24; Thurston County; Washington","94414","20944",
"1400000US53067012225","Census Tract 122.25; Thurston County; Washington","135618","20119",
"1400000US53067012226","Census Tract 122.26; Thurston County; Washington","115048","10848",
"1400000US53067012320","Census Tract 123.20; Thurston County; Washington","97043","30448",
"1400000US53067012330","Census Tract 123.30; Thurston County; Washington","78605","30062",
"1400000US53067012331","Census Tract 123.31; Thurston County; Washington","108381","14828",
"1400000US53067012332","Census Tract 123.32; Thurston County; Washington","111438","42994",
"1400000US53067012412","Census Tract 124.12; Thurston County; Washington","94921","27524",
"1400000US53067012420","Census Tract 124.20; Thurston County; Washington","134583","23106",
"1400000US53067012421","Census Tract 124.21; Thurston County; Washington","121250","16537",
"1400000US53067012422","Census Tract 124.22; Thurston County; Washington","85160","14685",
"1400000US53067012510","Census Tract 125.10; Thurston County; Washington","100101","12826",
"1400000US53067012530","Census Tract 125.30; Thurston County; Washington","104451","4656",
"1400000US53067012531","Census Tract 125.31; Thurston County; Washington","102000","19982",
"1400000US53067012532","Census Tract 125.32; Thurston County; Washington","134167","24510",
"1400000US53067012610","Census Tract 126.10; Thurston County; Washington","132863","19621",
"1400000US53067012620","Census Tract 126.20; Thurston County; Washington","93077","7941",
"1400000US53067012710","Census Tract 127.10; Thurston County; Washington","120050","10068",
"1400000US53067012720","Census Tract 127.20; Thurston County; Washington","96265","6721",
"1400000US53067012730","Census Tract 127.30; Thurston County; Washington","104583","22634",
"1400000US53067990100","Census Tract 9901; Thurston County; Washington","-","**",
"1400000US53069950100","Census Tract 9501; Wahkiakum County; Washington","65982","13786",
"1400000US53071920000","Census Tract 9200; Walla Walla County; Washington","92470","9332",
"1400000US53071920100","Census Tract 9201; Walla Walla County; Washington","103476","5549",
"1400000US53071920200","Census Tract 9202; Walla Walla County; Washington","99348","32362",
"1400000US53071920301","Census Tract 9203.01; Walla Walla County; Washington","108929","21407",
"1400000US53071920302","Census Tract 9203.02; Walla Walla County; Washington","68672","23303",
"1400000US53071920400","Census Tract 9204; Walla Walla County; Washington","-","**",
"1400000US53071920500","Census Tract 9205; Walla Walla County; Washington","66875","17995",
"1400000US53071920600","Census Tract 9206; Walla Walla County; Washington","69766","28065",
"1400000US53071920701","Census Tract 9207.01; Walla Walla County; Washington","70031","11284",
"1400000US53071920702","Census Tract 9207.02; Walla Walla County; Washington","111359","31371",
"1400000US53071920801","Census Tract 9208.01; Walla Walla County; Washington","93088","13088",
"1400000US53071920802","Census Tract 9208.02; Walla Walla County; Washington","99688","42534",
"1400000US53071920901","Census Tract 9209.01; Walla Walla County; Washington","103333","28791",
"1400000US53071920902","Census Tract 9209.02; Walla Walla County; Washington","130938","28128",
"1400000US53073000101","Census Tract 1.01; Whatcom County; Washington","120041","33158",
"1400000US53073000102","Census Tract 1.02; Whatcom County; Washington","87429","33685",
"1400000US53073000201","Census Tract 2.01; Whatcom County; Washington","59327","23951",
"1400000US53073000202","Census Tract 2.02; Whatcom County; Washington","71760","25535",
"1400000US53073000203","Census Tract 2.03; Whatcom County; Washington","81376","6348",
"1400000US53073000301","Census Tract 3.01; Whatcom County; Washington","68357","16429",
"1400000US53073000302","Census Tract 3.02; Whatcom County; Washington","61950","20641",
"1400000US53073000401","Census Tract 4.01; Whatcom County; Washington","111250","17735",
"1400000US53073000402","Census Tract 4.02; Whatcom County; Washington","122386","19069",
"1400000US53073000501","Census Tract 5.01; Whatcom County; Washington","113939","27575",
"1400000US53073000502","Census Tract 5.02; Whatcom County; Washington","109148","34788",
"1400000US53073000600","Census Tract 6; Whatcom County; Washington","50510","21472",
"1400000US53073000700","Census Tract 7; Whatcom County; Washington","68722","8869",
"1400000US53073000803","Census Tract 8.03; Whatcom County; Washington","106797","11354",
"1400000US53073000804","Census Tract 8.04; Whatcom County; Washington","118093","17841",
"1400000US53073000805","Census Tract 8.05; Whatcom County; Washington","133141","31030",
"1400000US53073000807","Census Tract 8.07; Whatcom County; Washington","120293","42997",
"1400000US53073000808","Census Tract 8.08; Whatcom County; Washington","119583","10539",
"1400000US53073000809","Census Tract 8.09; Whatcom County; Washington","117957","19822",
"1400000US53073000902","Census Tract 9.02; Whatcom County; Washington","153026","25186",
"1400000US53073000903","Census Tract 9.03; Whatcom County; Washington","62021","19940",
"1400000US53073000904","Census Tract 9.04; Whatcom County; Washington","154931","23518",
"1400000US53073001000","Census Tract 10; Whatcom County; Washington","98702","95984",
"1400000US53073001101","Census Tract 11.01; Whatcom County; Washington","150536","41940",
"1400000US53073001102","Census Tract 11.02; Whatcom County; Washington","177109","73914",
"1400000US53073001202","Census Tract 12.02; Whatcom County; Washington","124258","15334",
"1400000US53073001203","Census Tract 12.03; Whatcom County; Washington","120556","17991",
"1400000US53073001204","Census Tract 12.04; Whatcom County; Washington","-","**",
"1400000US53073010101","Census Tract 101.01; Whatcom County; Washington","93050","15742",
"1400000US53073010102","Census Tract 101.02; Whatcom County; Washington","68125","25268",
"1400000US53073010103","Census Tract 101.03; Whatcom County; Washington","70250","56102",
"1400000US53073010201","Census Tract 102.01; Whatcom County; Washington","109000","19138",
"1400000US53073010202","Census Tract 102.02; Whatcom County; Washington","97200","12232",
"1400000US53073010301","Census Tract 103.01; Whatcom County; Washington","105056","9516",
"1400000US53073010302","Census Tract 103.02; Whatcom County; Washington","93605","10060",
"1400000US53073010303","Census Tract 103.03; Whatcom County; Washington","119420","8804",
"1400000US53073010405","Census Tract 104.05; Whatcom County; Washington","96806","35723",
"1400000US53073010406","Census Tract 104.06; Whatcom County; Washington","93036","14226",
"1400000US53073010407","Census Tract 104.07; Whatcom County; Washington","115167","22513",
"1400000US53073010408","Census Tract 104.08; Whatcom County; Washington","101875","33370",
"1400000US53073010409","Census Tract 104.09; Whatcom County; Washington","85441","14993",
"1400000US53073010410","Census Tract 104.10; Whatcom County; Washington","74858","14635",
"1400000US53073010411","Census Tract 104.11; Whatcom County; Washington","83208","19553",
"1400000US53073010503","Census Tract 105.03; Whatcom County; Washington","130417","21105",
"1400000US53073010504","Census Tract 105.04; Whatcom County; Washington","101128","18013",
"1400000US53073010505","Census Tract 105.05; Whatcom County; Washington","102857","19168",
"1400000US53073010506","Census Tract 105.06; Whatcom County; Washington","77247","21543",
"1400000US53073010600","Census Tract 106; Whatcom County; Washington","133476","20887",
"1400000US53073010701","Census Tract 107.01; Whatcom County; Washington","129091","29811",
"1400000US53073010702","Census Tract 107.02; Whatcom County; Washington","83420","17325",
"1400000US53073010900","Census Tract 109; Whatcom County; Washington","91875","16542",
"1400000US53073011000","Census Tract 110; Whatcom County; Washington","114554","53778",
"1400000US53073940001","Census Tract 9400.01; Whatcom County; Washington","93250","16843",
"1400000US53073940002","Census Tract 9400.02; Whatcom County; Washington","68806","2729",
"1400000US53075000100","Census Tract 1; Whitman County; Washington","34750","10306",
"1400000US53075000201","Census Tract 2.01; Whitman County; Washington","97773","26753",
"1400000US53075000202","Census Tract 2.02; Whitman County; Washington","77500","16422",
"1400000US53075000300","Census Tract 3; Whitman County; Washington","97218","11585",
"1400000US53075000400","Census Tract 4; Whitman County; Washington","125000","30378",
"1400000US53075000500","Census Tract 5; Whitman County; Washington","-","**",
"1400000US53075000601","Census Tract 6.01; Whitman County; Washington","-","**",
"1400000US53075000602","Census Tract 6.02; Whitman County; Washington","-","**",
"1400000US53075000700","Census Tract 7; Whitman County; Washington","93527","7398",
"1400000US53075000800","Census Tract 8; Whitman County; Washington","80846","19559",
"1400000US53075000900","Census Tract 9; Whitman County; Washington","70813","7387",
"1400000US53075001000","Census Tract 10; Whitman County; Washington","92576","10481",
"1400000US53077000100","Census Tract 1; Yakima County; Washington","60168","11108",
"1400000US53077000200","Census Tract 2; Yakima County; Washington","43241","7288",
"1400000US53077000301","Census Tract 3.01; Yakima County; Washington","55237","13761",
"1400000US53077000302","Census Tract 3.02; Yakima County; Washington","61565","8491",
"1400000US53077000401","Census Tract 4.01; Yakima County; Washington","102900","20225",
"1400000US53077000402","Census Tract 4.02; Yakima County; Washington","109940","38840",
"1400000US53077000500","Census Tract 5; Yakima County; Washington","76728","7334",
"1400000US53077000600","Census Tract 6; Yakima County; Washington","39455","7345",
"1400000US53077000700","Census Tract 7; Yakima County; Washington","56403","16588",
"1400000US53077000800","Census Tract 8; Yakima County; Washington","106361","11280",
"1400000US53077000902","Census Tract 9.02; Yakima County; Washington","64632","13420",
"1400000US53077000903","Census Tract 9.03; Yakima County; Washington","70000","16214",
"1400000US53077000904","Census Tract 9.04; Yakima County; Washington","95871","9555",
"1400000US53077001000","Census Tract 10; Yakima County; Washington","81830","26445",
"1400000US53077001100","Census Tract 11; Yakima County; Washington","86206","13352",
"1400000US53077001201","Census Tract 12.01; Yakima County; Washington","55781","22736",
"1400000US53077001202","Census Tract 12.02; Yakima County; Washington","72558","35481",
"1400000US53077001300","Census Tract 13; Yakima County; Washington","72348","17081",
"1400000US53077001400","Census Tract 14; Yakima County; Washington","59394","24766",
"1400000US53077001502","Census Tract 15.02; Yakima County; Washington","47250","8597",
"1400000US53077001503","Census Tract 15.03; Yakima County; Washington","38845","11131",
"1400000US53077001504","Census Tract 15.04; Yakima County; Washington","46976","4943",
"1400000US53077001601","Census Tract 16.01; Yakima County; Washington","111576","18030",
"1400000US53077001602","Census Tract 16.02; Yakima County; Washington","100307","9108",
"1400000US53077001701","Census Tract 17.01; Yakima County; Washington","100172","32682",
"1400000US53077001702","Census Tract 17.02; Yakima County; Washington","96421","17685",
"1400000US53077001801","Census Tract 18.01; Yakima County; Washington","80160","18515",
"1400000US53077001802","Census Tract 18.02; Yakima County; Washington","74205","17090",
"1400000US53077001901","Census Tract 19.01; Yakima County; Washington","53333","34966",
"1400000US53077001902","Census Tract 19.02; Yakima County; Washington","53348","1905",
"1400000US53077002003","Census Tract 20.03; Yakima County; Washington","46556","10638",
"1400000US53077002004","Census Tract 20.04; Yakima County; Washington","76607","39255",
"1400000US53077002005","Census Tract 20.05; Yakima County; Washington","53785","8311",
"1400000US53077002006","Census Tract 20.06; Yakima County; Washington","68399","9368",
"1400000US53077002101","Census Tract 21.01; Yakima County; Washington","87740","14761",
"1400000US53077002103","Census Tract 21.03; Yakima County; Washington","38614","10904",
"1400000US53077002104","Census Tract 21.04; Yakima County; Washington","70542","21831",
"1400000US53077002201","Census Tract 22.01; Yakima County; Washington","84591","20541",
"1400000US53077002202","Census Tract 22.02; Yakima County; Washington","89931","43519",
"1400000US53077002701","Census Tract 27.01; Yakima County; Washington","63295","16560",
"1400000US53077002801","Census Tract 28.01; Yakima County; Washington","108750","12131",
"1400000US53077002803","Census Tract 28.03; Yakima County; Washington","114632","10135",
"1400000US53077002804","Census Tract 28.04; Yakima County; Washington","95577","22138",
"1400000US53077002900","Census Tract 29; Yakima County; Washington","77500","25637",
"1400000US53077003002","Census Tract 30.02; Yakima County; Washington","76081","6261",
"1400000US53077003003","Census Tract 30.03; Yakima County; Washington","87431","21349",
"1400000US53077003004","Census Tract 30.04; Yakima County; Washington","83879","8993",
"1400000US53077003100","Census Tract 31; Yakima County; Washington","92750","21932",
"1400000US53077003200","Census Tract 32; Yakima County; Washington","103069","13836",
"1400000US53077003400","Census Tract 34; Yakima County; Washington","126831","14214",
"1400000US53077940001","Census Tract 9400.01; Yakima County; Washington","74271","11469",
"1400000US53077940002","Census Tract 9400.02; Yakima County; Washington","68125","11934",
"1400000US53077940003","Census Tract 9400.03; Yakima County; Washington","90938","20142",
"1400000US53077940005","Census Tract 9400.05; Yakima County; Washington","77745","12563",
"1400000US53077940006","Census Tract 9400.06; Yakima County; Washington","64973","14217",
"1400000US53077940007","Census Tract 9400.07; Yakima County; Washington","51700","4482",
"1400000US53077940008","Census Tract 9400.08; Yakima County; Washington","64286","33558",
